channel,freq_hz,n_day,n_night,t_stat,p_value,effect_g,power,mean_day,mean_night,q_value,significant_fdr
0,0.0,17,14,-1.4229855749653333,0.17804050452061077,-0.523499518613398,0.2890433217508009,1.2666215509097714,17.153660347935325,0.46888496040550004,False
0,1.0,17,14,-1.449260273245792,0.1706803938329868,-0.5331383018280773,0.2978878611899742,1.0236932507524399,12.956013715630437,0.4660109598483706,False
0,2.0,17,14,-1.4798408271066816,0.16242911361066345,-0.5443490265856326,0.3083321860463837,0.808098407842407,9.350934026239344,0.46433160045243316,False
0,3.0,17,14,-1.5118102757796386,0.15415015190750003,-0.5560520753844467,0.3194081873440689,0.6287579743974566,6.469809032659771,0.4601687172326185,False
0,4.0,17,14,-1.5395256250019431,0.14723312055136464,-0.566158481858602,0.3291087139315581,0.4880846881650186,4.311193249518516,0.45469051934980254,False
0,5.0,17,14,-1.5545035684786945,0.14352868637418525,-0.5715194179906783,0.33430325185167165,0.3838944969395727,2.7896081481797,0.4538520427582829,False
0,6.0,17,14,-1.5471002963767368,0.14508953097098085,-0.5685267282923278,0.3313993577224815,0.31082329458178476,1.77560046886046,0.4538520427582829,False
0,7.0,17,14,-1.5083517088849254,0.15423875716415814,-0.5537632080981385,0.3172284521360609,0.26186947075761197,1.1308818951635558,0.4601687172326185,False
0,8.0,17,14,-1.4282250809387806,0.17490985998070321,-0.5233502505275087,0.2889073626993103,0.23007945488283077,0.7348033270773645,0.46844098557962865,False
0,9.0,17,14,-1.2924539641707629,0.2155521071452476,-0.4719020812338558,0.24400330165594294,0.20985577318415136,0.49687852447790976,0.5056585780867096,False
0,10.0,17,14,-1.0879953480404532,0.29181408325339214,-0.3949156822147798,0.18487820699241683,0.1974520832876058,0.356298564535624,0.5628510840361756,False
0,11.0,17,14,-0.8193952366347987,0.4223674632616312,-0.29506248316520184,0.1241321835597577,0.19068677960981728,0.27478425749055474,0.6395965811743666,False
0,12.0,17,14,-0.5179674372860148,0.6094251150273913,-0.1848541140421244,0.07856146804043784,0.18824584752344423,0.22880095885096746,0.7529393141879642,False
0,13.0,17,14,-0.2280803830123014,0.8213497958328219,-0.0806437972416809,0.05536903415804495,0.1889885311427638,0.20381196630384316,0.8852872050892691,False
0,14.0,17,14,0.014559051126342726,0.9884852345185704,0.005098625989499629,0.050021393333472546,0.19153498538177516,0.1906886847046685,0.9934713097683469,False
0,15.0,17,14,0.19405764033497658,0.8474898560102218,0.06733534721678237,0.0537396023815543,0.19422810634015614,0.1835742036132016,0.9016991501565375,False
0,16.0,17,14,0.3141197548367252,0.7557991881204473,0.10815615035710124,0.05968121329300648,0.19538904167070933,0.17862150723326145,0.8451803656816185,False
0,17.0,17,14,0.3904801975491272,0.6993896048469287,0.13369377684376757,0.06483493785997849,0.1936835006227725,0.17331009903275088,0.8088397449354109,False
0,18.0,17,14,0.44167016547724225,0.6626181943525624,0.15065887926236707,0.06887941440302647,0.188418264582417,0.16616905983741942,0.7844951138212155,False
0,19.0,17,14,0.48281052584088596,0.6337032141213761,0.16430981192246458,0.07249771656785807,0.17966709979381937,0.15671096943920498,0.7667559622544019,False
0,20.0,17,14,0.5228743482792881,0.6060754202529344,0.17771354525054076,0.07636917905252393,0.16821218419683892,0.14535104583547134,0.7505209135318892,False
0,21.0,17,14,0.563985286303679,0.5782632804203529,0.1916340942088181,0.08072706386706877,0.15533549593318852,0.1331587857141267,0.7333786948461446,False
0,22.0,17,14,0.6019150188166126,0.5530477332532568,0.20474856718371087,0.08514949539004338,0.14251556627114276,0.12144916125981771,0.7169936316950304,False
0,23.0,17,14,0.6285909741766132,0.5354496944375,0.214440238615844,0.08861670632919967,0.1311061471885161,0.11135566499254561,0.7081146008652107,False
0,24.0,17,14,0.6384225878175862,0.5287680713678788,0.2187675379485509,0.09021971097691825,0.12208835497415226,0.10354652364370756,0.7037741401329695,False
0,25.0,17,14,0.6360851817575296,0.5299731716437894,0.21902782076315422,0.09031721375443133,0.11596628757605199,0.09815715264652274,0.7040234014456244,False
0,26.0,17,14,0.6367576392098178,0.529388670183172,0.22009197171658568,0.09071712846877313,0.1128134856701636,0.0949014560900061,0.7037741401329695,False
0,27.0,17,14,0.656673058898685,0.516628340735926,0.22742545444124573,0.09352913033899361,0.11241250597165739,0.09326673875482586,0.6966070985435034,False
0,28.0,17,14,0.7045024077248188,0.4867975598489237,0.2440555274766843,0.10027003786426855,0.11440617061451995,0.0927031060324951,0.6769866578664777,False
0,29.0,17,14,0.779794450452156,0.44192410295334816,0.2698768931450067,0.11174596780159213,0.11840369305565634,0.09275452164481389,0.6484937488668066,False
0,30.0,17,14,0.8756735579544972,0.38858297703217093,0.30254352838542387,0.12803940637323727,0.12402879832066702,0.09311399807636134,0.6217327632514735,False
0,31.0,17,14,0.9824683854606046,0.33432520118659326,0.3387469350328794,0.14842671582744943,0.13092822328303522,0.09361194415600137,0.593100673699553,False
0,32.0,17,14,1.090929236937765,0.28483355382734266,0.3753405714315958,0.17151540250813502,0.1387667738483721,0.09416649524547983,0.5598912290521868,False
0,33.0,17,14,1.1942507973824787,0.2428812411553903,0.41002880617432164,0.195669551774633,0.1472268045586455,0.09473307559835009,0.5253560929892347,False
0,34.0,17,14,1.2884446770884517,0.20891752883803774,0.44148720044921524,0.21942784860444772,0.15601668386318693,0.0952800548153988,0.49868776524232517,False
0,35.0,17,14,1.3714582940192506,0.18222778212472707,0.46906488736964524,0.24164632829679417,0.16488188605721776,0.09579239891060164,0.47244239810114425,False
0,36.0,17,14,1.442084844601092,0.16179329529856415,0.4924179168440118,0.26142763026273386,0.17360821678817184,0.09628340450441186,0.46418795885475583,False
0,37.0,17,14,1.499504697682057,0.14663511286826394,0.5113454936988624,0.278076297685934,0.18201136976184015,0.09679151572278323,0.45395636907619796,False
0,38.0,17,14,1.543569381464891,0.1358328654623126,0.5258651227047458,0.29120214856391496,0.18991764415624235,0.09735440051325848,0.4538520427582829,False
0,39.0,17,14,1.575352468199571,0.12845264898960054,0.5363767174654221,0.30088778676145833,0.1971488696021962,0.09797288717972998,0.4532502276551417,False
0,40.0,17,14,1.597318320647935,0.12352597533271079,0.5437092774971075,0.3077317353120043,0.20352252928301406,0.09858982154436945,0.44927341787840686,False
0,41.0,17,14,1.6126604444778891,0.12014956471584357,0.5489054517529499,0.3126239261601417,0.2088667007850883,0.09910587303594975,0.447563788741945,False
0,42.0,17,14,1.6238434283097036,0.11771261120060221,0.5527533676726473,0.31626882269048423,0.21303891728709706,0.09943475368267325,0.447563788741945,False
0,43.0,17,14,1.6309390286865046,0.11616339864490297,0.5552548402807649,0.3186482305591906,0.2159373213625513,0.09957321168933927,0.44726014451513435,False
0,44.0,17,14,1.6306456579310067,0.11616100078977666,0.5553158452493524,0.31870635532825575,0.2175000377079836,0.0996450350181455,0.44726014451513435,False
0,45.0,17,14,1.61670103225273,0.1190269325822809,0.5508861250523229,0.314497773879069,0.21769677154032258,0.09988764356180017,0.447563788741945,False
0,46.0,17,14,1.5817762976082623,0.1265768195630985,0.5395717975001569,0.3038612688737377,0.21652134101290538,0.10058068224593453,0.45178019694722216,False
0,47.0,17,14,1.5201380645975504,0.14097731675246672,0.5194867781897932,0.2853992446781611,0.21399496832116793,0.10194898188218983,0.4538520427582829,False
0,48.0,17,14,1.4298328104316607,0.16464637096360044,0.4899441584632883,0.25929173000782835,0.21018447189812653,0.10408814513997887,0.46508535341265483,False
0,49.0,17,14,1.313298897529709,0.20005699807495286,0.45164567071076017,0.22746444369201468,0.205225275010793,0.10695036497321107,0.487330725131833,False
0,50.0,17,14,1.1761781588039693,0.249337406207159,0.4063059558198005,0.19297327978719103,0.19932733425962706,0.11039305558274626,0.529188353775513,False
0,51.0,17,14,1.0252599607868915,0.31373998761746585,0.3560100863378732,0.15900959515226257,0.19274948360871555,0.11425085602472304,0.5826493215858729,False
0,52.0,17,14,0.8670979327986033,0.3930375239535725,0.3027941158350478,0.12817209515516303,0.18575307063303334,0.11837312931089801,0.6247457647721799,False
0,53.0,17,14,0.7081047508263398,0.4847287712748496,0.24871475369972623,0.10224969096160978,0.17856455743834773,0.12259647410686511,0.6759914242460547,False
0,54.0,17,14,0.5553038182402108,0.5833310524174524,0.19614420131628343,0.08221313701424683,0.17136843965112122,0.1266812378694542,0.7368392241062557,False
0,55.0,17,14,0.4161600606033908,0.680854445401353,0.14774026054130837,0.0681480410577615,0.16432503177544466,0.13028390730226722,0.7983960923273195,False
0,56.0,17,14,0.29702688880347605,0.7690654188267411,0.10589025108032094,0.059277701872133506,0.15758921665316572,0.13302073365417438,0.852225964032315,False
0,57.0,17,14,0.20131649377099742,0.8422832148822378,0.07200073950646631,0.05427711197607741,0.15131063668848543,0.13460950863581253,0.8984892956249115,False
0,58.0,17,14,0.12858309739664786,0.8988908393677497,0.046093454288984134,0.051750265081701774,0.1456139036514672,0.13501256984945756,0.9352621450069072,False
0,59.0,17,14,0.0746730813472242,0.9411893774977188,0.026810478677689882,0.05059174072985705,0.1405720058831355,0.13449752230148682,0.961888341863996,False
0,60.0,17,14,0.03257635245498117,0.9743299140206101,0.011709668816918579,0.050112845825988774,0.13618913118620707,0.13358124111373354,0.984289991313665,False
0,61.0,17,14,-0.006042402860106731,0.9952388898846658,-0.0021742820613501607,0.05000389044514661,0.1324031822489201,0.13288093343590138,0.9962272105300329,False
0,62.0,17,14,-0.04843029924981805,0.9618659458811496,-0.01744905810204252,0.050250597399287056,0.12910884718477997,0.13292645839652287,0.9756096532986503,False
0,63.0,17,14,-0.09801472767750609,0.9229505213170608,-0.03536962696907828,0.05103014477907679,0.12619316616528142,0.13399329734239857,0.9512234268148528,False
0,64.0,17,14,-0.15307509343874146,0.8800130228684704,-0.0553379485944987,0.052523900513587116,0.12357009454879654,0.1360126797756506,0.9225798126344185,False
0,65.0,17,14,-0.2081489090662481,0.8374878044178019,-0.0753818368633873,0.054689377529302904,0.12120103195021464,0.13860261402665544,0.896470816106939,False
0,66.0,17,14,-0.2572452761719383,0.8000418276745322,-0.09330611506264659,0.05719504108498677,0.11909477047660756,0.1412257204651088,0.8706998081363945,False
0,67.0,17,14,-0.29653971201922896,0.7704490266037086,-0.1076858300463099,0.05959674136492216,0.1172895237709368,0.1434183050302708,0.8528581361921131,False
0,68.0,17,14,-0.32526536773511705,0.7490543314775028,-0.11821384939557836,0.061577764370070676,0.11582690757296588,0.14498131435621753,0.8396936995434687,False
0,69.0,17,14,-0.34507075332233783,0.734429764328117,-0.1254786136965828,0.06305514025680253,0.1147298537015382,0.14602174413999341,0.8314013294058148,False
0,70.0,17,14,-0.3585204733099154,0.7245604048313458,-0.13041502429844967,0.06411067842456948,0.11399294701388822,0.1468062828202809,0.825138191747132,False
0,71.0,17,14,-0.3673513281275281,0.7181097566937911,-0.13365919756964642,0.06482720280768552,0.11358602009741979,0.1475098555892679,0.820696864792904,False
0,72.0,17,14,-0.37135545441268014,0.7151943796468032,-0.1351334476482079,0.06515880912158095,0.1134635673162605,0.14802993622109178,0.819165884054249,False
0,73.0,17,14,-0.3686869450942669,0.7171412076764077,-0.13415751344664092,0.0649388705789545,0.11356902745608201,0.14801053558015503,0.8203340187673841,False
0,74.0,17,14,-0.3574156861419057,0.7253774278355039,-0.1300218522995554,0.06402507194479427,0.11382771990224001,0.14707269353027325,0.8253207370234867,False
0,75.0,17,14,-0.3372943381942198,0.7401686658346133,-0.12263992409065651,0.0624670987295673,0.1141321812949197,0.1450845649336411,0.8345525896658728,False
0,76.0,17,14,-0.3107507731361308,0.7598502774821185,-0.11291131275113477,0.06055639605860446,0.11433059101838691,0.14226190561379443,0.847942658591903,False
0,77.0,17,14,-0.28246996252904377,0.7810203218064067,-0.10256081521090323,0.05870060416309113,0.11422715154436151,0.13901459672742847,0.8583110802400241,False
0,78.0,17,14,-0.2574231533687321,0.7999303477367283,-0.09340878107879753,0.05721094929822737,0.11359523139527805,0.13564788761472477,0.8706998081363945,False
0,79.0,17,14,-0.2383736421576037,0.8144071572981152,-0.08645933931576476,0.056174206967779666,0.11219761070152971,0.1321313123947515,0.8808162108060212,False
1,0.0,17,14,-0.8709910483888789,0.3992743305929848,-0.32029944854050624,0.13773208163642026,0.3800170416277536,0.7075350420432075,0.6290536499495603,False
1,1.0,17,14,-0.8108208324894166,0.4317680200513153,-0.29813575114486274,0.12572463762601005,0.3465753073976361,0.5916593106484273,0.6442065775214799,False
1,2.0,17,14,-0.7233971214332444,0.481926915036634,-0.2659166149394418,0.10990573708553694,0.315551095385917,0.4846943748568503,0.6750727214520943,False
1,3.0,17,14,-0.5929167613260213,0.5630375602852606,-0.21781536465613344,0.08986407213662867,0.2884078139041688,0.3915242391593688,0.7244598682250992,False
1,4.0,17,14,-0.3915407344671388,0.7013402959902523,-0.14362294971671358,0.06714147862703237,0.26590259826759644,0.3146261369541344,0.8105377417543846,False
1,5.0,17,14,-0.07428654146681521,0.9417717980990399,-0.027150139170861023,0.050606834708222415,0.24815461216606866,0.254562831555979,0.9619027405007397,False
1,6.0,17,14,0.4123509015461847,0.6850779879464061,0.14940959573938498,0.06856454228866662,0.2346652346904834,0.21020252212490775,0.8011750218950885,False
1,7.0,17,14,1.0633003302426718,0.29838936713547554,0.37883677178489744,0.1738507392731404,0.22448428976533585,0.17910278395390228,0.5685282965734546,False
1,8.0,17,14,1.697033123144424,0.10041275733513448,0.591730223691745,0.3541733972291668,0.2165855657567621,0.15821352304259031,0.43217787956368725,False
1,9.0,17,14,2.069158398963391,0.04838827838138907,0.7101086888809813,0.4770597920204609,0.21029325064785848,0.14465913347380716,0.37167427069695336,False
1,10.0,17,14,2.1480017284277895,0.04207758555806431,0.7317298560353747,0.5001246226242263,0.20549908385879948,0.1362441538584556,0.37167427069695336,False
1,11.0,17,14,2.0450534769354367,0.052576621764519535,0.6947771661628638,0.4607477876461859,0.20251643564804814,0.13152424698646803,0.37167427069695336,False
1,12.0,17,14,1.8680225874371175,0.07496245756653941,0.6338982025598872,0.3969029685256361,0.20163384867946438,0.12954314956956475,0.3895878060827143,False
1,13.0,17,14,1.6874835781645439,0.10571473583558641,0.5720750207704375,0.33484349699658295,0.20260816134412477,0.1294652690141323,0.44044808734393104,False
1,14.0,17,14,1.5380100140042146,0.13867739645341906,0.520844466598092,0.2866296610340049,0.2043848112251672,0.13031585326093695,0.4538520427582829,False
1,15.0,17,14,1.4289819180209584,0.16769701162321846,0.4834495369173378,0.253729252110699,0.20522850651149985,0.13093805067690661,0.46517824412467296,False
1,16.0,17,14,1.358294474560099,0.18894530700347784,0.45924524247180903,0.23359001473603305,0.2032369249449012,0.13015591278934405,0.47702265640621644,False
1,17.0,17,14,1.32173028468623,0.20067000071549707,0.4468282034129579,0.22363146267580572,0.19700343356705605,0.12704471302487166,0.48822946481411916,False
1,18.0,17,14,1.3170547599225109,0.2020843343141076,0.44543697699794915,0.22253183730238227,0.1861163360630226,0.12117783785833222,0.48822946481411916,False
1,19.0,17,14,1.344910598431926,0.1928222501414492,0.45526736630574577,0.2303716771037652,0.17128063949202205,0.11274073299140416,0.4803876128091467,False
1,20.0,17,14,1.4077903633880247,0.17331803853489247,0.4771182146487491,0.2483703536674012,0.1540506419757388,0.10246201607184027,0.4674181111186848,False
1,21.0,17,14,1.5063961504807108,0.1460423735652902,0.5111157066090216,0.2778709945153645,0.13633268149008007,0.09138822100542301,0.45395636907619796,False
1,22.0,17,14,1.6317341489038162,0.1166801917183454,0.5539422516422612,0.31739872552471193,0.1198720379231626,0.08059168697047701,0.447563788741945,False
1,23.0,17,14,1.7575758336985439,0.09261238868096754,0.5962698167835703,0.3586953513160205,0.10588887872148892,0.07092047424362433,0.41860644829649407,False
1,24.0,17,14,1.8522286213813237,0.07785872443686823,0.6271525837945736,0.3899664752783018,0.09493734370794762,0.06286570748263705,0.391185760243823,False
1,25.0,17,14,1.9088577449427693,0.07049731917059641,0.6447206654087103,0.40810052592377793,0.08697573887362833,0.05655927108309606,0.3811827131930065,False
1,26.0,17,14,1.947414976698705,0.06606749250337601,0.6563396377207105,0.42020762653551924,0.0815728106094043,0.05186258970073687,0.37515081204231615,False
1,27.0,17,14,1.988319767103049,0.06149363640789386,0.6691392628766074,0.4336341001504515,0.0781466506702682,0.04848876256570483,0.37167427069695336,False
1,28.0,17,14,2.0406614315550184,0.05583244620932843,0.6861217459121632,0.4515667585407639,0.07614726128018158,0.046111244360483424,0.37167427069695336,False
1,29.0,17,14,2.1058934881395466,0.049310518646882386,0.7076496219044336,0.4744400728699559,0.0751418328100718,0.044434851968072085,0.37167427069695336,False
1,30.0,17,14,2.1822778082320284,0.04250108515926665,0.7330459307312188,0.5015293949202128,0.07481510976852564,0.04322584413878775,0.37167427069695336,False
1,31.0,17,14,2.2666816487492847,0.035961294014441536,0.7612084133980404,0.5315581081661573,0.07492838644723307,0.04231198905517125,0.37064401192798635,False
1,32.0,17,14,2.3554502997234414,0.03008388215254642,0.7908860477561481,0.563007342972947,0.07528093096540162,0.041569107040470676,0.3376899021132159,False
1,33.0,17,14,2.4452725459000906,0.02505017414819359,0.8209549407664835,0.5944696759713969,0.07569683690239175,0.04090765592225667,0.3346321985274807,False
1,34.0,17,14,2.5336579415787424,0.020872669763936463,0.8505698000976578,0.6248721505278002,0.07603531920660027,0.040265087561232496,0.3346321985274807,False
1,35.0,17,14,2.618815378575497,0.01747480893958634,0.8791196472138041,0.6534660626528955,0.07620708606527334,0.03960258216704383,0.3346321985274807,False
1,36.0,17,14,2.6994922972126765,0.014744831989011612,0.9061763390273747,0.67978247234787,0.07617941345908073,0.03890192890984833,0.3311443223639877,False
1,37.0,17,14,2.7751352902244038,0.012557929670298234,0.9315531043852918,0.7036711713274252,0.07596422191643792,0.03815953342529903,0.32308580943537474,False
1,38.0,17,14,2.8459703703225263,0.010793063641799836,0.9553284232492476,0.7252800537314671,0.07559631769393892,0.037377691397292745,0.32308580943537474,False
1,39.0,17,14,2.9126732293329343,0.009350641964320875,0.9777216604719866,0.7448949383509043,0.07511341556059492,0.03655637038440047,0.32308580943537474,False
1,40.0,17,14,2.9758921377688288,0.00816010981807044,0.9989218494538428,0.7627657367549929,0.07454439018964248,0.0356899427728601,0.32308580943537474,False
1,41.0,17,14,3.0358346574645236,0.0071767212417576795,1.018956763588524,0.7790013534553499,0.0739044948392201,0.03477116868150288,0.32308580943537474,False
1,42.0,17,14,3.0917967618532765,0.0063759978454199576,1.037559872302417,0.793489851436888,0.07319365772594437,0.0337999450336368,0.32308580943537474,False
1,43.0,17,14,3.1417697299602834,0.0057484951175788765,1.054060573025609,0.8058569755010332,0.07239726032362694,0.03279044146467586,0.32308580943537474,False
1,44.0,17,14,3.182624907505079,0.005292672547045403,1.0674476342679915,0.8155509703362894,0.07149239768325877,0.03177087172344608,0.32308580943537474,False
1,45.0,17,14,3.211061728616272,0.005007256348071254,1.0766682799571943,0.8220494226703321,0.07046108654770186,0.03077531275517581,0.32308580943537474,False
1,46.0,17,14,3.2248681154670424,0.004886495571185655,1.0810261773443548,0.8250698317594343,0.06930578603006084,0.029832680449623995,0.32308580943537474,False
1,47.0,17,14,3.2238307932471915,0.004918518387836734,1.0804708580300018,0.8246867665395786,0.06805801087820174,0.02895976120530597,0.32308580943537474,False
1,48.0,17,14,3.209875564213623,0.005084972514436415,1.0756437226693132,0.8213345629723913,0.06677331013504864,0.028161970979479877,0.32308580943537474,False
1,49.0,17,14,3.1863656817970383,0.00536203325619258,1.0676536952949398,0.8156977912595043,0.06551462618396042,0.02743999324001972,0.32308580943537474,False
1,50.0,17,14,3.1568558171644914,0.005724769540170022,1.0576740149660313,0.8085037064318149,0.06433396104293339,0.026796691011360063,0.32308580943537474,False
1,51.0,17,14,3.1239677238704195,0.006154310130959897,1.0465744018912155,0.800303086817038,0.063262519260517,0.02623912537779493,0.32308580943537474,False
1,52.0,17,14,3.089105812936657,0.00664156661270393,1.0348253763590483,0.7913961694517367,0.06231206854441288,0.02577449959221369,0.32308580943537474,False
1,53.0,17,14,3.0531854360024426,0.007180413546146599,1.0227363161365761,0.7819912022001311,0.061481940637934614,0.02540329268917297,0.32308580943537474,False
1,54.0,17,14,3.017702227455208,0.007752108939320205,1.010809048946429,0.7724767645752563,0.06076386462381105,0.025114512397715123,0.32308580943537474,False
1,55.0,17,14,2.985092322493993,0.008314639355403223,0.999858389952784,0.7635390036239698,0.06014154320479935,0.024886029568425793,0.32308580943537474,False
1,56.0,17,14,2.9579122690214223,0.00881226807566255,0.9907393671634623,0.7559509795550677,0.059588221013692405,0.02468946361032051,0.32308580943537474,False
1,57.0,17,14,2.9374530541744313,0.009204488125140776,0.9838830935198494,0.7501603542043688,0.05906752578094198,0.02449697414854612,0.32308580943537474,False
1,58.0,17,14,2.922896849017748,0.00949253043312536,0.9790125997940298,0.7460029352971328,0.0585395784711905,0.024287490131148642,0.32308580943537474,False
1,59.0,17,14,2.9115869035887214,0.009721519377789102,0.9752332417263279,0.7427520410827937,0.05796992756186881,0.02405095130993445,0.32308580943537474,False
1,60.0,17,14,2.9001382940963834,0.009958707855334143,0.9714080100856124,0.73943977667974,0.057337650616621494,0.023789590002049388,0.32308580943537474,False
1,61.0,17,14,2.8857582586233788,0.010264743885255957,0.96660260376007,0.735247850035797,0.05664088508423594,0.023515490490535005,0.32308580943537474,False
1,62.0,17,14,2.86725193536705,0.01067168233170268,0.960420435853477,0.7298048939701764,0.05589942034612755,0.023244821237011017,0.32308580943537474,False
1,63.0,17,14,2.8453994963971248,0.011171731611416828,0.9531240142146779,0.723309646816474,0.055152891649533825,0.0229910740901118,0.32308580943537474,False
1,64.0,17,14,2.8226056341114436,0.011717183697948136,0.9455151335468505,0.7164556807788618,0.05445221328833163,0.022760597240464867,0.32308580943537474,False
1,65.0,17,14,2.801990380501219,0.012232821522801078,0.9386328487568412,0.710186911842863,0.05384462400608487,0.02255240260390362,0.32308580943537474,False
1,66.0,17,14,2.786315422515858,0.012639819827992652,0.9333984877458616,0.70537601240045,0.05335791198138941,0.022361525980041656,0.32308580943537474,False
1,67.0,17,14,2.777157791156467,0.012883339457169051,0.9303418576771457,0.7025497161645151,0.052991745510251334,0.022183272886410598,0.32308580943537474,False
1,68.0,17,14,2.7745549938756167,0.012951501843006977,0.9294820727563902,0.7017524928675166,0.052720370541400406,0.022015792369610404,0.32308580943537474,False
1,69.0,17,14,2.777132957155227,0.012876934179408158,0.9303675445999326,0.7025735190028057,0.052504088863540466,0.02186004364785018,0.32308580943537474,False
1,70.0,17,14,2.782612411717278,0.012721320933763802,0.932242113389224,0.7043082358397776,0.052302590104400665,0.021717882436431347,0.32308580943537474,False
1,71.0,17,14,2.7885241371287273,0.012551844912154698,0.9342820885790087,0.7061907124069335,0.052084036929337066,0.021589721025363294,0.32308580943537474,False
1,72.0,17,14,2.792897196093006,0.012420876332228385,0.935825593432404,0.7076113501081155,0.05182772176937925,0.02147299320460671,0.32308580943537474,False
1,73.0,17,14,2.7946698670046417,0.012356287573147584,0.9365103325674334,0.7082405567203002,0.05152150094756685,0.021361890111485586,0.32308580943537474,False
1,74.0,17,14,2.7936954860838643,0.0123629894417925,0.9362772365384425,0.7080264357560924,0.05115638846071369,0.021247880503481444,0.32308580943537474,False
1,75.0,17,14,2.7904675593943744,0.012430271543896355,0.9352814692421186,0.7071109046264322,0.05072034838946675,0.02111981334900915,0.32308580943537474,False
1,76.0,17,14,2.7858664730888,0.012537322003597641,0.9338105309700255,0.7057560554134041,0.05019267017834625,0.020962531858270583,0.32308580943537474,False
1,77.0,17,14,2.781099558668172,0.012653609948673539,0.9322651119904635,0.70432948970208,0.04953971403499643,0.020754171131936013,0.32308580943537474,False
1,78.0,17,14,2.7776862223776124,0.012738682869117689,0.9311529749065074,0.7033009187396545,0.04871226420854186,0.02046394219519209,0.32308580943537474,False
1,79.0,17,14,2.7772256415043377,0.012748787464445218,0.9310098947429737,0.7031684706399897,0.04764472208128303,0.020052833493198235,0.32308580943537474,False
2,0.0,17,14,-0.7811627889028943,0.44557325931372815,-0.2836838584601641,0.11838976601285461,0.43754135235572555,0.6899603509595448,0.6507357945352622,False
2,1.0,17,14,-0.7697310653233871,0.452437046883967,-0.2799337271153781,0.11655012141958083,0.37499541237328915,0.5739532342469075,0.6569526696327266,False
2,2.0,17,14,-0.7483845566017999,0.465163877238871,-0.27258120202511416,0.1130193241324568,0.3176760303540063,0.4666048361325527,0.6643315220413459,False
2,3.0,17,14,-0.709609546991922,0.4885089406251838,-0.2588245435888437,0.10668294112566373,0.2681981277909224,0.37271508929749314,0.6782603473143047,False
2,4.0,17,14,-0.6400895796856206,0.5316736770762405,-0.23371559226744676,0.09601923506907654,0.22778831045648734,0.29477595423514186,0.7046109209740342,False
2,5.0,17,14,-0.516305585810175,0.6131199842919242,-0.1885552206829391,0.07973347353462618,0.19658991999626196,0.23350320352186849,0.7557164883422103,False
2,6.0,17,14,-0.2990881612563562,0.7688104720394345,-0.10902536181354655,0.059838317588185336,0.17385439669372427,0.18804331382831235,0.852225964032315,False
2,7.0,17,14,0.061852621120041466,0.9513735145631922,0.022401142661762952,0.05041306242994899,0.15823047432065254,0.1562803264294527,0.9682799905893555,False
2,8.0,17,14,0.5678810357565762,0.5756701192956402,0.20279266666276802,0.08447032544109506,0.1481901128707326,0.13541807214141527,0.7323212615236716,False
2,9.0,17,14,1.0484906772470473,0.30330411274549884,0.3678720093000048,0.16660189667903988,0.14242842573080292,0.122648520827393,0.5729582939420218,False
2,10.0,17,14,1.287700504735313,0.20809601560304955,0.4465568024298023,0.2234166899706223,0.14004632704885436,0.11561237504331394,0.49753506576820195,False
2,11.0,17,14,1.3055299806946354,0.20239107885218735,0.4501400570902697,0.22626231487945575,0.14045770296662874,0.11253416615606204,0.4882709510101982,False
2,12.0,17,14,1.2284517335952125,0.2299641663049601,0.42187818098425456,0.20441527373292825,0.14311321116168918,0.11211595508212381,0.5192739239144261,False
2,13.0,17,14,1.1340225476239643,0.26730880580637134,0.38803204740879665,0.18009957569369558,0.14721182213960218,0.11333861459328684,0.5472121776052443,False
2,14.0,17,14,1.049150885916316,0.30439107210395483,0.3578793743612576,0.16018875930548315,0.15157037723691213,0.11528288373917635,0.5732926021688836,False
2,15.0,17,14,0.9783850494621295,0.33783721280171264,0.33301165902695334,0.1450336807128493,0.1547471336116072,0.11703182202946942,0.5952856269851009,False
2,16.0,17,14,0.9207489376933857,0.36671132809350704,0.31303872737269695,0.13369728829946523,0.15538567258913555,0.11768418917517066,0.6089703768010792,False
2,17.0,17,14,0.8762087843263558,0.38997610613411016,0.2978474068372901,0.1255744778085864,0.15262148956633095,0.11647705206510006,0.6229641787568864,False
2,18.0,17,14,0.8473093091030002,0.4054618842647172,0.28819741745286775,0.1206386905214891,0.14635563441707972,0.11296899681835997,0.6323602842492813,False
2,19.0,17,14,0.8392205587367267,0.4097377495669563,0.285752472125175,0.11941575513104075,0.13727604366129795,0.10719027696086299,0.6342377941699815,False
2,20.0,17,14,0.8591846524314912,0.39868932112039557,0.2928897291921599,0.12301699224411171,0.12663933034737426,0.09966351946361088,0.628946324350733,False
2,21.0,17,14,0.9145804272413383,0.36934255518938797,0.3120209303330276,0.1331395787734727,0.11592279109349042,0.09125830330476208,0.6109243446519578,False
2,22.0,17,14,1.0076793705319504,0.3234791923588072,0.3437758225620338,0.1514523320126231,0.10647614642547114,0.08293404179567151,0.588094615583916,False
2,23.0,17,14,1.128559753244484,0.27022399058346674,0.38460999271921215,0.1777560225527213,0.09926893520466107,0.07548486239997108,0.5484635962898486,False
2,24.0,17,14,1.2572845366073924,0.22111300982882084,0.42768825477172945,0.20879385452290522,0.09478222201168426,0.06938678609908593,0.5119015018545048,False
2,25.0,17,14,1.3792520753205215,0.1814192841266864,0.46819019403910256,0.24092231370678693,0.09304709284940234,0.06477897353332475,0.47155915007658555,False
2,26.0,17,14,1.4928718911452756,0.14992888631273557,0.5057670544825158,0.27311405751630174,0.09378786477725416,0.06154280451747655,0.45726674950143176,False
2,27.0,17,14,1.6027510996805034,0.12398782181689061,0.5420875156538304,0.30621197234844977,0.09659650673495038,0.05941664819559194,0.44927341787840686,False
2,28.0,17,14,1.7128928360844362,0.10194042083069176,0.5785352976249577,0.3411506778621864,0.10106478099661519,0.05809880586017905,0.43503786705053893,False
2,29.0,17,14,1.8244560325851273,0.08317322035664117,0.6154963894282235,0.3780654150365284,0.10683476856021293,0.05731808850811061,0.40085270958882435,False
2,30.0,17,14,1.935437707929213,0.067619254251021,0.6522830127709791,0.415971201966315,0.11357717374200599,0.056869224158811425,0.37670994472380653,False
2,31.0,17,14,2.041281148926338,0.05529763693716364,0.687354749263177,0.4528731422122243,0.12094293419394948,0.05661724725376737,0.37167427069695336,False
2,32.0,17,14,2.1364274156512244,0.046034223210629464,0.7188457594114886,0.4863751267271965,0.12853934598181818,0.05647928319198985,0.37167427069695336,False
2,33.0,17,14,2.2163239949702698,0.039414428743048846,0.7452361510483074,0.514538243925413,0.13595653965780846,0.05639717561810566,0.37167427069695336,False
2,34.0,17,14,2.2789842576555204,0.03488543582724031,0.7658678630723242,0.5365137942547729,0.14283056689199128,0.0563162642267842,0.36402193906685537,False
2,35.0,17,14,2.325452350864565,0.03187742487302762,0.7810952762206899,0.5526660510104409,0.14890206924016902,0.05617990147977321,0.35002662605677387,False
2,36.0,17,14,2.3591378696614296,0.029879781480568447,0.7920619052052812,0.5642465738008035,0.15403347334989298,0.055937985493595695,0.3376899021132159,False
2,37.0,17,14,2.384467755259244,0.028478263381194722,0.8002513944289898,0.5728593137942976,0.158178246735935,0.05555880565589427,0.3376899021132159,False
2,38.0,17,14,2.405478801971019,0.027374432269728972,0.8070184150080278,0.5799501582370123,0.16132715065928505,0.05503355372907954,0.3376899021132159,False
2,39.0,17,14,2.4248588153753596,0.026392095508242522,0.8132683120350401,0.586476219490202,0.16346464901684898,0.05437097631057066,0.3376899021132159,False
2,40.0,17,14,2.443636351515779,0.025465004407219372,0.8193530003600459,0.5928069195811805,0.1645528786137876,0.053588230256372486,0.33635965011795216,False
2,41.0,17,14,2.4613957661649217,0.02460730345469898,0.8251423878858749,0.5988079755263218,0.16454024659281008,0.05270602965548425,0.3346321985274807,False
2,42.0,17,14,2.476719595671782,0.023879798965179402,0.8301714538211785,0.6040021055371173,0.16338364900778957,0.05175093752756249,0.3346321985274807,False
2,43.0,17,14,2.4875896732443796,0.023366070613377404,0.8337729293654859,0.6077105269325269,0.16107629337786655,0.05076025503472329,0.3346321985274807,False
2,44.0,17,14,2.4916679608849766,0.02316229794888452,0.8351693588725936,0.6091458145592442,0.15767531393097065,0.049781675551970786,0.3346321985274807,False
2,45.0,17,14,2.4866002424180573,0.02337328630351179,0.8335728398158188,0.6075047488879114,0.15331977411775802,0.04886367072414587,0.3346321985274807,False
2,46.0,17,14,2.4705511488490606,0.02410294227762373,0.8283629019448161,0.6021362674201953,0.14822734923022865,0.04804087062716962,0.3346321985274807,False
2,47.0,17,14,2.4429519554391,0.025432247479589498,0.8193377582603858,0.592791090742924,0.1426652041533786,0.047324592698940356,0.33635965011795216,False
2,48.0,17,14,2.405036784445186,0.027389916360163764,0.8068981141730049,0.5798243197048488,0.1369049251532,0.0467062911416291,0.3376899021132159,False
2,49.0,17,14,2.359598617800655,0.029935792140442535,0.7919715788637238,0.5641514014557475,0.1311812866725566,0.04617212650117609,0.3376899021132159,False
2,50.0,17,14,2.309879619109553,0.03298112442205064,0.7756442417930737,0.5468925304878813,0.1256715084438802,0.04571817915626911,0.35594189954418676,False
2,51.0,17,14,2.258268587740161,0.0364469374282621,0.7587211421531392,0.5289106645244641,0.12049830326947225,0.04535569613654384,0.37167427069695336,False
2,52.0,17,14,2.2056937050815955,0.040322561538216325,0.7415148317243823,0.5105679789969432,0.11574709006056427,0.045103805403445,0.37167427069695336,False
2,53.0,17,14,2.1520549049202957,0.04467264807276724,0.723982890768854,0.4918562082940909,0.1114834856529562,0.044975764249586006,0.37167427069695336,False
2,54.0,17,14,2.097310490640619,0.04957210518559843,0.7060901568340153,0.4727793077336615,0.10776167437003042,0.04496733486190526,0.37167427069695336,False
2,55.0,17,14,2.0424723324514993,0.0549965855098512,0.688147231941309,0.45371306395200645,0.10462203865856579,0.04505245427430239,0.37167427069695336,False
2,56.0,17,14,1.9898983552165352,0.060729203965175206,0.6709177981815173,0.43550629963468207,0.10208231221514906,0.04518670026381344,0.37167427069695336,False
2,57.0,17,14,1.9427417768779625,0.06634948297094789,0.6554422186693941,0.4192696019362113,0.10012860164041582,0.04531639966029186,0.3761545491266337,False
2,58.0,17,14,1.9039214318668818,0.07133582237682402,0.6426947899401161,0.4059983073341912,0.0987117580282513,0.045390414211304596,0.38248143061616285,False
2,59.0,17,14,1.8752037682849583,0.07523949409356909,0.63327236442995,0.3962579831459797,0.0977523003918876,0.045371630356218585,0.38972975357819956,False
2,60.0,17,14,1.8568108415400044,0.07783194374982139,0.6272572819625104,0.3900738699966428,0.09715422895154135,0.045245686732424115,0.391185760243823,False
2,61.0,17,14,1.847569796450797,0.07915153828965339,0.6242639144501331,0.3870068111244856,0.09682479543467087,0.045025045168979864,0.3920994274369567,False
2,62.0,17,14,1.8453620261793786,0.07945097394667228,0.6235888201814727,0.3863160823877446,0.09669411950807534,0.04474656472837104,0.3920994274369567,False
2,63.0,17,14,1.847690071517325,0.07908756781733847,0.6244019228183123,0.38714806062558593,0.09672688981192958,0.04446128818158991,0.3920994274369567,False
2,64.0,17,14,1.8523215695609285,0.07839524787141286,0.6259629796820435,0.38874683552088524,0.09692001428275895,0.04421816315469324,0.3915877594369879,False
2,65.0,17,14,1.8578882000603765,0.07757828926425642,0.6278218147328354,0.39065308976481056,0.09728556964442621,0.04404800291205052,0.391185760243823,False
2,66.0,17,14,1.8641344828687414,0.07667359788504505,0.6299011087898118,0.3927886034457012,0.09782597076200691,0.04395545332253018,0.391185760243823,False
2,67.0,17,14,1.871617290330906,0.07560057045751496,0.6323955521932498,0.39535483202609545,0.09851391788171035,0.04392209163813698,0.3899831890446703,False
2,68.0,17,14,1.881054263613075,0.07426143215795598,0.6355522400639864,0.3986089900142752,0.09928899292488091,0.04391683129990746,0.3895878060827143,False
2,69.0,17,14,1.892740912104657,0.07262745737830603,0.639472027008954,0.40265980325374556,0.10007423156357055,0.043907226035140925,0.38612065947960167,False
2,70.0,17,14,1.9062823681720267,0.07077259351003722,0.6440172103219596,0.40737025307294106,0.10080349296909281,0.04386805163054723,0.3811827131930065,False
2,71.0,17,14,1.9206362520845024,0.06885538952293102,0.6488284825207168,0.4123713598647152,0.10144222510217311,0.043786327460066714,0.3767982227964955,False
2,72.0,17,14,1.9344106564777075,0.06706532870588777,0.6534316341233213,0.41716974737201273,0.10198719801684598,0.04366154851681015,0.37670994472380653,False
2,73.0,17,14,1.946346810245365,0.06555487677715684,0.6574047045732855,0.4213214832076125,0.10244409412379635,0.04349982340834402,0.37459929586946766,False
2,74.0,17,14,1.9557527241743613,0.06439158765730693,0.6605233888228971,0.42458668838532754,0.10279605408780838,0.043304230710190635,0.37290022684850715,False
2,75.0,17,14,1.9625608956520635,0.06356295246165941,0.6627769455907868,0.4269494186314071,0.10298067025269177,0.04306735279035704,0.37167427069695336,False
2,76.0,17,14,1.966947990586588,0.06303044744648312,0.6642376815638548,0.4284823523445653,0.10288514231521421,0.04276967899188745,0.37167427069695336,False
2,77.0,17,14,1.9688687910510465,0.062787253401773,0.66490350373307,0.4291814493723448,0.10235741209565273,0.0423808014805642,0.37167427069695336,False
2,78.0,17,14,1.9679518243747394,0.06287045413290639,0.6646618720898264,0.4289277157722305,0.10122511676265532,0.04185731822102508,0.37167427069695336,False
2,79.0,17,14,1.963877906088351,0.06331751595388332,0.6634133326489733,0.4276171228543542,0.09931628037750347,0.04113660157103609,0.37167427069695336,False
3,0.0,17,14,-0.19212426069124944,0.84924076517791,-0.0683241835642147,0.05385049473040404,4.094323499757667,4.887244163126309,0.9022288061755199,False
3,1.0,17,14,-0.25471960612393757,0.8012319903240975,-0.09097893415503915,0.05683920864813173,3.2631358813853075,4.133578286520939,0.871363273225641,False
3,2.0,17,14,-0.3180703724396121,0.753560743180975,-0.11410291565687672,0.06078174266571075,2.5188667993943135,3.3908553838159166,0.8431955865150548,False
3,3.0,17,14,-0.37645988829626664,0.7106169288902813,-0.13559268961358498,0.0652628736093663,1.8928701443722995,2.6933982260871168,0.8165775927056583,False
3,4.0,17,14,-0.4237833444663054,0.6766288014693703,-0.1531499488325159,0.06951538972167728,1.3950537998313184,2.0687263073062443,0.7960338840816121,False
3,5.0,17,14,-0.45327436024954887,0.655888797105026,-0.16420696243749675,0.07246923432784794,1.019954782681002,1.5379090606096262,0.7802358949449264,False
3,6.0,17,14,-0.4570475286547756,0.6533663817088246,-0.16579150115625604,0.07291010660538992,0.7512516697920794,1.1124746310432299,0.7786631742285353,False
3,7.0,17,14,-0.4256405430518021,0.6756551116196935,-0.154395728299025,0.06983750144452834,0.5667013445875057,0.7917776460134404,0.7950818164418791,False
3,8.0,17,14,-0.34819093789410627,0.7317995934393453,-0.12609537920135971,0.0631847327523148,0.4434581397867272,0.5639741859146505,0.8298362930535463,False
3,9.0,17,14,-0.21455098478008242,0.8324086805408107,-0.07741929373775511,0.05494704279057965,0.36212678084399197,0.4105016254325272,0.8921508096160196,False
3,10.0,17,14,-0.020501412059287648,0.983836373892979,-0.007354989442973042,0.05004451868828347,0.30839692771279165,0.3114585444615018,0.9909143334173889,False
3,11.0,17,14,0.22502155475534213,0.8238665282159069,0.08008912494543428,0.055295203265062084,0.2726115605635493,0.24946944266188983,0.8874304984415838,False
3,12.0,17,14,0.4933435726155809,0.6257287572153489,0.17387414919191957,0.07522780030988227,0.24841209996508132,0.21131483799207204,0.7633232712682442,False
3,13.0,17,14,0.7324686395753878,0.4697647579525769,0.2552538479099351,0.10509558461691959,0.23140443652922638,0.18788085396717302,0.6681586829460109,False
3,14.0,17,14,0.881512671669274,0.38562777424092,0.30372759467460114,0.12866741592842137,0.2182785413282899,0.17328264799087995,0.6202599253442029,False
3,15.0,17,14,0.9121856990756528,0.37046504621154486,0.31145725864902146,0.13283154454308177,0.20644409773754172,0.1637998186469527,0.6118209932461256,False
3,16.0,17,14,0.8435921812987328,0.40776829154708305,0.2864274091594132,0.11975223683195713,0.19404266663570893,0.1569850190021868,0.6330918888043886,False
3,17.0,17,14,0.7094497238498019,0.48568679290403494,0.2402612380666607,0.09868739163240224,0.1800960103713779,0.15110668966748997,0.6765786169807452,False
3,18.0,17,14,0.5329680410705082,0.5995919185977109,0.18039803574472005,0.07718274449965998,0.164554346313438,0.14493438232710615,0.7463336464781597,False
3,19.0,17,14,0.3257851559784373,0.7477362128563967,0.1103438995542006,0.060079087281218586,0.1481243239175256,0.13774925763000706,0.8390681983361219,False
3,20.0,17,14,0.0951119236945457,0.925087077102424,0.03225279804304498,0.05085649849933214,0.1319170402755955,0.1293957495338617,0.9523277094092394,False
3,21.0,17,14,-0.14720867591314113,0.8842785707248307,-0.04997929901596534,0.05205819116181898,0.11705760314219762,0.12022182878873908,0.9255999992633742,False
3,22.0,17,14,-0.37254388327430604,0.7129126951891638,-0.12660894345405133,0.06329313927791023,0.10439154691895774,0.11086934709503912,0.8179103081614808,False
3,23.0,17,14,-0.5278032002725614,0.6026295682337575,-0.1795403546966388,0.07692142453295418,0.09434830150599745,0.10199703358145769,0.7481925734589651,False
3,24.0,17,14,-0.5576242549946371,0.5823258008322102,-0.1898881250660661,0.08016153980142429,0.08694814894232956,0.0940660216903049,0.7365182143293517,False
3,25.0,17,14,-0.4505535415590083,0.6563381143254385,-0.15357485574085344,0.06962495017219933,0.08190330272448369,0.08726915250157415,0.7802358949449264,False
3,26.0,17,14,-0.24453647893323863,0.8088689561722039,-0.08339257153552607,0.05574253097370579,0.07875891275078173,0.08159073388352703,0.8757881896480039,False
3,27.0,17,14,0.009520870895512902,0.9924812316217634,0.003247050370110681,0.050008676545436406,0.0770275426187646,0.07691773506937356,0.9950052134875628,False
3,28.0,17,14,0.27145510083577884,0.7883341124112818,0.0925732936076055,0.0570820058492892,0.07628434696355493,0.07312451631244468,0.862614834249427,False
3,29.0,17,14,0.5157983182626703,0.6106603523853007,0.17589352867478542,0.07582486956176016,0.07620984658187066,0.07010134309386118,0.75397554532629,False
3,30.0,17,14,0.7301159840939802,0.47232173537324706,0.2489418737125794,0.10234721388050937,0.07658758233902385,0.0677446838856302,0.668960568045992,False
3,31.0,17,14,0.9118239371058854,0.37091947225430877,0.31074331104885317,0.1324422410963824,0.07727589242079316,0.06594332198922724,0.6118209932461256,False
3,32.0,17,14,1.0634402216142234,0.29833399869779,0.36204399436067225,0.16283911622148295,0.0781734319752996,0.0645806092875569,0.5685282965734546,False
3,33.0,17,14,1.1878112511612582,0.2470308452723215,0.4037672692852965,0.19114884567527657,0.07919201164259494,0.06355079324716026,0.5271106943998731,False
3,34.0,17,14,1.285697410165658,0.2117752385159007,0.4362398680660199,0.21534537604827195,0.08024383757587138,0.06277437779566516,0.5015729333271333,False
3,35.0,17,14,1.3566310270764492,0.18899021993398424,0.4594627843567482,0.23376677576915902,0.08124419551117788,0.06219918567961556,0.47702265640621644,False
3,36.0,17,14,1.4015519577097955,0.17578383124550795,0.47392796838869783,0.2456942340465361,0.08212397441035924,0.06178501047550692,0.4686051916826489,False
3,37.0,17,14,1.4247056580789887,0.16941816250806216,0.48118733233486355,0.25180722426613805,0.0828414996213275,0.061481432467637875,0.4658495074792546,False
3,38.0,17,14,1.4335154356928193,0.16715742954357732,0.48378831237637543,0.25401777714677987,0.08338425465566086,0.06121337690464528,0.46517824412467296,False
3,39.0,17,14,1.4368375388511676,0.1663556929017958,0.4847057312368073,0.25480001892616355,0.08375853050019917,0.06088535913690297,0.46517824412467296,False
3,40.0,17,14,1.442547121434082,0.16480799783785458,0.4865566119286231,0.2563821873660834,0.08397349654314866,0.060405803619089475,0.46508535341265483,False
3,41.0,17,14,1.4552687604615442,0.16128712000855705,0.4908575639716322,0.26007928816687054,0.08402945175456508,0.05972179703067383,0.4637119708175286,False
3,42.0,17,14,1.4750230267172235,0.1559094616746791,0.4975848363517846,0.26591908431816064,0.08391631188045773,0.058846699560575345,0.4606145309863377,False
3,43.0,17,14,1.497395100407426,0.14997260653291006,0.5052395959612651,0.27264723106760635,0.08362103427026661,0.057862951525048605,0.45726674950143176,False
3,44.0,17,14,1.5152803271208526,0.14531329557283543,0.5114330880605128,0.2781545790359821,0.08313707928549102,0.056893199882462005,0.4538520427582829,False
3,45.0,17,14,1.5215876018247163,0.14359615844313023,0.5137835153501065,0.28025926318401495,0.08246890387040022,0.056051130265740864,0.4538520427582829,False
3,46.0,17,14,1.511787800432437,0.1458857809043369,0.5107580373268974,0.2775515878914222,0.0816295227991235,0.05539791937958699,0.45395636907619796,False
3,47.0,17,14,1.4850783044185951,0.15257704095980565,0.5020601271725412,0.26984199435429995,0.08063517066453364,0.054929123549452556,0.45882355992686186,False
3,48.0,17,14,1.4435430162099498,0.16360969895815036,0.4883613486797194,0.2579300494625142,0.07950321800990752,0.05459834144875107,0.46497806049197654,False
3,49.0,17,14,1.3900103399171375,0.1788637195157819,0.47060361295976466,0.24292299570703976,0.07825609016383511,0.05436002194819658,0.469028692174579,False
3,50.0,17,14,1.3263304088671775,0.19852903563666768,0.4494304051331676,0.22569702842584125,0.07692788516692947,0.05420138978847118,0.485485851338576,False
3,51.0,17,14,1.2534421978839068,0.22311858531618972,0.4251964448479519,0.2069087485303611,0.07556675536675299,0.054141659989448046,0.5132194590651368,False
3,52.0,17,14,1.1731543953683778,0.25287655910272216,0.3985343898538112,0.18742471523256987,0.07422803520457066,0.05419986290186103,0.5331423370492395,False
3,53.0,17,14,1.0901546963891013,0.28671199072399306,0.3709998134597497,0.16864716110063432,0.07295934135763826,0.05435495827525788,0.5609323915856729,False
3,54.0,17,14,1.0122825736685974,0.3214001849615802,0.3451669457197969,0.15229761834749062,0.07178508383990054,0.05452866357313617,0.5869051866070516,False
3,55.0,17,14,0.9481403447777683,0.3521592899410483,0.32387203825121014,0.13975357308010367,0.070699736682108,0.054607816846601986,0.599420067984763,False
3,56.0,17,14,0.9032828219088048,0.3748498323747371,0.3089751207875995,0.13148218266740894,0.06967508040836329,0.05449698985387036,0.6132826795952279,False
3,57.0,17,14,0.8774552854388398,0.3883429530536404,0.30042820688444316,0.1269240000414441,0.06867831794939205,0.054169981845920485,0.6217327632514735,False
3,58.0,17,14,0.8645241131262845,0.3951952942394594,0.29621855904268407,0.12472914827206952,0.06769081622005531,0.05368678348128981,0.6265442852994261,False
3,59.0,17,14,0.8551643960313181,0.400183381013657,0.2932420215761704,0.12319721134900263,0.06671702572349388,0.05316428364314616,0.629266610579046,False
3,60.0,17,14,0.8410094481793476,0.40783058722600585,0.28868407426579396,0.1208834422670137,0.0657805930904498,0.05271975739158276,0.6330918888043886,False
3,61.0,17,14,0.8180116707491852,0.4205040389555895,0.28115534262894,0.11714651215047227,0.06491327922570553,0.05242260219758428,0.6392016061252701,False
3,62.0,17,14,0.7871152178307064,0.43795978902107113,0.2709380887499929,0.11224402417791217,0.06414425338334763,0.05228004796095063,0.6474970186759162,False
3,63.0,17,14,0.7521789704240318,0.4582600620603029,0.25930569486639443,0.1068986408094767,0.06349229174303106,0.05225713088885836,0.6605092768355517,False
3,64.0,17,14,0.7168278261707433,0.4793902082022271,0.24746452965303575,0.10171456007090808,0.06295877941788204,0.052311320264755726,0.6732176183797208,False
3,65.0,17,14,0.6821603100529159,0.5006728254685966,0.23577110436287746,0.0968486499275444,0.06252108602659828,0.05241931064377357,0.6858815860618905,False
3,66.0,17,14,0.646259662792306,0.523280870279249,0.22356364685159644,0.09203612364095917,0.062130971408169894,0.05258311797476845,0.7010461420009076,False
3,67.0,17,14,0.6053923634434188,0.5496905143175574,0.20957898973740918,0.08685637052289602,0.06172364467063273,0.05281515083005596,0.7160131056116351,False
3,68.0,17,14,0.5562539889208662,0.5823462468457274,0.19272223816600823,0.08108227309910537,0.06123734641929198,0.053112602910025,0.7365182143293517,False
3,69.0,17,14,0.49838993712779833,0.6219892724665889,0.1728744388628579,0.07493488541536222,0.06063572052246127,0.053437929241315185,0.7610648053487759,False
3,70.0,17,14,0.4356435910016738,0.6663259858188612,0.15136114612438012,0.06905760929813766,0.05992194794663436,0.05371967610957314,0.7877745645149098,False
3,71.0,17,14,0.37553490224649094,0.709995660668613,0.13074337111182346,0.0641823742119125,0.059136650111086556,0.05387481893266546,0.8162358872650113,False
3,72.0,17,14,0.32651870421413276,0.7463818646711511,0.11391423073820248,0.06074589876247168,0.058339290046935714,0.05383856108167303,0.8387435000986849,False
3,73.0,17,14,0.2946246019003637,0.770393827677557,0.10296691650899886,0.058769988025399185,0.057581695369716905,0.053583454861988074,0.8528581361921131,False
3,74.0,17,14,0.2814081377536565,0.7804191203988508,0.09846988496208926,0.058017230935761756,0.05688707040458592,0.05311980601078312,0.8582396610975798,False
3,75.0,17,14,0.28404242443967936,0.7784271581074231,0.0994667926325638,0.05818115024750394,0.056243764920886445,0.052482378672847545,0.8575459840134235,False
3,76.0,17,14,0.29705699989359885,0.7685775057234533,0.10406632198768091,0.05895922818536022,0.05561187565879583,0.051712191833850854,0.852225964032315,False
3,77.0,17,14,0.31455859706439065,0.7553907393019343,0.11021890684607281,0.060056136278175035,0.05493178387735743,0.05083739763286527,0.8449110799116176,False
3,78.0,17,14,0.3318210939762136,0.7424564197240504,0.11627953091033898,0.0611996184775987,0.054125430505300734,0.04985430997070226,0.8360099096088504,False
3,79.0,17,14,0.345806097850655,0.7320341585150927,0.12119453083160996,0.06217298815991812,0.05309179544690384,0.04871375022685407,0.8298362930535463,False
4,0.0,17,14,-0.4348462742737108,0.6677769303849479,-0.15531268440017246,0.070076323714347,0.9549788912042935,1.126552249263381,0.788934770075044,False
4,1.0,17,14,-0.35910200919182755,0.7228416213920026,-0.1282751164563816,0.0636479653042641,0.8204561815639472,0.9300573276010783,0.8236766384389991,False
4,2.0,17,14,-0.2545822204067264,0.8013430101985806,-0.09094490709014005,0.05683407351801514,0.6940445805691811,0.7517871157146979,0.871363273225641,False
4,3.0,17,14,-0.11180482778106215,0.9119591947124339,-0.039930552750785046,0.05131317307967721,0.5810373431692266,0.5992511869043747,0.9437934992506503,False
4,4.0,17,14,0.07920176431374981,0.93755280098605,0.028255393549527445,0.05065726765281103,0.48426422636638194,0.4752074978433432,0.9602247748363528,False
4,5.0,17,14,0.32174980888705407,0.7504014055077624,0.11444699622255428,0.060847262897125574,0.4047939391094615,0.37904980708294295,0.840636382253639,False
4,6.0,17,14,0.5987214458827141,0.5544918787438704,0.2117110234175123,0.08762314961289223,0.34224244853752117,0.30782773965309873,0.7176951189463857,False
4,7.0,17,14,0.8606942571729179,0.3966022109892686,0.3016142401368402,0.12754836335850217,0.29505824252652324,0.25727829546051595,0.6283794855032738,False
4,8.0,17,14,1.0387445804130397,0.30755294475136674,0.3603322079336623,0.16174585171767344,0.2609620064213083,0.22283584179292673,0.5761020633537329,False
4,9.0,17,14,1.092961710044652,0.28395770688844035,0.3760329643959582,0.17197611597312648,0.23743433603067796,0.20032857526643397,0.5594887852258272,False
4,10.0,17,14,1.0487555263797397,0.3040597434009241,0.3589789994198587,0.1608854383256976,0.22205951706669547,0.18624263516462167,0.5732926021688836,False
4,11.0,17,14,0.9663222576244714,0.343338482635427,0.3296838674577005,0.14309308999817197,0.21264973884997782,0.17772300044325234,0.5968086046555279,False
4,12.0,17,14,0.8894485815011819,0.3828470593418264,0.30258232660547646,0.1280599427694966,0.20721138475870332,0.17253196846839586,0.6184452497060272,False
4,13.0,17,14,0.8309004850748076,0.41491729692891544,0.28183075958893666,0.1174774434794646,0.20386944438983412,0.16903428236999202,0.6356179867847215,False
4,14.0,17,14,0.7834309970913739,0.4421346412569569,0.26500906386079626,0.10948812328590957,0.20085371565129123,0.16614720613701964,0.6484937488668066,False
4,15.0,17,14,0.7331278317688587,0.4719313647333525,0.24749633233904145,0.10172813681087167,0.1966026469472642,0.1631976550191201,0.668960568045992,False
4,16.0,17,14,0.6676177467987549,0.5121158491747884,0.22515534629150943,0.09264819458949944,0.18996770626478032,0.15971979243785367,0.6943986553645938,False
4,17.0,17,14,0.5794882755619583,0.5688116676960941,0.19544789388219258,0.08198132686211111,0.18042661195818682,0.15529906997387669,0.7283180591751619,False
4,18.0,17,14,0.4670833522330901,0.6454408183213383,0.15770555728112945,0.070706473466632,0.16818370202111343,0.14955366381827875,0.7730564934266979,False
4,19.0,17,14,0.33468319902240756,0.7411851608827917,0.1132192411979339,0.06061439718022105,0.15407919949203944,0.1422513891611366,0.835199839610361,False
4,20.0,17,14,0.19306769010835537,0.8486733055657935,0.06547826419763107,0.05353574748713706,0.13932295748631948,0.1334615908553948,0.902186074228963,False
4,21.0,17,14,0.060141015483109066,0.9525581339220133,0.020454151647975035,0.05034436596090666,0.12515221835388668,0.12361417827003808,0.9688986871779913,False
4,22.0,17,14,-0.04028363071264082,0.968196420769161,-0.013737179501372711,0.050155311143870174,0.11253860529081157,0.11340314586627431,0.9800022971451849,False
4,23.0,17,14,-0.08466626048301948,0.9331986507974157,-0.0289333572693772,0.050689200496050184,0.10203221384602808,0.10357812077807811,0.9573257254754292,False
4,24.0,17,14,-0.06093778925023003,0.9518819842612393,-0.02085359591809456,0.050357950321829416,0.0937614460573586,0.09473413175579874,0.9684063788204776,False
4,25.0,17,14,0.024334406468846978,0.9807725792797939,0.008333932088045918,0.050057158589260145,0.08754539343192651,0.08719495236266027,0.988816523218676,False
4,26.0,17,14,0.1520845244839678,0.880294904555341,0.05210216850297662,0.052236986637677785,0.08304662321417279,0.08101512180474821,0.9225798126344185,False
4,27.0,17,14,0.30345570748557726,0.7639595696331223,0.10395774857201674,0.058940448295748585,0.07990028971334141,0.07606090363981786,0.8500538308329945,False
4,28.0,17,14,0.4664988281408365,0.6447642204129772,0.15975924720524423,0.07125529285580685,0.0777870240372616,0.07211023859472473,0.7730564934266979,False
4,29.0,17,14,0.6351309567320004,0.530969742422418,0.21737513376427225,0.08970020137628645,0.07645142167589199,0.06893064176111229,0.7044084349535503,False
4,30.0,17,14,0.8053559855868047,0.4281070436294021,0.2754028288456709,0.11436241664430606,0.07568908006386335,0.06632290067285813,0.6433093321085828,False
4,31.0,17,14,0.972514239340574,0.3401206399253045,0.3322373374671864,0.14458029096804292,0.07532788069102836,0.06413635733300806,0.5961636508881453,False
4,32.0,17,14,1.130771129084013,0.2690643879139555,0.38590313885318245,0.1786391107373384,0.07521866214240425,0.062266311343001805,0.5474250073945846,False
4,33.0,17,14,1.2744274282104762,0.21461586652640413,0.43450173133388004,0.2140035195962456,0.07523680025959356,0.06064276567553245,0.504318163591165,False
4,34.0,17,14,1.3997505166341466,0.17445609634123518,0.47682466731314616,0.24812343402711654,0.07528811229643113,0.059217473088185556,0.46844098557962865,False
4,35.0,17,14,1.5059888323793038,0.14534071369283105,0.5126773456837568,0.27926775008343757,0.0753120776766709,0.05795374661578674,0.4538520427582829,False
4,36.0,17,14,1.5950642962124193,0.12411066804546693,0.5427513012935139,0.3068335968063125,0.07527896404514592,0.05682047267483393,0.44927341787840686,False
4,37.0,17,14,1.6704107048981631,0.10822606177919898,0.5682173413552387,0.3310997387190773,0.0751810048169663,0.055789282941639755,0.4404672051291093,False
4,38.0,17,14,1.735759679177663,0.09587117615357359,0.5903208877214857,0.35277376722707793,0.07502043633146988,0.05483336865218339,0.42350693099464065,False
4,39.0,17,14,1.7943776844155526,0.08583737316554164,0.6101463617349748,0.3726414949484515,0.07479925087447103,0.05392775963575413,0.4050752441519943,False
4,40.0,17,14,1.8487583676364203,0.07735535673551584,0.6285355821951347,0.3913857807623433,0.07451536217603848,0.0530520173198582,0.391185760243823,False
4,41.0,17,14,1.900407848873032,0.06997797096062269,0.6460234596196193,0.409453843574286,0.07416593898527613,0.05219542084294289,0.3796461701408563,False
4,42.0,17,14,1.9494094513410403,0.06353390197639944,0.6626841090397093,0.42685203127475735,0.0737533417873216,0.05136221691722904,0.37167427069695336,False
4,43.0,17,14,1.9939635289622981,0.05809391854271589,0.6779593284209033,0.4429327208802789,0.07328750990596483,0.05057259204953218,0.37167427069695336,False
4,44.0,17,14,2.0305645957637326,0.053879276624792125,0.6906971136087166,0.45641699929928886,0.07278256677064818,0.049855929132255276,0.37167427069695336,False
4,45.0,17,14,2.055292334542726,0.05111116099798075,0.6995668128928288,0.46583781417637543,0.07225076990250977,0.04923709347202592,0.37167427069695336,False
4,46.0,17,14,2.0658392098941816,0.0498648343465692,0.7037354454258002,0.470272567488051,0.0716985923357185,0.048721944595603195,0.37167427069695336,False
4,47.0,17,14,2.0630469722766054,0.04998886803470732,0.7034017189951991,0.46991738975087455,0.07112717805936596,0.04829108092660594,0.37167427069695336,False
4,48.0,17,14,2.050769146372969,0.05111732859285551,0.6997852554092028,0.4660700990033049,0.07053629794088635,0.04790758822303671,0.37167427069695336,False
4,49.0,17,14,2.034069172258046,0.052778006100665444,0.6945534531245351,0.4605101984577851,0.06992995131075658,0.04753584159231759,0.37167427069695336,False
4,50.0,17,14,2.0171280391328716,0.05454748385354189,0.6891262083108136,0.4547509343888739,0.06932198015541464,0.04715998413150753,0.37167427069695336,False
4,51.0,17,14,2.0024050836021927,0.05614038041204476,0.6843728341490288,0.4497146833750671,0.06873933765109508,0.04678976156422287,0.37167427069695336,False
4,52.0,17,14,1.9913607088772645,0.057361145289197016,0.6808196322106704,0.4459553679939339,0.06821935104236164,0.04644989678055098,0.37167427069695336,False
4,53.0,17,14,1.985566650790583,0.05800177553527916,0.6789974660764666,0.4440293989371325,0.0677984435025922,0.04616101686156548,0.37167427069695336,False
4,54.0,17,14,1.9866806171265101,0.05785715927026162,0.679436874870151,0.4444937179985428,0.06749498922221682,0.04592584851292782,0.37167427069695336,False
4,55.0,17,14,1.9949556228166168,0.05690866143276631,0.6821987192016309,0.4474138841685829,0.06729512436280916,0.04572950626248673,0.37167427069695336,False
4,56.0,17,14,2.0076383389308488,0.055496279684123774,0.6863707351066135,0.4518305233235679,0.06715143399030944,0.04555151224980687,0.37167427069695336,False
4,57.0,17,14,2.019126924111278,0.05424946273961383,0.6901298018888607,0.45581523015425396,0.06699794155856699,0.045378769132676834,0.37167427069695336,False
4,58.0,17,14,2.0234523434032234,0.05378523714234275,0.6915518013723788,0.4573237913617766,0.06677507747330436,0.04520933419621268,0.37167427069695336,False
4,59.0,17,14,2.0176019931396545,0.054399104420515675,0.6896923453668045,0.4553512739079333,0.06645248067836869,0.045045367403861704,0.37167427069695336,False
4,60.0,17,14,2.003417897008316,0.05591219098232337,0.6852008643484523,0.45059142010757386,0.06603892562121887,0.04488275146968835,0.37167427069695336,False
4,61.0,17,14,1.986973668817971,0.057694407264637856,0.6801007971453634,0.44519542536520934,0.06557530897727698,0.044707044837544486,0.37167427069695336,False
4,62.0,17,14,1.975956924496198,0.05887277776206506,0.6769090243965683,0.4418236435758611,0.06511462795011724,0.044499164332314024,0.37167427069695336,False
4,63.0,17,14,1.9763963076204865,0.05871759971768539,0.6775557315307368,0.44250648497871065,0.06469900749918278,0.044245672710725124,0.37167427069695336,False
4,64.0,17,14,1.9902595519649031,0.0570223165432621,0.6826174072018497,0.4478568311173164,0.06434505913810051,0.043945789475191614,0.37167427069695336,False
4,65.0,17,14,2.0149800477342406,0.05418932933996292,0.6911918211582254,0.4569418377630521,0.06404353685495393,0.043611873234527566,0.37167427069695336,False
4,66.0,17,14,2.0447827307267175,0.05097159340654578,0.7013472836281952,0.4677314499816967,0.06377037608986533,0.043265888863732956,0.37167427069695336,False
4,67.0,17,14,2.0727440639968613,0.04812280086202762,0.7107931657151397,0.4777891725142627,0.06350054983162857,0.04293494487724214,0.37167427069695336,False
4,68.0,17,14,2.0926943202757333,0.046184586040824455,0.7174976048896391,0.4849371097287648,0.06321774491412784,0.04264561729558323,0.37167427069695336,False
4,69.0,17,14,2.1008475341627584,0.045415081525191935,0.7202256584521444,0.48784719522993036,0.06291839137912011,0.04241583236053017,0.37167427069695336,False
4,70.0,17,14,2.0971634886848114,0.04576233022356696,0.7189873211644872,0.48652613544509365,0.0626117662058399,0.04224687941018091,0.37167427069695336,False
4,71.0,17,14,2.0856681144282287,0.046859498311668385,0.7151336380782343,0.4824160731465211,0.062316914988505404,0.04212156012387704,0.37167427069695336,False
4,72.0,17,14,2.072812906674138,0.048116813101698894,0.7108116778777736,0.47780890020315053,0.06205562651720623,0.042011775993634384,0.37167427069695336,False
4,73.0,17,14,2.0644309039269046,0.04895762757324742,0.7079673206859601,0.47477846568476334,0.06184186180735812,0.04189129783026053,0.37167427069695336,False
4,74.0,17,14,2.0632496210684517,0.049084124441994975,0.7075278611313341,0.47431038593763364,0.06167059808763769,0.04174434730658917,0.37167427069695336,False
4,75.0,17,14,2.0683699959894213,0.04857558181572357,0.7092221701361734,0.4761152329437015,0.061509813734255625,0.04156319373527012,0.37167427069695336,False
4,76.0,17,14,2.076449256763688,0.04777105516661204,0.7119618159798591,0.47903466529616195,0.06129768316962188,0.041336038671406936,0.37167427069695336,False
4,77.0,17,14,2.0834199932273063,0.04707190363900471,0.7144077757912506,0.4816421233851046,0.060945030511885004,0.041033165179243304,0.37167427069695336,False
4,78.0,17,14,2.0858359782409983,0.04680286127793284,0.7154205323884558,0.48272199291631807,0.060342163453955364,0.04059990232691467,0.37167427069695336,False
4,79.0,17,14,2.0815358635147496,0.04716745811537266,0.7142814567169157,0.48150744305069515,0.05936884742801318,0.039960124726395894,0.37167427069695336,False
5,0.0,17,14,-0.476467436754562,0.6391189977096703,-0.17181151110649906,0.07462538502590607,0.5398158415444821,0.6954116639014593,0.7707089576796284,False
5,1.0,17,14,-0.4499540832377377,0.6579352372653855,-0.162513771194064,0.07200300822524776,0.4602740202455242,0.5756254111713505,0.7812953763485487,False
5,2.0,17,14,-0.4041970999852424,0.6908094391737996,-0.14622144589201988,0.06777330655996829,0.3870885179072654,0.4649174007791447,0.8034754961054984,False
5,3.0,17,14,-0.3268471759467268,0.7476288349779292,-0.11839169231086753,0.06161285230773886,0.32322219897603466,0.36839322092732835,0.8390681983361219,False
5,4.0,17,14,-0.19811289724349132,0.8452389616920974,-0.07179078433305461,0.05425214169730528,0.2698944232516755,0.2886727619290892,0.9008071610561271,False
5,5.0,17,14,0.011937032837739042,0.9906068376642136,0.004318737808942629,0.05001534914654657,0.2271417534508643,0.22639572469640565,0.993761636510278,False
5,6.0,17,14,0.33887187784726414,0.7382157611605646,0.12188024273067181,0.062312071664096996,0.19419360927646587,0.18047683411367996,0.8331523662279563,False
5,7.0,17,14,0.7835697410273823,0.44065966454472005,0.2781314896236252,0.11567534825622044,0.169819888380189,0.14852675418243924,0.6484937488668066,False
5,8.0,17,14,1.2148871461627981,0.23421437385937516,0.423398445687612,0.20555526572889524,0.15267101911607261,0.1275462189232278,0.5219232613406223,False
5,9.0,17,14,1.4271452751172555,0.16490228701357426,0.49087796103995723,0.2600968896481361,0.14151250583807237,0.11463822745903472,0.46508535341265483,False
5,10.0,17,14,1.4184505498578948,0.16811308508502526,0.4854255079394096,0.25541466226746345,0.1352790622572491,0.10744214072463172,0.46517824412467296,False
5,11.0,17,14,1.3173981487742568,0.19969203790113813,0.44998958487586216,0.22614238262734399,0.13297458833065512,0.10422100968931072,0.4871480498653128,False
5,12.0,17,14,1.201886799549705,0.24100100381161127,0.4098529459535337,0.19554162880080936,0.13351521857352464,0.10372898922907813,0.5243500915990251,False
5,13.0,17,14,1.0936486021023302,0.285181212564151,0.3722410948791705,0.16946382542094957,0.13562535498514053,0.10501333277134657,0.5599516126735209,False
5,14.0,17,14,0.9914363104160097,0.3318785530941859,0.33685196491379427,0.1472988455408492,0.13786918701141132,0.10724395064567087,0.5914667282866679,False
5,15.0,17,14,0.8888476209559252,0.3835927618100041,0.30159736214428656,0.12753945982981904,0.13884026991963724,0.10961238358865324,0.6186584062471746,False
5,16.0,17,14,0.7806327268349272,0.4433462806355085,0.26470280115253336,0.1093475398864687,0.13744966421519966,0.11132074356722998,0.6493650841043194,False
5,17.0,17,14,0.6641296348853379,0.5135064663955888,0.22521382524664563,0.09267076996141867,0.13318803774820223,0.11166187290988787,0.6946587620918035,False
5,18.0,17,14,0.5393604920723607,0.5949739171456879,0.1830495098810871,0.0779988641671322,0.12623601907333443,0.11015781478710285,0.743221048854636,False
5,19.0,17,14,0.4093448140617841,0.6860836703042958,0.13912684193699315,0.0660759059532567,0.11736818194593057,0.10668894379428026,0.8016458447221261,False
5,20.0,17,14,0.28141023485274475,0.7808342906951535,0.09583306163531603,0.057591762507328656,0.10769431363197492,0.10153866161871637,0.8583110802400241,False
5,21.0,17,14,0.1701228674222116,0.8663027545636459,0.058067302158275734,0.05277942830759902,0.09834608653525717,0.09531271904148889,0.9139974634709599,False
5,22.0,17,14,0.10092181313759302,0.920400031088565,0.03453255518561912,0.05098193357700796,0.09021930152227785,0.08875467926283678,0.9497985578800917,False
5,23.0,17,14,0.10640182920807972,0.916066262885274,0.03650323408818743,0.051097280260400266,0.08383708900379988,0.08253443263264584,0.9468773513006113,False
5,24.0,17,14,0.20354486740506156,0.8402230580821413,0.07000716907718435,0.05404298307514045,0.07934253820550495,0.07709932602565654,0.897757942067838,False
5,25.0,17,14,0.3735230094182954,0.7116023559642213,0.12870455776976383,0.06374019189448776,0.0765865022290893,0.07263793645763557,0.8171510307723115,False
5,26.0,17,14,0.579227643218083,0.5670888722961909,0.19972012776658443,0.08341731357545985,0.07525747691284126,0.0691419637061259,0.7271867252030817,False
5,27.0,17,14,0.7903884599778613,0.43599514943497486,0.27243576435658023,0.11295049717499094,0.07500338373963834,0.06650613559404002,0.646869459273557,False
5,28.0,17,14,0.9882878458907661,0.33160837685114863,0.340342508657562,0.1493815821143346,0.07551221498909863,0.06460525928183798,0.5914667282866679,False
5,29.0,17,14,1.1630161474069296,0.2548871419160903,0.4001233719525979,0.18855035406571363,0.0765412893692385,0.06332201896149749,0.5339098952427144,False
5,30.0,17,14,1.3120014895428322,0.20053023843445683,0.4510350083369785,0.22697641276503738,0.07790626308271179,0.06253804630407353,0.48822946481411916,False
5,31.0,17,14,1.4385936624961428,0.16178218369271213,0.49430934476416394,0.26306707052315476,0.07945488971837131,0.0621192830924891,0.46418795885475583,False
5,32.0,17,14,1.5492274244182944,0.13303827349112263,0.5321470747654313,0.2969724529422981,0.08105117683468334,0.06191988334496639,0.4538520427582829,False
5,33.0,17,14,1.6498266779139308,0.11067635422742002,0.5665203942498426,0.32945834416098957,0.08258186391234149,0.061807913396395874,0.44200382353898326,False
5,34.0,17,14,1.7431003446123297,0.0928605525891206,0.5982996341519352,0.3607238964973894,0.08397694895900776,0.06169671387714466,0.41860644829649407,False
5,35.0,17,14,1.8279891326116484,0.07885614571817876,0.6270997680695625,0.38991230250761333,0.08522320589153037,0.06155991695737911,0.3920994274369567,False
5,36.0,17,14,1.9013168176789543,0.06829505769412052,0.6518568474997443,0.4155267153958428,0.08635338071267945,0.06141867354207871,0.3767982227964955,False
5,37.0,17,14,1.9602737465540356,0.06074608747338863,0.6716663056683639,0.43629466921361426,0.08741079009529287,0.06130884584920887,0.37167427069695336,False
5,38.0,17,14,2.0037992904290265,0.05567150577831397,0.6862294349914311,0.45168083546747356,0.08840706287930249,0.061249608461873696,0.37167427069695336,False
5,39.0,17,14,2.032064663824248,0.05259001054370283,0.6956546294180939,0.4616798142984777,0.08929783955598761,0.061232621356548826,0.37167427069695336,False
5,40.0,17,14,2.044971470967741,0.05123793190069028,0.6999439514052402,0.466238858700193,0.08999260908535706,0.06123462491033873,0.37167427069695336,False
5,41.0,17,14,2.0411805351689614,0.05163338309971047,0.6986762609925513,0.46489095363588057,0.09039494635616943,0.061239215662019335,0.37167427069695336,False
5,42.0,17,14,2.0186424549973436,0.054030066322139546,0.6911955492161321,0.45694579317619016,0.09045045718260765,0.06124911474023185,0.37167427069695336,False
5,43.0,17,14,1.9765832468013438,0.058766197016802246,0.6772744433523756,0.44220945852812044,0.09017500490248037,0.06128052624945518,0.37167427069695336,False
5,44.0,17,14,1.9177155279825275,0.06601678975077631,0.6578399647474573,0.42177686743306786,0.0896488094271749,0.06134601613237044,0.37515081204231615,False
5,45.0,17,14,1.8488692486462022,0.07550144454462834,0.6351673855387843,0.39821186248323465,0.08898264518725431,0.06143953924334533,0.3898845087140644,False
5,46.0,17,14,1.7792129985440548,0.08631176085959154,0.6122800159066757,0.3748015997969011,0.08827639332396946,0.061533360141699835,0.40509091087344107,False
5,47.0,17,14,1.7171058971674864,0.09708100855895765,0.5919079506089695,0.354350043759341,0.08759145207266951,0.0615876798992468,0.4249991060176848,False
5,48.0,17,14,1.6674808850120226,0.10651821576195597,0.5756295686873627,0.3383080459849861,0.08694959141709709,0.061567243917282015,0.4404672051291093,False
5,49.0,17,14,1.6309169622233315,0.11398207001703063,0.5635690336384946,0.32661163230187773,0.08635642227882423,0.06145729973965019,0.4447293241154772,False
5,50.0,17,14,1.6043220858810892,0.11970945248746319,0.5546240004384612,0.3180474434077675,0.08583294825204896,0.06127209278036792,0.447563788741945,False
5,51.0,17,14,1.5825050348238296,0.12462113898239637,0.5469941824383844,0.3108204512594534,0.08543183047255679,0.061051423985657945,0.44927341787840686,False
5,52.0,17,14,1.5600636949324416,0.12988701989553963,0.5388339529363767,0.303173398631346,0.08522293596603199,0.060845482504292815,0.4538520427582829,False
5,53.0,17,14,1.5334119579096304,0.13640762620519653,0.5289769081621079,0.29405372981339745,0.08525259277082185,0.06069471986546896,0.4538520427582829,False
5,54.0,17,14,1.5024036997051768,0.14433806861695353,0.5175211509209408,0.2836225067162582,0.08549994908681208,0.06061562040418465,0.4538520427582829,False
5,55.0,17,14,1.4701227685713412,0.15297025132869035,0.5057308637922378,0.2730820138460919,0.08585924657481792,0.060599952855912555,0.45891075398607106,False
5,56.0,17,14,1.4404256812341698,0.1612234818356012,0.4951152166159387,0.2637672400912482,0.08616489118864834,0.06062541771539006,0.4637119708175286,False
5,57.0,17,14,1.4153462219817134,0.1683830114365257,0.48647840895094596,0.25631522981596233,0.08625287241615642,0.06066753536578795,0.46517824412467296,False
5,58.0,17,14,1.3944998487179185,0.17442507013726596,0.4797015136016442,0.2505492255672936,0.08602949953343154,0.0607036945707285,0.46844098557962865,False
5,59.0,17,14,1.3764399707584627,0.1797233842041804,0.4742100883160753,0.24593023213381648,0.08551020411035276,0.060709255864386795,0.4695727612177653,False
5,60.0,17,14,1.3605971981432177,0.18445361729566856,0.46964935607070335,0.24213080538772574,0.08480510011932657,0.06065364379704138,0.47350992682738047,False
5,61.0,17,14,1.348224823011266,0.18822162654885385,0.4662507025975216,0.23932136541105828,0.08405875198454078,0.0605044592929629,0.47677425995219336,False
5,62.0,17,14,1.3413279450055349,0.19034475847726778,0.4645379902256615,0.2379127126754836,0.08338064517409728,0.06024076354022257,0.4776423579080321,False
5,63.0,17,14,1.340471767109656,0.19058309161766918,0.46463211554337175,0.23799000327464612,0.08280922809109012,0.059868804959442,0.4776423579080321,False
5,64.0,17,14,1.3439380474645415,0.18946215297539598,0.4659649658847137,0.23908602280074118,0.08232858684339187,0.05942970843771287,0.4774446254979979,False
5,65.0,17,14,1.34917193449643,0.18779859849576666,0.4677379895727978,0.24054849539067094,0.08191783857841038,0.058991234877920726,0.47677425995219336,False
5,66.0,17,14,1.3547263738182234,0.1860523931568322,0.46953987198918007,0.24204000983825696,0.08158886254853374,0.058624066259480634,0.47502738678340134,False
5,67.0,17,14,1.3606976646730604,0.1841914055411927,0.4714626336773945,0.24363738331867427,0.08137927551994135,0.05837305258381179,0.47350992682738047,False
5,68.0,17,14,1.3675176182061526,0.1820824849276883,0.4736843084317508,0.24549051116258558,0.08130692322506507,0.058238803453995354,0.472308658793386,False
5,69.0,17,14,1.3744213877235891,0.17996492141887643,0.47596255887546635,0.24739905929375447,0.08132643738247079,0.05818064534014279,0.4699602093011073,False
5,70.0,17,14,1.3788802986661597,0.17860504068157634,0.47746138924964066,0.24865919172680284,0.08132764466713045,0.05814056791920357,0.46888496040550004,False
5,71.0,17,14,1.3771536264298243,0.17912400342683416,0.4769466964562039,0.2482260631175211,0.0811811488839429,0.05807624177767829,0.4694470412256856,False
5,72.0,17,14,1.3652479491398528,0.1827676722073888,0.473101810602086,0.24500387403774196,0.08079940729679128,0.057985623906363644,0.4728691313784597,False
5,73.0,17,14,1.3398572958399133,0.1907497210201156,0.4648240723120657,0.238147672687228,0.08017270645341587,0.05790863874076539,0.4777079465180497,False
5,74.0,17,14,1.2993934790217456,0.20405743061973636,0.451550758815888,0.22738855064466612,0.07936109322909413,0.05790212351832675,0.49114109375523934,False
5,75.0,17,14,1.245077838042304,0.22307154328000478,0.43361775163974553,0.2133230787527543,0.07845263946421788,0.05799827315487103,0.5132194590651368,False
5,76.0,17,14,1.1816024485648893,0.2469971896613586,0.412502663330802,0.19747489998416864,0.07751298113552228,0.05816660642882636,0.5271106943998731,False
5,77.0,17,14,1.1166396853632847,0.2734202589808942,0.3907125280039354,0.18195015047896798,0.07654734457599678,0.05829848405837588,0.5515361447412631,False
5,78.0,17,14,1.0588499624119032,0.2985901589345108,0.3711592634928793,0.16875190781158667,0.07548479030027298,0.05822172285746526,0.5685282965734546,False
5,79.0,17,14,1.0151021809966916,0.31868558754381326,0.3562155740355646,0.15913890173485756,0.0741847706104968,0.05773825125071975,0.5857678195553679,False
6,0.0,17,14,-0.7979102146467473,0.43863458564222957,-0.2930096018164184,0.12307828840229393,0.3220230337239293,0.5161171688987148,0.6479244758607376,False
6,1.0,17,14,-0.7371074381241552,0.47355007793657644,-0.2706423816490377,0.11210502814022462,0.29250480478236124,0.4355604317928309,0.6698547271401474,False
6,2.0,17,14,-0.6513794514738738,0.5255544293059566,-0.23907807606316234,0.09819928909847132,0.26473192261901146,0.3620036798628648,0.7031562608224934,False
6,3.0,17,14,-0.5290145928550184,0.605109590622557,-0.19400069940019976,0.0815023153600298,0.2398876581739698,0.29866964740828833,0.750206880564232,False
6,4.0,17,14,-0.3518998240745934,0.7299847532863711,-0.1288003170333109,0.06376080033919569,0.2186070575713829,0.24692118299483257,0.828071833572656,False
6,5.0,17,14,-0.09736229343164521,0.9236713285881089,-0.03548475321078999,0.05103686602654068,0.20109665642654714,0.20670369719234832,0.9514211109920434,False
6,6.0,17,14,0.2460168040811856,0.8083838854975657,0.08889956826836114,0.05652898635710191,0.18718942604942881,0.1768481937514422,0.8757881896480039,False
6,7.0,17,14,0.6405086669712612,0.5280265915264193,0.22825810455721718,0.09385460419873662,0.17645464165153713,0.15548724974683661,0.7037741401329695,False
6,8.0,17,14,0.9852342307847567,0.3328445894530778,0.3454718469337377,0.1524833665584085,0.16840061640780302,0.14060730433616184,0.5923505405520877,False
6,9.0,17,14,1.1931142649753677,0.24264987982666675,0.4128298984297568,0.19771452126006578,0.1626835339535901,0.13052642784887294,0.5253560929892347,False
6,10.0,17,14,1.258248598130842,0.219292424358563,0.43167047873209674,0.2118289365807797,0.15919214790455322,0.12409014412006893,0.5109726392820886,False
6,11.0,17,14,1.2265743469199926,0.23153602980518226,0.41875527589136774,0.20208625975669872,0.15794417814818512,0.12056222186606096,0.5207682266882901,False
6,12.0,17,14,1.1512040327228044,0.26119659610296375,0.39186685654568343,0.18275110515145318,0.15883579997493097,0.11934759828632993,0.5408507988327598,False
6,13.0,17,14,1.071841981120623,0.29506354794911505,0.3640666867617509,0.16413793194933177,0.1613650480794882,0.11972635314627392,0.5656600538849523,False
6,14.0,17,14,1.009687522077183,0.3236594637795597,0.3423289957031059,0.1505770227865707,0.1644797621345972,0.12073262099926496,0.588094615583916,False
6,15.0,17,14,0.9714297351800282,0.3422506885359303,0.3288450538443284,0.1426072034690746,0.16666752621458802,0.12123000248555536,0.5964755276646352,False
6,16.0,17,14,0.9559090337969995,0.3501120971233992,0.323201625951802,0.13937241191142005,0.16630260041587985,0.12014457937288066,0.5985163407125732,False
6,17.0,17,14,0.9588954609352053,0.34880583514176,0.32396987103328856,0.13980926592611448,0.1621296158973667,0.11674578223853203,0.5983022517809773,False
6,18.0,17,14,0.975190247502245,0.3408991189556473,0.3294117377353378,0.14293531355750955,0.15367730823319228,0.11084499628921465,0.5961636508881453,False
6,19.0,17,14,0.9990180507592963,0.32939414387670163,0.3376131995445846,0.1477511209147198,0.14142147195426957,0.10282434974876453,0.5904183787941455,False
6,20.0,17,14,1.0237613776927494,0.31755510514834195,0.34639708346146253,0.15304808736671388,0.1266380875235374,0.09349036111119181,0.5850822902465691,False
6,21.0,17,14,1.0416787142450092,0.3088778924620307,0.3532324366172316,0.15726939921297203,0.11102388256727085,0.08382241697661294,0.5774073976819136,False
6,22.0,17,14,1.0440146675003366,0.3071340587946925,0.3552576779290982,0.15853679794492728,0.09624007359227633,0.07471714463940508,0.5760829057974216,False
6,23.0,17,14,1.0228113226282962,0.31605405329391145,0.3497873836800542,0.15513097940567558,0.08353748770209268,0.0668108576073672,0.5847696140239772,False
6,24.0,17,14,0.9776355002589516,0.33682986657612524,0.33637684396270406,0.1470171080985342,0.07356751830904414,0.06041463063353231,0.5950306791250162,False
6,25.0,17,14,0.9248468875593819,0.3627964030361347,0.3200384216437562,0.13758531962537948,0.06640146399681962,0.0555487660890616,0.606818662049417,False
6,26.0,17,14,0.8923474868717083,0.3795630235856805,0.3100470502493164,0.13206350045245674,0.06170146132673119,0.05203490988481602,0.616394745701796,False
6,27.0,17,14,0.8994981765139931,0.37579681689380107,0.3132649210322591,0.13382149603624569,0.05894219341522731,0.04959970537491949,0.6134250654732615,False
6,28.0,17,14,0.94958704386076,0.35018005942434083,0.33114351280890403,0.14394173042244718,0.05759091589904143,0.04795712597593104,0.5985163407125732,False
6,29.0,17,14,1.0370391769432268,0.30831448439082143,0.36196284390844513,0.16278716555196138,0.05720036995534388,0.04685650469809947,0.5770163391495507,False
6,30.0,17,14,1.1532945847715188,0.25825526846690827,0.40284967802052024,0.190492257932972,0.057421846923070986,0.04610005849895911,0.5380762931265886,False
6,31.0,17,14,1.2873445535650034,0.2082289517573679,0.4499773471348066,0.2261326303433782,0.05797747072712405,0.04554187309149226,0.4976168406150471,False
6,32.0,17,14,1.4252629058431698,0.1648533668499385,0.49841829148986,0.2666473816112564,0.05863399993288473,0.045079608306921606,0.46508535341265483,False
6,33.0,17,14,1.5521953266967536,0.13156669111228414,0.5428810028421183,0.30695512713646916,0.05920154799548416,0.04464490058569109,0.4538520427582829,False
6,34.0,17,14,1.6563169683100178,0.10853294154614754,0.579139817309352,0.3417432396052717,0.059553053247890536,0.04419409534994483,0.4404672051291093,False
6,35.0,17,14,1.7321560457256198,0.09393588816404494,0.6052227690291431,0.3676725440939152,0.05964089153309713,0.04369997476057585,0.42008595949138106,False
6,36.0,17,14,1.781864812516486,0.08527811160625282,0.6218943280967548,0.3845839695421673,0.05948841847422424,0.043145792030862294,0.40359208765722543,False
6,37.0,17,14,1.8139888497261072,0.08004701930421934,0.6322717552128893,0.3952273622670541,0.0591544840913865,0.04252246102535611,0.39321342816107746,False
6,38.0,17,14,1.839415486250979,0.07611282223715411,0.6403811081003813,0.40360081246790036,0.058690618015414295,0.04182798385765194,0.391185760243823,False
6,39.0,17,14,1.8662943508394987,0.07214431966714713,0.6492829246610329,0.41284449619458513,0.058115479298308036,0.041067088456306876,0.38575509556400883,False
6,40.0,17,14,1.8972286177225004,0.0677976095300936,0.660021515592995,0.4240608741726394,0.05741698313067056,0.04024975637288758,0.37670994472380653,False
6,41.0,17,14,1.9298144593998185,0.06346395433345312,0.671809941893639,0.4364459844324535,0.05657325706527535,0.03938889977520225,0.37167427069695336,False
6,42.0,17,14,1.958942781852454,0.05980551670099232,0.6828540353537873,0.4481071989520968,0.05557463938332519,0.03849832399587777,0.37167427069695336,False
6,43.0,17,14,1.9790939401526308,0.05741461135888385,0.6911620532557805,0.4569102546243208,0.0544339381285391,0.03759181197805781,0.37167427069695336,False
6,44.0,17,14,1.9859791183229076,0.05668645427186275,0.6951145950837869,0.4611061731711086,0.053183469348623294,0.03668327346530348,0.37167427069695336,False
6,45.0,17,14,1.9776008383748966,0.05780655645812256,0.693841119112512,0.4597537771478431,0.05186556290215284,0.03578714733700474,0.37167427069695336,False
6,46.0,17,14,1.954787951282589,0.06074821598028202,0.687438348267851,0.45296173548512275,0.050524304730744485,0.034918144283885455,0.37167427069695336,False
6,47.0,17,14,1.921026449940571,0.06525055371075983,0.6769580614460484,0.4418754143885603,0.049202170810513826,0.03409017330863447,0.3745270779600481,False
6,48.0,17,14,1.8814665044453922,0.07081727419408444,0.6640935479147051,0.4283310455351831,0.04794021096288499,0.03331536060239997,0.3811827131930065,False
6,49.0,17,14,1.841342879913317,0.07680508203415097,0.6506311066004875,0.4142488939423124,0.046777987702401776,0.03260421263246806,0.391185760243823,False
6,50.0,17,14,1.8043834255464126,0.08262635705945129,0.6378781390707462,0.40101132481051316,0.04575048575404885,0.03196666694046423,0.39997148886081163,False
6,51.0,17,14,1.7718761686038975,0.0879787656726946,0.6263225622577336,0.38911537975390437,0.04488219950727973,0.03141229613326043,0.40746531737791847,False
6,52.0,17,14,1.7428239454260392,0.0929424739147811,0.6156812387261156,0.37825326352476507,0.04418109146761258,0.030948159414292697,0.41860644829649407,False
6,53.0,17,14,1.7150492780828506,0.0978681472124459,0.6052820250724981,0.3677322137413576,0.043635413083022344,0.030574828978063743,0.4268052056988681,False
6,54.0,17,14,1.6865445926493274,0.10314927585890674,0.5945250316696477,0.3569549071966781,0.04321473760674125,0.030282994213386087,0.43797758295837375,False
6,55.0,17,14,1.6562994163315656,0.10904196003293784,0.5831576334765265,0.3456916697962492,0.0428747201670335,0.030053033400192542,0.4412725691048068,False
6,56.0,17,14,1.6243489906749387,0.11561357864908926,0.5712824144850656,0.3340729063853323,0.042564474323906434,0.029858315498744712,0.4468500279075229,False
6,57.0,17,14,1.5913288092032696,0.12279439614193219,0.5591991382192342,0.3224156885164317,0.0422355971735282,0.029671228467781505,0.44927341787840686,False
6,58.0,17,14,1.5579057597673736,0.13047942054737252,0.5472044840988525,0.31101866424990193,0.04185133375447815,0.0294699141469719,0.4538520427582829,False
6,59.0,17,14,1.5242508500484944,0.13865683472289428,0.535402127081136,0.2999834907810393,0.041393080663406114,0.02924338609125982,0.4538520427582829,False
6,60.0,17,14,1.489668593150043,0.1475351569268054,0.5235630086065762,0.28910116028762545,0.04086134574182533,0.028993074736329814,0.45499807121749514,False
6,61.0,17,14,1.4526534243151983,0.15758500582285062,0.5111335487417328,0.2778869328111461,0.040270848547151065,0.028730112536531034,0.4614997159102095,False
6,62.0,17,14,1.4116287415707105,0.16938852163286738,0.4974883128741671,0.2658348071728577,0.0396430463289032,0.028469525671541426,0.4658495074792546,False
6,63.0,17,14,1.3662115573319882,0.1832717356533181,0.48238207027366947,0.25282130111788464,0.039000535883065617,0.028223794360348182,0.473031905004128,False
6,64.0,17,14,1.3183156923793116,0.19884751560341316,0.4663642102881086,0.2394148912277916,0.03836515579163791,0.027998141616332413,0.4859097184461751,False
6,65.0,17,14,1.2722789685379476,0.21473547203703175,0.450858798255948,0.22683570510080261,0.037757809578200935,0.02778887065214748,0.504318163591165,False
6,66.0,17,14,1.233682291656152,0.22875859967115586,0.4377740995615949,0.2165341368378703,0.0371969144733608,0.027585075961973547,0.5181767830753373,False
6,67.0,17,14,1.2073075014981485,0.23871373137211457,0.42878697990850995,0.20962850232321645,0.03669483067957359,0.027373238164750784,0.5239617076517943,False
6,68.0,17,14,1.1951987880625166,0.24338555506095344,0.4246469819967182,0.20649452809783275,0.03625466388716371,0.027143142373068085,0.5255327240149121,False
6,69.0,17,14,1.1957171075344382,0.24318566764759614,0.4248280585514592,0.20663097690877236,0.035870071271369416,0.026892597566521032,0.5253560929892347,False
6,70.0,17,14,1.2039547785065514,0.24000969814387937,0.4276649571318865,0.20877617920874578,0.03552807647626567,0.026628708853005723,0.5243500915990251,False
6,71.0,17,14,1.2132625557723615,0.23646234030101174,0.43088108158815314,0.21122510294088592,0.0352124787540662,0.026365254628267516,0.5219645178872445,False
6,72.0,17,14,1.2171771396819222,0.23498829358665896,0.43225025401476413,0.21227311197742169,0.03490574220117609,0.026117776983556,0.5219645178872445,False
6,73.0,17,14,1.2109285807148453,0.23736151480915763,0.4301102627286001,0.2106365235347139,0.03458949497089714,0.02589869716447458,0.5219645178872445,False
6,74.0,17,14,1.1920964734475452,0.24459504226328432,0.4235907239157614,0.20569973700481525,0.03424511812332928,0.02571368220399332,0.5268200910286124,False
6,75.0,17,14,1.160635738506198,0.2570158965020607,0.41263635834499873,0.1975727765608137,0.033854905424569426,0.025558682053674644,0.5362837254336592,False
6,76.0,17,14,1.1187887166617079,0.2742158147495022,0.3979967498918589,0.18704487976465506,0.03340236651457039,0.02541635662939993,0.5525980433176694,False
6,77.0,17,14,1.0709991415175242,0.2948275131546912,0.3812116263225524,0.17544982831834394,0.03286985711529952,0.02525215042342515,0.5656378630756161,False
6,78.0,17,14,1.0233647161386517,0.3164165581790461,0.3644243283748169,0.16436836828864756,0.032233546850280834,0.025012955269950173,0.5850108045570038,False
6,79.0,17,14,0.9822299150151337,0.33590472805498695,0.3498835222205719,0.15519035554517527,0.03145824659482004,0.02463209320531102,0.5942294943478884,False
7,0.0,17,14,-0.949287503998636,0.35936773713157655,-0.3489682430344467,0.1546257668216182,0.20984972647627545,0.46373139861583673,0.6037377983810486,False
7,1.0,17,14,-0.9034947131944265,0.38229900368709613,-0.3321330869097108,0.14451933450470386,0.18749701055656545,0.3770102365579829,0.6184452497060272,False
7,2.0,17,14,-0.8384765445462669,0.4165176156910887,-0.30820200549496723,0.13106424901827876,0.16657181414635616,0.2984741805600767,0.6372821169314732,False
7,3.0,17,14,-0.743756976499976,0.4698322167382267,-0.2732998364137325,0.11335998815622014,0.14789321158589883,0.23164203982425888,0.6681586829460109,False
7,4.0,17,14,-0.6003522604577376,0.5581085362785851,-0.22041882097729554,0.09084037364874605,0.13186435017618936,0.1779823445776869,0.7199557263486227,False
7,5.0,17,14,-0.37489821173103877,0.7132627119625101,-0.13733791385760344,0.06566166459837425,0.11862794364845186,0.137421249254446,0.8179394922163938,False
7,6.0,17,14,-0.016438024558824708,0.9870890729107706,-0.005986326710175897,0.05002949138152198,0.10816269519933794,0.10868664484861557,0.99280162192582,False
7,7.0,17,14,0.5083738385010528,0.6165573990758042,0.1825425875097011,0.077841868166746,0.10037037682223682,0.08975556053953557,0.7583477498727206,False
7,8.0,17,14,1.0600726327726322,0.29817169102689645,0.37238713352141684,0.16956009358236948,0.09516144778430252,0.07843668793680111,0.5685282965734546,False
7,9.0,17,14,1.3151222874132966,0.19889518832429745,0.45543181509966524,0.23050420462763743,0.09250029968567317,0.07287931679046444,0.4859097184461751,False
7,10.0,17,14,1.2378079885892979,0.22588847072973642,0.42818528524869764,0.20917116391572266,0.09237267953704184,0.07179559273180394,0.5160661085380185,False
7,11.0,17,14,1.0222479245228056,0.3151352239401372,0.3550358178789113,0.15839758637093918,0.0946821589690363,0.07435140776984325,0.5839839852755488,False
7,12.0,17,14,0.7967709296704986,0.4320676909954919,0.27784047708532916,0.11553466334895067,0.09912584635556299,0.0798346665404984,0.6442065775214799,False
7,13.0,17,14,0.6131575901551314,0.5445873434495432,0.21433065155946995,0.08857655177095272,0.105110770491707,0.08728518296145316,0.7130845394422592,False
7,14.0,17,14,0.4880292780340698,0.6292314520525399,0.17065514395766004,0.07429094323504033,0.11174917299424682,0.09529104522047391,0.7649123295573569,False
7,15.0,17,14,0.42422164557006226,0.6745446184654096,0.14807100578830615,0.068230177184536,0.11793171254177238,0.1021019136506572,0.7943235694078655,False
7,16.0,17,14,0.41874836676487404,0.6784878137643751,0.14556747711051307,0.06761318889878858,0.12245261436177536,0.1060487374613018,0.7972904130036024,False
7,17.0,17,14,0.4636669285124541,0.6464318130967867,0.16021535782691937,0.071378184758736,0.12417028995751721,0.10605972713438515,0.7736918399448598,False
7,18.0,17,14,0.5440780108620684,0.5909415570251748,0.18666533522640177,0.07913196501469752,0.12221080271069899,0.10198053743108022,0.7416092627606867,False
7,19.0,17,14,0.6380326287247107,0.5295062578143294,0.2173945034561866,0.08970740411739371,0.11620830775204642,0.09453013183724969,0.7037741401329695,False
7,20.0,17,14,0.722050204111569,0.477963827674173,0.24469103934503292,0.10053770597896287,0.10650845871999148,0.0849574698029683,0.6721184579104499,False
7,21.0,17,14,0.7794825493355623,0.4446830861331733,0.2632595822355639,0.1086874019723347,0.09420124888117531,0.07461622833728679,0.6505668371875742,False
7,22.0,17,14,0.8045177853910361,0.43069412164890675,0.27132109855258746,0.11242429808538663,0.08089024332781852,0.06464960927270544,0.6437630552959123,False
7,23.0,17,14,0.799979892073412,0.43318623517846067,0.26988888586665244,0.11175158471761437,0.06825180905356716,0.055847475747758675,0.6449803915212532,False
7,24.0,17,14,0.7729236440214491,0.4481992436250929,0.26144700712596936,0.10786378766890255,0.05757959974701189,0.04863442314670797,0.6529916996330668,False
7,25.0,17,14,0.7315770902525319,0.4716887152619129,0.2489298346665954,0.10234204205555007,0.04952254090850665,0.04312500344989316,0.668960568045992,False
7,26.0,17,14,0.6880984561983063,0.49733397209858743,0.2362196353525175,0.09703066436917984,0.04409849359499056,0.03920644253072892,0.6833596563186698,False
7,27.0,17,14,0.6651175797756556,0.511306105937052,0.2302134732997955,0.09462391353465796,0.040907647682759146,0.03662973240065508,0.6941650857003505,False
7,28.0,17,14,0.6811029491717177,0.5012106907670522,0.23691010145899452,0.09731157710789105,0.03939338741886386,0.03509357170298797,0.6858815860618905,False
7,29.0,17,14,0.7327168284484781,0.4696187178402994,0.25545599371823113,0.10518481917484483,0.03902978015305342,0.034306031235607444,0.6681586829460109,False
7,30.0,17,14,0.8051376059199048,0.4273107617461095,0.28097972227491746,0.11706060342479259,0.03939828236436483,0.034016637806132725,0.6427654938431963,False
7,31.0,17,14,0.8842811925368607,0.383841864279283,0.30867864589506133,0.131321780942584,0.04018421109332532,0.03402334191477562,0.6188621228303219,False
7,32.0,17,14,0.9601717450402864,0.34492883621051007,0.33508955911448124,0.1462558904562488,0.04114639626018519,0.03416607221694653,0.5974195391678175,False
7,33.0,17,14,1.0280376696296794,0.3124440532478526,0.358538717415244,0.16060622411458378,0.04209911375459147,0.03431817040624336,0.5819357089316989,False
7,34.0,17,14,1.0892435203354265,0.2850181424305488,0.379474230255928,0.17427895328022555,0.042916036885459564,0.03438217840160513,0.5599516126735209,False
7,35.0,17,14,1.150562581069275,0.25931397343590223,0.40019947802859046,0.18860438187750403,0.04354164535131443,0.034291314046972624,0.5398357811305028,False
7,36.0,17,14,1.2210543416412678,0.23193774686547686,0.42380029982945694,0.20585727895304168,0.04398851553382575,0.0340139468493003,0.5207682266882901,False
7,37.0,17,14,1.3075254172424997,0.2014477030886734,0.45261402387237204,0.22823961747761348,0.044310329127533216,0.03355580293425432,0.48822946481411916,False
7,38.0,17,14,1.410540586248263,0.16935149065730715,0.48689839929899664,0.256674938187767,0.04455993072362315,0.03295493955748632,0.4658495074792546,False
7,39.0,17,14,1.5231243078845325,0.13914429452820154,0.5244044923601672,0.2898682720531764,0.044754182095688114,0.03226872698542302,0.4538520427582829,False
7,40.0,17,14,1.6329511600699975,0.11411220379008803,0.5610974778072317,0.3242356499390488,0.044863786785477186,0.03155777371748831,0.4447293241154772,False
7,41.0,17,14,1.7261932446804036,0.09592499171818954,0.5924150076263389,0.35485419443137656,0.04483040116609211,0.030874173271947674,0.42350693099464065,False
7,42.0,17,14,1.7903074976587636,0.08485923133886775,0.6141874238593605,0.3767360552215305,0.04459771763315789,0.030258168952126168,0.40348162825272965,False
7,43.0,17,14,1.8153741386326927,0.08075477802280095,0.6230914027503636,0.38580738008174664,0.04413847747256588,0.02974087243347642,0.3959183669600358,False
7,44.0,17,14,1.7956359818228345,0.0837444753157928,0.6171573193847867,0.37975434347274595,0.04346621729131118,0.029346314748678156,0.40159101388353535,False
7,45.0,17,14,1.7318328359598572,0.09446031878696808,0.5965304501291505,0.3589555949260717,0.04263110522765895,0.02908743209996623,0.42191413474065026,False
7,46.0,17,14,1.632788135424811,0.1136118794978355,0.5640136065326143,0.32703978472898193,0.04170584922524102,0.028956923383860522,0.4447293241154772,False
7,47.0,17,14,1.5144223880791265,0.14083979961707807,0.5248041695585497,0.29023297056478214,0.04076904143634593,0.02892068443200832,0.4538520427582829,False
7,48.0,17,14,1.395947509960143,0.1733342162065123,0.48530138155443403,0.25530860847617265,0.03989206162275233,0.028922822921162883,0.4674181111186848,False
7,49.0,17,14,1.294794224165087,0.20561677078871657,0.451430002506656,0.22729201384890624,0.039133091706839956,0.02890429142843321,0.494186230221808,False
7,50.0,17,14,1.2226330574641575,0.2313755603626973,0.4272462680391699,0.20845869193977742,0.038537584653578434,0.028826125283124854,0.5207682266882901,False
7,51.0,17,14,1.1840404808145053,0.24613218667922745,0.41439576945504203,0.19886377691893523,0.03814014744126402,0.02868255454934332,0.5271002533364808,False
7,52.0,17,14,1.1775497156006394,0.24870166471082045,0.41239971827054694,0.19739955672893067,0.037961690821660767,0.02849516332558826,0.5286614888833974,False
7,53.0,17,14,1.1976399631784918,0.2408941725754346,0.41931422144266933,0.20250185125664888,0.03799958580423632,0.028292870187688498,0.5243500915990251,False
7,54.0,17,14,1.2364840663675465,0.2262876546974778,0.4323764963985847,0.2123699055215981,0.03821522009029265,0.028092539913839306,0.5160661085380185,False
7,55.0,17,14,1.285262894672328,0.208900009881553,0.44855981054791855,0.22500469893981417,0.038528323400572606,0.0278932978664089,0.49868776524232517,False
7,56.0,17,14,1.3351960262172242,0.1922001772019777,0.4650056024872743,0.23829683337095237,0.03882694490788502,0.027685987929851823,0.47977060307804054,False
7,57.0,17,14,1.3781115277031901,0.17871587478947729,0.4791779675962365,0.25010678706738704,0.03899483483705854,0.027467422281170068,0.46888496040550004,False
7,58.0,17,14,1.4067370343931986,0.1701466349034617,0.48882541653119593,0.2583288820832853,0.038947033124284325,0.027246573175181404,0.4660109598483706,False
7,59.0,17,14,1.4156554834748132,0.16753424664442867,0.49218136429988096,0.26122297833859925,0.03865647045191264,0.02703829392344832,0.46517824412467296,False
7,60.0,17,14,1.4031557517469193,0.17118748191438626,0.488557120704049,0.2580982606024252,0.03815632749225001,0.026851634182469088,0.4660109598483706,False
7,61.0,17,14,1.3722149229616183,0.18054115248689628,0.47874119855654534,0.24973801459940284,0.037515926313924704,0.026683627135079633,0.47048986997619296,False
7,62.0,17,14,1.328674547624079,0.19439860789123825,0.4645006069607777,0.23788201959253527,0.03680441605505592,0.026522647824253693,0.4827801697519102,False
7,63.0,17,14,1.277801548620629,0.21161360697533657,0.4475040948013246,0.2241668697264504,0.0360643755012877,0.026356169891350593,0.5015729333271333,False
7,64.0,17,14,1.222558870146705,0.23157337164827813,0.4287496097992947,0.2096000795540417,0.03530969502390542,0.02617589391031993,0.5207682266882901,False
7,65.0,17,14,1.1645001882538673,0.2540053453602991,0.4088210166180439,0.19479210076503287,0.03454389077315066,0.025979060963990722,0.5339098952427144,False
7,66.0,17,14,1.1051917048051192,0.2784974400885709,0.3883099770700327,0.180290848516287,0.03378077110514506,0.025769456796825962,0.5546791331905806,False
7,67.0,17,14,1.046491879613437,0.3043364240817134,0.36788747210828276,0.16661196343100096,0.033050588509001916,0.025559081723449156,0.5732926021688836,False
7,68.0,17,14,0.9900678869318827,0.3306903730953301,0.34815663934910557,0.15412643338954152,0.03238925377143714,0.025366307864501093,0.591377149063362,False
7,69.0,17,14,0.9373334211479148,0.35667579166661845,0.32964744325262496,0.14307196380803913,0.03182199275730926,0.02520741244472926,0.6023989722214724,False
7,70.0,17,14,0.8899981395757169,0.3811191906454182,0.31299706266301647,0.1336744197635358,0.03135411430072208,0.02508630317481215,0.6176336722999703,False
7,71.0,17,14,0.849912536022459,0.4026449509314667,0.29888288431852794,0.1261144420319913,0.03097179943063363,0.02499245494872688,0.631438544900245,False
7,72.0,17,14,0.8171485190600067,0.4208011830081134,0.2873574107526,0.12021727033814052,0.030646943681868304,0.024911433766078232,0.6393843721317128,False
7,73.0,17,14,0.7874866322426017,0.4376798982230058,0.27698033449772075,0.11511976432165351,0.030340825226674768,0.024840074460485456,0.6473143184393467,False
7,74.0,17,14,0.7519992842054893,0.45842489094657934,0.264665028494013,0.10933021320008783,0.03000819076854627,0.024792033801540613,0.6605092768355517,False
7,75.0,17,14,0.7003298241229424,0.4896596741009932,0.24679123926522756,0.10142756599002864,0.02960589871152278,0.024786169821910186,0.678585410057319,False
7,76.0,17,14,0.6263458906812106,0.5364067594425903,0.2211468911284231,0.0911156055569277,0.029104519448568143,0.024824178542050206,0.7081776081388148,False
7,77.0,17,14,0.532503652676578,0.5989077740379173,0.18846991120841325,0.07970618411943056,0.028494461571389695,0.02487298708314466,0.7458599409812461,False
7,78.0,17,14,0.42958846654659033,0.6711626388534168,0.15243783130042468,0.0693324798004542,0.02777960044583771,0.02486449270458049,0.7914505614930324,False
7,79.0,17,14,0.3315312632770881,0.7430935572855095,0.11792634844651502,0.06152115551216993,0.02696102332785604,0.024713086753521456,0.8365404352733903,False
8,0.0,17,14,-0.09716667494013638,0.9234120585785335,-0.03461551362383343,0.05098665990438131,0.5150846953750091,0.5301289147561853,0.9513484822640655,False
8,1.0,17,14,0.01734676683222604,0.9863082722212086,0.0061875941325436066,0.0500315078273519,0.45530451944916,0.4531503151345845,0.9924267418394276,False
8,2.0,17,14,0.18059517041234235,0.8582640080156742,0.06444559370084915,0.0534248764321468,0.3991434879020711,0.3816578107209821,0.9076060848508178,False
8,3.0,17,14,0.40504216434581675,0.6891019189006432,0.1443423624755971,0.0673152312588201,0.3485445737041791,0.318579180398571,0.8024661902170153,False
8,4.0,17,14,0.6950924182727711,0.493390937555899,0.24666328353481157,0.1013731185085671,0.3043128632667749,0.26529980447392226,0.6803530301728402,False
8,5.0,17,14,1.0310515186259825,0.31154107112304985,0.3631539729704459,0.16355092172194904,0.26662199640314904,0.22214069036130343,0.5804683912976604,False
8,6.0,17,14,1.3553427962811064,0.18579600837918972,0.47289529517975204,0.24483147545873435,0.2353270419348703,0.18862263929942785,0.4749190159536386,False
8,7.0,17,14,1.5880543226777202,0.12329720277682316,0.5494465537447325,0.31313535265299575,0.21014612958054493,0.16370396878860033,0.44927341787840686,False
8,8.0,17,14,1.6787428214586448,0.10454997640252607,0.5778785735654887,0.3405073988287733,0.19074664469548197,0.14605544354835368,0.4400947712762131,False
8,9.0,17,14,1.6421062455900703,0.1121946227686358,0.5642213296905482,0.3272399157188057,0.17675321413242917,0.13430012240187636,0.44264461086039397,False
8,10.0,17,14,1.5362852110395815,0.13618841245071245,0.5276420351027044,0.29282884375513935,0.16770166500993416,0.12714474909620843,0.4538520427582829,False
8,11.0,17,14,1.418405784172108,0.167698807490812,0.4867743511375761,0.25656866630401187,0.16296750018006712,0.12341565133177425,0.46517824412467296,False
8,12.0,17,14,1.320874273977272,0.19809413047358138,0.45240585128625393,0.2280728411769068,0.16169630081976424,0.12206072248393426,0.4849298349539143,False
8,13.0,17,14,1.2518064405959306,0.2223085996705787,0.4274794874788965,0.20863550194051103,0.16277291604075597,0.12215643902124732,0.5132194590651368,False
8,14.0,17,14,1.2056485895378592,0.2399232384318975,0.4103952542737713,0.19593628778245706,0.1648761907994906,0.12291833795826745,0.5243500915990251,False
8,15.0,17,14,1.1734586348668696,0.2529299796840274,0.3983263271591063,0.18727765990205095,0.1666453387956061,0.12370090204809879,0.5331423370492395,False
8,16.0,17,14,1.1487150603903957,0.26324837770033677,0.38914269764602105,0.18086477252423222,0.16692715217741336,0.12398757860568035,0.5434912685640811,False
8,17.0,17,14,1.1290105224820681,0.271578204295699,0.3820115883587444,0.17599079897842626,0.16501727014154832,0.12338774410424713,0.5495160770082967,False
8,18.0,17,14,1.1157129059251127,0.277221282658322,0.377331290399515,0.17284238401997326,0.16079890037579192,0.12165503762247068,0.5546626695505927,False
8,19.0,17,14,1.1132575732646384,0.27822999955700717,0.37653119750067393,0.17230818108518203,0.1547267592591719,0.11872086594761354,0.5546791331905806,False
8,20.0,17,14,1.1286415397913685,0.27170517140965783,0.38192569767125567,0.17593265974480785,0.14766928429545798,0.11471473214363828,0.5495160770082967,False
8,21.0,17,14,1.1707816023702713,0.2545213524543442,0.396509465009661,0.18599684896623223,0.14066935017536716,0.10993955623916696,0.5339098952427144,False
8,22.0,17,14,1.2489630737071666,0.2248700825068574,0.42342023224668257,0.20557163214855362,0.1346985396872645,0.10479331138809707,0.515156916288437,False
8,23.0,17,14,1.3699424882832711,0.18433360756354775,0.4649062009086807,0.23821514987381412,0.1304700346960779,0.09966415750987505,0.47350992682738047,False
8,24.0,17,14,1.5343279002160717,0.1388328623216291,0.5210484547743593,0.2868147518168124,0.12835030900865002,0.09484663247965577,0.4538520427582829,False
8,25.0,17,14,1.7340788902559583,0.09650318206797312,0.5889427597863075,0.3514070980177671,0.12837547373394076,0.0905130076616371,0.42380077472373373,False
8,26.0,17,14,1.9532502885690646,0.0633722335077195,0.6630562507243289,0.4272424424929165,0.13034299331174382,0.08673695603336837,0.37167427069695336,False
8,27.0,17,14,2.1722090630433906,0.040856550293332086,0.7367352517240967,0.5054672316318942,0.13392833860380138,0.08353695656048486,0.37167427069695336,False
8,28.0,17,14,2.3730050107110054,0.02696614480963395,0.8040066728517,0.576797353855446,0.13877965578750492,0.08090652867861663,0.3376899021132159,False
8,29.0,17,14,2.543093750059882,0.01883810194574978,0.8607565134858786,0.6351632145799898,0.1445673707317277,0.07882150996623508,0.3346321985274807,False
8,30.0,17,14,2.6762764099069347,0.014197341454799253,0.9049838314564398,0.67864025738364,0.15099320380858378,0.07723646360775216,0.3297337739176818,False
8,31.0,17,14,2.771661753925635,0.011608045134790398,0.936440468807439,0.7081763878718113,0.15777929027281945,0.07608533480479385,0.32308580943537474,False
8,32.0,17,14,2.832130941893891,0.01024878936614,0.9561327467155828,0.7259972682315395,0.16465923068175956,0.07528962664398786,0.32308580943537474,False
8,33.0,17,14,2.86316227637122,0.009656344280583646,0.9659392292514338,0.734666480124295,0.17138373201274162,0.07476701457595515,0.32308580943537474,False
8,34.0,17,14,2.871948827719709,0.009551871669001686,0.968311621246767,0.7367426106820979,0.1777399600146076,0.07443435985646926,0.32308580943537474,False
8,35.0,17,14,2.8663890519928454,0.009743221585037251,0.9659271419444262,0.7346558810040975,0.18357146209698116,0.07420725021131991,0.32308580943537474,False
8,36.0,17,14,2.853821057287242,0.010081344741865958,0.9612595604586035,0.7305469563059958,0.18878201827449237,0.07400324637146598,0.32308580943537474,False
8,37.0,17,14,2.8397944003826625,0.010452893116433154,0.9561714473567865,0.7260317541864804,0.19331710151618295,0.0737530623390014,0.32308580943537474,False
8,38.0,17,14,2.8273407360800387,0.010789310278869863,0.9516798684551145,0.7220150524329131,0.197134982653554,0.07341627311648938,0.32308580943537474,False
8,39.0,17,14,2.8170612222560067,0.011071003764108345,0.9479941150551308,0.7186976340664862,0.20019016578185223,0.07299252617435237,0.32308580943537474,False
8,40.0,17,14,2.8079471129200386,0.011315656889465729,0.9447903242063627,0.7157985585596521,0.2024431695889882,0.07252009917852109,0.32308580943537474,False
8,41.0,17,14,2.7984221847725332,0.011557531605275617,0.9415537987189698,0.7128554195141705,0.20388804324143486,0.07206049188582489,0.32308580943537474,False
8,42.0,17,14,2.7870582295406137,0.01183145953749901,0.9378132889703704,0.7094360953828801,0.20457170199963115,0.07167565093387428,0.32308580943537474,False
8,43.0,17,14,2.772835881463639,0.012166545702806638,0.9332272991800741,0.7052180521026495,0.2045834688911729,0.07140771812992423,0.32308580943537474,False
8,44.0,17,14,2.7552207637966046,0.012584158993982,0.9276094225761752,0.7000127427381949,0.20401715919492291,0.07126811818799181,0.32308580943537474,False
8,45.0,17,14,2.734301839188548,0.01309357916470516,0.9209737078756903,0.693811289035596,0.20293190144587112,0.07123720087017317,0.32308580943537474,False
8,46.0,17,14,2.7109349728919314,0.013685146199509082,0.9135832675265291,0.6868385357084316,0.2013410310876175,0.07127304055844794,0.3297337739176818,False
8,47.0,17,14,2.686622733146807,0.014327839497807178,0.9059146436258019,0.6795319591687667,0.1992380641338939,0.07132898702881472,0.3297337739176818,False
8,48.0,17,14,2.6629526309907328,0.01497967682103811,0.8984793396275689,0.6723805107012281,0.1966423827603345,0.07137813662732886,0.3311443223639877,False
8,49.0,17,14,2.640797984258798,0.01561041618284746,0.8915687491209164,0.6656764239839832,0.19363567521451266,0.07143432629377759,0.33440046428963005,False
8,50.0,17,14,2.6199159189489136,0.016218845260037303,0.8851270578630576,0.6593791683335183,0.1903692172428073,0.07155050078641766,0.3346321985274807,False
8,51.0,17,14,2.5996059783451186,0.01681837566705373,0.878962298927662,0.6533106724982868,0.18704077711787045,0.07178200836055527,0.3346321985274807,False
8,52.0,17,14,2.580385150732077,0.017383646125491554,0.8732755201501009,0.647677515669064,0.1838538223356942,0.07212925232774015,0.3346321985274807,False
8,53.0,17,14,2.5654735809361995,0.017793118202333938,0.8691207121792209,0.6435411997600018,0.18097515020967875,0.07250094726138455,0.3346321985274807,False
8,54.0,17,14,2.560355042668001,0.017838692970631016,0.8682494953783395,0.6426716933246114,0.17850367461738423,0.07273604684661751,0.3346321985274807,False
8,55.0,17,14,2.569845651752094,0.01734967897834749,0.8721694301020045,0.6465780311276965,0.17645845252990655,0.07268270617002438,0.3346321985274807,False
8,56.0,17,14,2.59440185724548,0.016355964336543124,0.8809680526091861,0.6552895240351162,0.1747898365959784,0.07228600415245932,0.3346321985274807,False
8,57.0,17,14,2.628591877073701,0.015116403719177007,0.8928322012730624,0.6669061599481031,0.17341170983858162,0.07162305809770252,0.3311443223639877,False
8,58.0,17,14,2.6633397156312606,0.01396206208953397,0.9047765446805919,0.6784415396321732,0.1722436162467058,0.07085864196194228,0.3297337739176818,False
8,59.0,17,14,2.690706563783293,0.013110737478613193,0.9141887810132313,0.6874123953488355,0.17124337293318712,0.07015107421728162,0.32308580943537474,False
8,60.0,17,14,2.707936865622533,0.012595939108424044,0.9201455515260961,0.6930333623224979,0.1704122344063015,0.06957284170616733,0.32308580943537474,False
8,61.0,17,14,2.7180156122370955,0.012306567888171,0.9236065402169477,0.6962786153352364,0.16977037928013705,0.06909594579598988,0.32308580943537474,False
8,62.0,17,14,2.726680369293822,0.01207911774308782,0.9264509344575167,0.6989341750685784,0.16932178597166342,0.06864087941342781,0.32308580943537474,False
8,63.0,17,14,2.738452571851114,0.011793480713567386,0.9301804816369993,0.7024001568173969,0.1690365643295194,0.06814329240312336,0.32308580943537474,False
8,64.0,17,14,2.7545961251201723,0.011419800761085352,0.935243876299432,0.7070763147048275,0.16886505632298396,0.06758937463826874,0.32308580943537474,False
8,65.0,17,14,2.7738581702662946,0.010992854261162144,0.9412699391992981,0.7125966040076432,0.16877114334848542,0.06700612677447784,0.32308580943537474,False
8,66.0,17,14,2.794528993910694,0.010554785166623695,0.947733596709104,0.7184624285656105,0.16875512711552906,0.06642955979365674,0.32308580943537474,False
8,67.0,17,14,2.815808022412004,0.010122893872120625,0.9543979613424017,0.7244492073467853,0.16884485540881933,0.06588154446320237,0.32308580943537474,False
8,68.0,17,14,2.8376846837933094,0.009696232488331567,0.9612756672558844,0.7305611900071852,0.1690613095305371,0.06536702772657797,0.32308580943537474,False
8,69.0,17,14,2.8600317026268907,0.009276864992438693,0.9683350282846739,0.7367630532243928,0.16938828652835788,0.06488309101700943,0.32308580943537474,False
8,70.0,17,14,2.8820316034762654,0.008880058047378408,0.9753127826616832,0.7428206822352572,0.16977365610934977,0.06442735352876643,0.32308580943537474,False
8,71.0,17,14,2.9023721180401605,0.008528105323826618,0.9817765910804234,0.7483667081665619,0.1701619518956187,0.06400105267356566,0.32308580943537474,False
8,72.0,17,14,2.9198504162503776,0.008238430966971548,0.9873247029859814,0.7530761377361066,0.17052906095953618,0.06360830842724328,0.32308580943537474,False
8,73.0,17,14,2.9338926292541436,0.00801577414379064,0.991761740994065,0.7568081982967544,0.1708868057026669,0.06325279324937273,0.32308580943537474,False
8,74.0,17,14,2.9448018114040195,0.007850227048415242,0.9951836863935275,0.7596654684134375,0.1712505744659707,0.0629314485310267,0.32308580943537474,False
8,75.0,17,14,2.953704357885669,0.007719868832247149,0.9979596307950194,0.761969822551992,0.17159113495073536,0.0626263007084442,0.32308580943537474,False
8,76.0,17,14,2.9621124845554134,0.0075984459614818044,1.000586821969201,0.7641394817139973,0.1717970328057899,0.0622975287486997,0.32308580943537474,False
8,77.0,17,14,2.9711319099194395,0.007467704600448567,1.0034313065441234,0.766476236602312,0.17165830655628758,0.06188011036494307,0.32308580943537474,False
8,78.0,17,14,2.9807187441932617,0.007328002116037125,1.0064862212656238,0.7689714823365837,0.17086789326087115,0.06128378828099746,0.32308580943537474,False
8,79.0,17,14,2.9895812741736507,0.0071979061273798545,1.0093418696430259,0.7712904352040703,0.16903823647859828,0.06039543339194658,0.32308580943537474,False
9,0.0,17,14,-0.9896978987840129,0.34038471331002096,-0.36431098982586185,0.1642953161962175,0.5560583208924793,13.086604916908675,0.5961636508881453,False
9,1.0,17,14,-0.9882638528695232,0.3410601741105648,-0.3637830605407877,0.16395535338232922,0.4984557644844687,11.065918624867544,0.5961636508881453,False
9,2.0,17,14,-0.9864593994508895,0.34191141613460685,-0.36311871368464504,0.16352827566574585,0.44374536447432616,9.102495358116164,0.5962745803869961,False
9,3.0,17,14,-0.9841315130826923,0.34301175096876846,-0.3622615670369106,0.16297846139394478,0.39413795773034477,7.2728607608416285,0.5967480928141502,False
9,4.0,17,14,-0.980982111281306,0.3445042959074147,-0.36110179188314373,0.1622366900764983,0.3508900122283336,5.630542715433991,0.5974195391678175,False
9,5.0,17,14,-0.9764760743949314,0.3466476005212622,-0.3594421858227187,0.16117956541186695,0.31460114205669804,4.214925673247011,0.5977681990874191,False
9,6.0,17,14,-0.9696945456869166,0.3498906739374621,-0.35694399630094487,0.15959790442109914,0.28532137629747495,3.0496351437822873,0.5985163407125732,False
9,7.0,17,14,-0.9591000091515762,0.3549991729316361,-0.35303998164476347,0.15714935677819292,0.26262718549511876,2.1376913620939058,0.6009777395106346,False
9,8.0,17,14,-0.9421480666321795,0.36327957950542544,-0.3467902461364848,0.15328853776759824,0.2457566915495526,1.4606762596553104,0.606818662049417,False
9,9.0,17,14,-0.9146173560146532,0.37700653607386747,-0.33663209838259167,0.14716841661692381,0.23378005249280875,0.9840604305421404,0.6139298681138261,False
9,10.0,17,14,-0.8694344307088245,0.4002834828405598,-0.3199380973329862,0.13752894632541665,0.22574134058399545,0.6657809410105109,0.629266610579046,False
9,11.0,17,14,-0.7947815205030833,0.4407745983051252,-0.2922981581133555,0.12271488894127386,0.2207434885361329,0.4640968693078727,0.6484937488668066,False
9,12.0,17,14,-0.6722463523540241,0.5126515947812579,-0.24682064646345447,0.10144008354700826,0.21798026911002366,0.3426721994147496,0.6944339344877698,False
9,13.0,17,14,-0.4804934108974806,0.6378876662855615,-0.17564169429845303,0.07575001590441288,0.21672041968660088,0.27282040525467804,0.7700488234920311,False
9,14.0,17,14,-0.2171627485511773,0.8305728439432905,-0.07866153958170975,0.055107552873395624,0.21625389387265803,0.23368838180018822,0.8912409303078086,False
9,15.0,17,14,0.07375428811307082,0.9418631000736408,0.026371111524216395,0.05057249822177649,0.21583876610175126,0.21123943685218108,0.9619027405007397,False
9,16.0,17,14,0.33366088462503973,0.7412398576541954,0.11779916619309434,0.06149615842277948,0.21470961524227947,0.19673747196920857,0.835199839610361,False
9,17.0,17,14,0.5456364425648051,0.5895212447567967,0.19074390774658745,0.08043804944562667,0.21218524427388874,0.1852222594203683,0.7411292276313932,False
9,18.0,17,14,0.7247089338440522,0.47446270031399507,0.2514840484878692,0.10344528779475724,0.20784806634679068,0.17423941429878434,0.6705810458728365,False
9,19.0,17,14,0.8874780838491113,0.3823890075655023,0.3061495942538856,0.1299601729599283,0.20170604517838386,0.16289589333456547,0.6184452497060272,False
9,20.0,17,14,1.0421104169689706,0.30676113823142853,0.35760881163158326,0.1600176849086108,0.19423905448275722,0.1511965803953969,0.5760829057974216,False
9,21.0,17,14,1.1897651082126068,0.24540211492350475,0.4062753908018133,0.19295124554180867,0.18628470422855756,0.13958355515004653,0.5271002533364808,False
9,22.0,17,14,1.3282545490814395,0.19712200235949795,0.45151463303628486,0.22735966787372835,0.1788009296670367,0.12861661528028145,0.48477243922289465,False
9,23.0,17,14,1.455096086338457,0.16017457927049544,0.49268961722081267,0.2616627960526451,0.1726044128189708,0.11876445100078584,0.463155409938782,False
9,24.0,17,14,1.5688273639274126,0.1323357020925955,0.5295142597481826,0.2945474961604158,0.16819116124780842,0.11029537258519084,0.4538520427582829,False
9,25.0,17,14,1.6689171109521153,0.1114765093738981,0.5619396140270961,0.3250444026562097,0.16569758336941143,0.10325654434999233,0.44264461086039397,False
9,26.0,17,14,1.7555538796522707,0.09584182966558383,0.5900699421887887,0.35252476285327283,0.16498740115440214,0.09751815118526096,0.42350693099464065,False
9,27.0,17,14,1.829714782904665,0.0840450609522995,0.6142169285326355,0.37676600323804704,0.16579366203959764,0.09284808927825292,0.4022669584041685,False
9,28.0,17,14,1.8930450976099582,0.07501659455127857,0.6348926640607276,0.3979284458099016,0.16783467367188343,0.08898422745373012,0.3895878060827143,False
9,29.0,17,14,1.94741061225494,0.06797086173671539,0.6526805022512122,0.4163858786299545,0.17085786457152063,0.08568485107848799,0.37670994472380653,False
9,30.0,17,14,1.99448292919698,0.06235986397851364,0.6681061892958323,0.4325473141366692,0.1746202381858735,0.08275476552600478,0.37167427069695336,False
9,31.0,17,14,2.0356106212968794,0.05780711279556025,0.6815979163086606,0.4467783874330785,0.1788532690310107,0.08005509794727114,0.37167427069695336,False
9,32.0,17,14,2.0718334561743847,0.054052204676697704,0.6934901376723466,0.45938112752664073,0.18326071823328136,0.07750516308159613,0.37167427069695336,False
9,33.0,17,14,2.103784598665812,0.05092754449890207,0.703987818914937,0.4705411791783005,0.18756224182664255,0.07507832892600703,0.37167427069695336,False
9,34.0,17,14,2.1315004035576846,0.04835287813929251,0.7130995711550765,0.4802474343618354,0.19155095083177032,0.07278860924620201,0.37167427069695336,False
9,35.0,17,14,2.1544165703288627,0.046316999286517294,0.7206341557143563,0.48828301193445095,0.1951144379893355,0.07066689695485319,0.37167427069695336,False
9,36.0,17,14,2.171725024051693,0.044836309230676476,0.7263188550980209,0.49434917828420316,0.19819346047975864,0.06873393433562283,0.37167427069695336,False
9,37.0,17,14,2.182902146142953,0.04391077126206162,0.7299759472306283,0.49825251748697846,0.20070314447273033,0.06698293412928305,0.37167427069695336,False
9,38.0,17,14,2.1880080861373767,0.043505318880432124,0.7316229916278681,0.5000105559718234,0.20247730212794074,0.06538090788312136,0.37167427069695336,False
9,39.0,17,14,2.1875633195197834,0.043563261795556286,0.7314317859855713,0.49980646391037187,0.20328647029542973,0.06388585307528132,0.37167427069695336,False
9,40.0,17,14,2.182201079847317,0.04403274463980534,0.7296121466415686,0.49786420502274964,0.20293066012354438,0.06246670572222596,0.37167427069695336,False
9,41.0,17,14,2.172429818104247,0.04488261948980846,0.7263321522507051,0.4943633699506342,0.20135554615439485,0.061112957833910284,0.37167427069695336,False
9,42.0,17,14,2.158646187762232,0.046098802715853204,0.7217219954217209,0.4894436741303937,0.19872286489144228,0.05983037812973125,0.37167427069695336,False
9,43.0,17,14,2.14130000442048,0.047668088286281864,0.7159288287110098,0.4832640227596604,0.19539218324849303,0.05862954168232602,0.37167427069695336,False
9,44.0,17,14,2.121041251244376,0.049561388953257096,0.7091661180389003,0.47605551569987,0.19182174597900106,0.05751673468766313,0.37167427069695336,False
9,45.0,17,14,2.098765483354543,0.051723019960857534,0.7017296183142573,0.46813818450021505,0.18843771540124266,0.05649193884227773,0.37167427069695336,False
9,46.0,17,14,2.075586829976848,0.054064964007416366,0.6939893641883113,0.45991118514352225,0.1855307998776896,0.0555521223808092,0.37167427069695336,False
9,47.0,17,14,2.052780189547354,0.056464849459405185,0.6863709007040185,0.4518306987551311,0.1832172864231934,0.05469534027323246,0.37167427069695336,False
9,48.0,17,14,2.0316591612423283,0.05877427743064554,0.6793141211600389,0.4443639974875245,0.18146653875367022,0.05392235358275925,0.37167427069695336,False
9,49.0,17,14,2.0133467799443356,0.0608458046629521,0.6731955553159089,0.4379061578810441,0.18016979127646165,0.05323480674236841,0.37167427069695336,False
9,50.0,17,14,1.9985044211475913,0.06257299622810464,0.668236601297484,0.432684478152317,0.1792153661528547,0.052630950049942685,0.37167427069695336,False
9,51.0,17,14,1.9871567169814626,0.06392381572618058,0.6644443826153336,0.42869935905385675,0.17854108964881696,0.05210165014030075,0.3724578396068788,False
9,52.0,17,14,1.978691655754908,0.06495064562681072,0.6616120119828954,0.4257277109547581,0.17814799107020113,0.05163016829036709,0.374433405966953,False
9,53.0,17,14,1.9720447802193308,0.06577133969153398,0.6593812421236773,0.4233902574696773,0.1780739071677143,0.05119699512615049,0.37515081204231615,False
9,54.0,17,14,1.9660821677259819,0.06652030320822386,0.6573720152665533,0.42128728684377265,0.1783396088001021,0.05078654789802628,0.3766992451342115,False
9,55.0,17,14,1.960145525331127,0.0672770099278004,0.6553658008615552,0.4191897479501718,0.1788935913406626,0.050390218785815157,0.37670994472380653,False
9,56.0,17,14,1.9545084281965055,0.06800434098615557,0.6534579425412052,0.41719720849704867,0.1795890695339101,0.05000353359050368,0.37670994472380653,False
9,57.0,17,14,1.950348748475714,0.06854742506241414,0.6520469625532991,0.41572499013656267,0.18021590029170875,0.04962126173241205,0.3767982227964955,False
9,58.0,17,14,1.9490921020945733,0.06871674281575159,0.6516133447438176,0.41527279356043095,0.18057760299822292,0.0492365903847189,0.3767982227964955,False
9,59.0,17,14,1.951484690258012,0.06841313561637638,0.652408679211572,0.4161022918672202,0.18056925675747293,0.04884623142353321,0.3767982227964955,False
9,60.0,17,14,1.9570161836632312,0.06770654567669189,0.6542627854142792,0.4180375138129537,0.18020707079676676,0.04845699221796313,0.37670994472380653,False
9,61.0,17,14,1.9641083965218895,0.06680581217648425,0.6566472450374634,0.4205292586870488,0.1795940154180883,0.048087220911882424,0.37670994472380653,False
9,62.0,17,14,1.9709860542736872,0.06593817173504798,0.6589669153990513,0.4229564156325499,0.17885094361819673,0.04776021958648202,0.37515081204231615,False
9,63.0,17,14,1.9766703936577144,0.06522373362835941,0.6608923992553066,0.42497338906166576,0.17806154652284337,0.0474926400286011,0.3745270779600481,False
9,64.0,17,14,1.9814321400175945,0.06462678385109089,0.6625117334301267,0.4266712179364667,0.17726044321166826,0.04728463059647057,0.37310308202691644,False
9,65.0,17,14,1.9864396734710847,0.06400523552200181,0.6642129528827149,0.42845639221929327,0.17645764516549903,0.04711790152769796,0.3725016016522969,False
9,66.0,17,14,1.9929117286004632,0.0632160046209091,0.6664009935027474,0.43075460049311565,0.1756696773026763,0.04696326500840131,0.37167427069695336,False
9,67.0,17,14,2.0013590282102354,0.062206075130557176,0.6692444828917822,0.4337448196775828,0.1749314385350314,0.046793307676609976,0.37167427069695336,False
9,68.0,17,14,2.0113445907675724,0.06103643276231727,0.672596103983028,0.4372743430786809,0.17428426802420532,0.04659289400965411,0.37167427069695336,False
9,69.0,17,14,2.02180863910055,0.05983584626451492,0.6761015825418131,0.44097133394350024,0.1737548478293372,0.04636260268056442,0.37167427069695336,False
9,70.0,17,14,2.0316575862168706,0.05872788778376846,0.6793965216448643,0.44445107388503524,0.17334309741959397,0.04611556204233613,0.37167427069695336,False
9,71.0,17,14,2.040205493099973,0.05778288628345443,0.6822535330777285,0.4474718701916674,0.17302610439922014,0.045871358105213374,0.37167427069695336,False
9,72.0,17,14,2.047233553713223,0.05701681873908151,0.6846015900769208,0.4499568703937782,0.1727703272622904,0.045649607355362054,0.37167427069695336,False
9,73.0,17,14,2.0527477868499187,0.05642185839928332,0.6864445837437744,0.45190875848287615,0.17253715882052134,0.04546328133166434,0.37167427069695336,False
9,74.0,17,14,2.056714036369716,0.05599621422893336,0.6877724051976293,0.4533157730249697,0.17227249984189635,0.0453115938007242,0.37167427069695336,False
9,75.0,17,14,2.0589919635993486,0.05575104238912416,0.688538738756455,0.45412808507446845,0.17188497805536374,0.04517412388429367,0.37167427069695336,False
9,76.0,17,14,2.059463892340313,0.05569666984301382,0.688704294774358,0.45430359995901,0.17122767187158686,0.045008750842699244,0.37167427069695336,False
9,77.0,17,14,2.0581899201259084,0.055826266694545844,0.6882890608630154,0.4538634053349938,0.17009427914625785,0.044754076222774775,0.37167427069695336,False
9,78.0,17,14,2.055461647720189,0.05610978531551507,0.6873906414133955,0.4529111782939899,0.16822680712770957,0.04433408153620868,0.37167427069695336,False
9,79.0,17,14,2.05177775759481,0.05649548547075878,0.6861761819740383,0.4516244231048292,0.16532535319266117,0.04366228849454284,0.37167427069695336,False
10,0.0,17,14,-0.8323593214485694,0.4194759834024303,-0.30553560928837864,0.12963141653905275,0.250464506259254,0.443522713241342,0.6385258098303379,False
10,1.0,17,14,-0.7648001324805058,0.4573125432915347,-0.280681303292258,0.1169147567404545,0.22631771297247677,0.3664482564104375,0.6605092768355517,False
10,2.0,17,14,-0.6663707467118257,0.516088145227682,-0.2444281571600741,0.10042689381504542,0.2039312461043761,0.29640648347083454,0.6963739135726627,False
10,3.0,17,14,-0.5203511095528099,0.6108244305191737,-0.19063138524628054,0.08040161789399444,0.18406674129151038,0.2364950354258446,0.7539934190097074,False
10,4.0,17,14,-0.29922121201826724,0.7688805954969045,-0.10931796356973622,0.05989149242671311,0.166974277509881,0.18800505030331252,0.852225964032315,False
10,5.0,17,14,0.03708444060100822,0.9708546720087551,0.013467439493324358,0.05014927117306062,0.15264639661124701,0.15087971160516117,0.9815662080088516,False
10,6.0,17,14,0.5249081378923326,0.6051403556274259,0.1883357125459908,0.07966328195765404,0.14102657032340804,0.12403353549434999,0.750206880564232,False
10,7.0,17,14,1.1251251250505734,0.2702295320508177,0.39594850956868394,0.18560260293428857,0.1321679672872731,0.10574971382960273,0.5484635962898486,False
10,8.0,17,14,1.643262794243572,0.11151591626377487,0.566919796530296,0.32984436961153124,0.12630376411378197,0.09416882716137244,0.44264461086039397,False
10,9.0,17,14,1.8952264149449725,0.06997843096445545,0.6464631968278685,0.40991088319441,0.12379685797801278,0.0876931385558289,0.3796461701408563,False
10,10.0,17,14,1.9155066293423795,0.0680525255652307,0.6508172504636154,0.41444288772677484,0.1249839511072216,0.08515208309652803,0.37670994472380653,False
10,11.0,17,14,1.8270490824609182,0.08114445057514004,0.6199211333214817,0.3825699254230582,0.12996938699769672,0.08572709980664471,0.39705634067835516,False
10,12.0,17,14,1.7121783388278828,0.10108667161527571,0.5802631701096745,0.34284543173039544,0.13843579443340814,0.08874250479804009,0.4334699463685022,False
10,13.0,17,14,1.6084171216489047,0.12258376773004365,0.5442892075405172,0.3082760191288976,0.14953060488929293,0.09344710182436423,0.44927341787840686,False
10,14.0,17,14,1.5295673280774138,0.14146172008573393,0.5167349360059155,0.2829133838199745,0.1618653599962625,0.0988882037152354,0.4538520427582829,False
10,15.0,17,14,1.4788106143679203,0.15498134865279117,0.49874199572675654,0.26693052666156875,0.17363218429206548,0.10394055428179524,0.4606145309863377,False
10,16.0,17,14,1.454531121893492,0.1620373788470928,0.4897992166298531,0.25916687636721875,0.18282016078129876,0.10748766961614602,0.46418795885475583,False
10,17.0,17,14,1.4526301697769288,0.16299567970855527,0.4885454548910377,0.2580882354438624,0.18752106350301934,0.10867572360815536,0.4645785671066477,False
10,18.0,17,14,1.4677438350110943,0.15920984938351132,0.4931886431568286,0.26209501454762846,0.1863200369252667,0.10711893984318935,0.46185621379128444,False
10,19.0,17,14,1.4944403411335208,0.15234685944822357,0.5019100327233286,0.2697099387384117,0.17871555700148292,0.10296466649268923,0.4584048785785354,False
10,20.0,17,14,1.5285790900762486,0.14374724112303613,0.5133291912273028,0.279851816667901,0.165409495631491,0.09680373977602459,0.4538520427582829,False
10,21.0,17,14,1.568542694487866,0.13402497722566067,0.5269420258773223,0.2921874916821835,0.14826112837598904,0.08948007071954797,0.4538520427582829,False
10,22.0,17,14,1.6156715407030706,0.12305321141262641,0.5433104631076432,0.30735768726876717,0.12981760092089964,0.08187598957971083,0.44927341787840686,False
10,23.0,17,14,1.6722820468543165,0.11057643307636877,0.5634466874848799,0.3264938461368956,0.11257680966296565,0.07473436308309729,0.44198097885139914,False
10,24.0,17,14,1.7347354312401286,0.09765430726676225,0.5864303522734401,0.34892064126064404,0.0983174700565173,0.06855136762072651,0.4264971478548369,False
10,25.0,17,14,1.786230248794964,0.08750786830604834,0.6065468198332254,0.3690066118915714,0.0877890272766699,0.06354942180370497,0.40638254985242844,False
10,26.0,17,14,1.8118865155173807,0.08238515651076707,0.6178922066892701,0.38050236838248463,0.0808265166117178,0.05971845933708801,0.3998683627793186,False
10,27.0,17,14,1.8246316438262553,0.0798606692745782,0.6239909286998843,0.38672745923712176,0.07672698170815029,0.05689671220755212,0.39268075428670646,False
10,28.0,17,14,1.8466387796390134,0.07627376895333042,0.6324066588889735,0.395366268790532,0.07464700888227276,0.054856389747465546,0.391185760243823,False
10,29.0,17,14,1.8841412113469045,0.07075544558037512,0.6455896074962881,0.4090030433871957,0.07385952850649928,0.05336872137535731,0.3811827131930065,False
10,30.0,17,14,1.9330644403765038,0.06417857182088786,0.6623131446562102,0.4264629277606867,0.07383978013742937,0.052240380790129305,0.37272649840541344,False
10,31.0,17,14,1.9880301647290202,0.057502418235639,0.6807747646209479,0.44590792863886075,0.0742390787349114,0.05132750066637128,0.37167427069695336,False
10,32.0,17,14,2.0434619315919886,0.05146924268216019,0.6990897326442935,0.46533054370732163,0.07482336014822022,0.050537054495560875,0.37167427069695336,False
10,33.0,17,14,2.0928645137904565,0.04665272703505246,0.7151109273051619,0.48239185675862295,0.07542674631301012,0.049820614802360164,0.37167427069695336,False
10,34.0,17,14,2.1303716612058072,0.043356302112597264,0.7269577075288408,0.49503101546724065,0.07593359690124017,0.04916059473157313,0.37167427069695336,False
10,35.0,17,14,2.153876362343273,0.041492582757920074,0.7340343182887143,0.5025843875051789,0.07627718552840365,0.04855017263630114,0.37167427069695336,False
10,36.0,17,14,2.1668740297469657,0.040586131811330424,0.7376036325046283,0.5063940499610905,0.07643648274962228,0.047973885790572955,0.37167427069695336,False
10,37.0,17,14,2.1771159337284116,0.03992170750725461,0.7403117768607663,0.5092842079621405,0.0764217149249392,0.04739919036831276,0.37167427069695336,False
10,38.0,17,14,2.1928035820211456,0.03882198694787531,0.7449211819691135,0.5142022532548928,0.07625379133851441,0.04678437657705586,0.37167427069695336,False
10,39.0,17,14,2.218767922575023,0.03694904243425015,0.7530590239006527,0.522879385003932,0.07594976884233752,0.046097352463267224,0.37167427069695336,False
10,40.0,17,14,2.254689794829664,0.03442553229547517,0.7646460434741221,0.5352148074052652,0.07552131828251205,0.04533206033929842,0.36298050788534486,False
10,41.0,17,14,2.295790319822592,0.031687409364984105,0.7781295205186453,0.5495261403585362,0.07498227229865805,0.04451175963419759,0.35002662605677387,False
10,42.0,17,14,2.3350004674426694,0.029221907303299686,0.7911872140458963,0.5633248000832866,0.07435550287496247,0.04367871643024241,0.3376899021132159,False
10,43.0,17,14,2.3652815187057135,0.02739314697345227,0.8014764549770237,0.5741448132088075,0.07367267451705953,0.04287863762345907,0.3376899021132159,False
10,44.0,17,14,2.3813853487047307,0.026402575593345978,0.8072138217389618,0.5801545425246428,0.07296786146783357,0.042148911337247,0.3376899021132159,False
10,45.0,17,14,2.38092274901591,0.026316833571010886,0.8075497406838712,0.5805058440278006,0.07227055876428728,0.04151433368868323,0.3376899021132159,False
10,46.0,17,14,2.364521080012908,0.027108638647422523,0.8026513321568886,0.5753769142409497,0.07160303982701309,0.040989044169853404,0.3376899021132159,False
10,47.0,17,14,2.3348110579900236,0.028706059003295103,0.7933826711074944,0.5656377714878864,0.07098369988326261,0.04058214183072394,0.3376899021132159,False
10,48.0,17,14,2.2947067918183905,0.031056455607231734,0.7807253696152509,0.5522745983186405,0.07043462979238604,0.04030448066015106,0.34400996980318227,False
10,49.0,17,14,2.2461939466705765,0.03418213663134832,0.7653497292691962,0.5359629827882358,0.06998925829842134,0.04017223992131147,0.361928505508394,False
10,50.0,17,14,2.190632863719714,0.0381702914523827,0.7476789686351354,0.5171437390187187,0.06969516180596799,0.04020099802745292,0.37167427069695336,False
10,51.0,17,14,2.130523506425151,0.04303529065414872,0.728438885004201,0.49661191096735535,0.0696085186266024,0.04038812067416438,0.37167427069695336,False
10,52.0,17,14,2.0713761402233106,0.0484572036870089,0.7092755580076056,0.47617211226556555,0.06977919423414608,0.040692367567342125,0.37167427069695336,False
10,53.0,17,14,2.0216295334989742,0.053582487523927705,0.6927972210942684,0.4586455403611204,0.07022785399746338,0.04102829116685852,0.37167427069695336,False
10,54.0,17,14,1.989757683245687,0.057223085109750715,0.6817336426120796,0.4469219392413757,0.07092007518960845,0.04128728939179173,0.37167427069695336,False
10,55.0,17,14,1.9805546173560453,0.0584788595505066,0.6777819492032989,0.4427453835890715,0.07174898071846579,0.0413778268027108,0.37167427069695336,False
10,56.0,17,14,1.993708294149953,0.0572136355799934,0.6811042356458408,0.4462563029487922,0.0725433310560416,0.041260778281929304,0.37167427069695336,False
10,57.0,17,14,2.025237012715608,0.05395534274166827,0.6906876617839454,0.45640697254918755,0.07311207628473812,0.04095808479299306,0.37167427069695336,False
10,58.0,17,14,2.0695582196088336,0.049511835856131926,0.7049069199949507,0.4715195321970042,0.07331466286183429,0.04053236418029763,0.37167427069695336,False
10,59.0,17,14,2.1203974638056806,0.04470724880101871,0.7217610373921673,0.48948533146651324,0.07312165502953653,0.040054581822683434,0.37167427069695336,False
10,60.0,17,14,2.17097969864855,0.04025517115136508,0.7389378310121693,0.5078179683903989,0.0726257253771124,0.0395809985480629,0.37167427069695336,False
10,61.0,17,14,2.2147595311345496,0.03665983409571975,0.754104781201824,0.5239937552553041,0.07199002804083847,0.03914876852979892,0.37167427069695336,False
10,62.0,17,14,2.2467163855598087,0.03416646120549817,0.7654238258920923,0.5360417567609321,0.07136320970946157,0.038783598683711014,0.361928505508394,False
10,63.0,17,14,2.264132445788158,0.032811499139094584,0.7718909542645356,0.5429113698871747,0.07081453646745463,0.038505796978103426,0.3548711494872032,False
10,64.0,17,14,2.2664893984008607,0.03252296769246318,0.773317471092499,0.5444250221650918,0.07032735527270284,0.03832702598694171,0.353395393173447,False
10,65.0,17,14,2.2550643302374787,0.03319036481436881,0.7701410166499262,0.5410536965861641,0.06984549316852884,0.0382419584494448,0.35659527395772467,False
10,66.0,17,14,2.2326407733932636,0.03467591898045808,0.7632682477287954,0.5337495464650546,0.06933063005281881,0.03822492940165141,0.36402193906685537,False
10,67.0,17,14,2.203327975103056,0.03677774449937666,0.7540041477841297,0.523886527124548,0.06878784366274579,0.03823650606022919,0.37167427069695336,False
10,68.0,17,14,2.1721262175550575,0.03919014548549379,0.7439484425543805,0.5131645304590181,0.06824853168441877,0.038235392379872724,0.37167427069695336,False
10,69.0,17,14,2.1440694559470326,0.04151439148195736,0.7347606448609898,0.5033596502830032,0.06773484438716988,0.03818780118672229,0.37167427069695336,False
10,70.0,17,14,2.123464081445983,0.043318012240968505,0.7279259696926483,0.49606445626217444,0.06723903922284422,0.03807149822086483,0.37167427069695336,False
10,71.0,17,14,2.113509687305909,0.04421792636726332,0.7246067102933014,0.49252192713461107,0.0667319401497705,0.03787748324717988,0.37167427069695336,False
10,72.0,17,14,2.1157813927337203,0.04400117595796336,0.7254215188774251,0.4933914962076633,0.06618828753809688,0.03761187122775785,0.37167427069695336,False
10,73.0,17,14,2.129321376866075,0.0427589923132632,0.730097966904919,0.4983827589970495,0.06560593309334764,0.03729610313296221,0.37167427069695336,False
10,74.0,17,14,2.1500340775294755,0.040918407232460235,0.737256672159025,0.5060237445698982,0.06500486282221074,0.036961986594501506,0.37167427069695336,False
10,75.0,17,14,2.171237347706654,0.03910234438474893,0.7446196171208219,0.5138805522175061,0.06440794655625974,0.036641298948706644,0.37167427069695336,False
10,76.0,17,14,2.1852699691762947,0.03792562128919791,0.7495884852755091,0.519179924128762,0.06381446954060736,0.0363533196659595,0.37167427069695336,False
10,77.0,17,14,2.1851069177454314,0.037898083379852225,0.7498015972806575,0.5194071434509206,0.06317766580734838,0.03609370061242908,0.37167427069695336,False
10,78.0,17,14,2.165524189246003,0.03945140933842319,0.7435039818207191,0.5126903484461101,0.0623945787643275,0.035826135157462295,0.37167427069695336,False
10,79.0,17,14,2.1245169367083303,0.042949872511517106,0.7300055166263665,0.49828407928384083,0.06131411921691404,0.03547823806774227,0.37167427069695336,False
11,0.0,17,14,-0.8371011112176673,0.41733504236630836,-0.30777751276417586,0.13083525062849685,0.25151052907554555,0.4738983713820429,0.6375776336848118,False
11,1.0,17,14,-0.7863897533001853,0.44539174763188105,-0.28908261807222824,0.12108420906162114,0.22519767198326415,0.38716633926800154,0.6507357945352622,False
11,2.0,17,14,-0.7148962996034054,0.4869199672154726,-0.2627050692366144,0.10843479091276556,0.20009275087224868,0.3090450561628399,0.6769866578664777,False
11,3.0,17,14,-0.6127613125990562,0.5501259327055821,-0.22499638297983612,0.09258685946705424,0.17721350510543687,0.2430696128286097,0.7162579955660381,False
11,4.0,17,14,-0.46407007397233585,0.6496897191203432,-0.17010076498840482,0.07413144399006516,0.15718938399547044,0.19070388272167857,0.7761166590107916,False
11,5.0,17,14,-0.2461186713609204,0.8088796788752055,-0.08984613868371137,0.05666930321261027,0.14042613684221195,0.15189557521330216,0.8757881896480039,False
11,6.0,17,14,0.058357886199683594,0.9541022244305488,0.021108664636366407,0.05036676230105988,0.1271856275397254,0.1254436001289193,0.9700777105366081,False
11,7.0,17,14,0.3940953845946256,0.6970187398760093,0.1403447203603231,0.06636108369536826,0.11763315538811059,0.10940182058829348,0.807394725114936,False
11,8.0,17,14,0.5651778231221105,0.5765575457730696,0.19907176342946487,0.0831972762165132,0.11186816693557582,0.1015326661067432,0.7325056795301919,False
11,9.0,17,14,0.5186192363882324,0.6082222671167017,0.1827962362634844,0.07792036713989546,0.10990731937866613,0.09965312265198197,0.7522552702498593,False
11,10.0,17,14,0.4230974734253501,0.6756617896469381,0.14957467158980484,0.06860599248886962,0.1115897654768671,0.10177978403381698,0.7950818164418791,False
11,11.0,17,14,0.377119020368354,0.7091144552535869,0.13333970517590255,0.0647558329592803,0.11642797545845443,0.10614881925547837,0.815781066988833,False
11,12.0,17,14,0.3924780051447814,0.6977642045576842,0.1383301079377879,0.06589073193609993,0.12348828638058972,0.11123893208768898,0.8076332448182197,False
11,13.0,17,14,0.450719389350554,0.6556051931153131,0.15792089738940515,0.07076367341619547,0.13140136062730343,0.11583453273110182,0.7802358949449264,False
11,14.0,17,14,0.5265828194887351,0.6024910979256349,0.1830663103074097,0.07800407515352396,0.13854825150067127,0.11906954480538444,0.7481925734589651,False
11,15.0,17,14,0.596037419005036,0.5559768372520801,0.20543652209962934,0.08539002029271178,0.1433675710376397,0.12039426997217609,0.7183844760148742,False
11,16.0,17,14,0.641534027870141,0.5269549669559681,0.21933327963699162,0.09043179659526644,0.1446567988270211,0.11948617095340215,0.7037472617707403,False
11,17.0,17,14,0.6561516003834023,0.5183230136171291,0.22288098245479063,0.09177502630728927,0.14176011079019737,0.11618446128474653,0.6971838774033441,False
11,18.0,17,14,0.642890688741263,0.5272908140283538,0.21742653450623137,0.08971931655784515,0.13462666527692096,0.11050592166676439,0.7037472617707403,False
11,19.0,17,14,0.6085058362995358,0.5497310185189671,0.20531603738846296,0.08534783444220288,0.12379153280055993,0.1027197815936939,0.7160131056116351,False
11,20.0,17,14,0.5569997259086076,0.5838194959088824,0.18781363071361745,0.07949668252518446,0.11031052469779237,0.09339741661048094,0.7372714255526853,False
11,21.0,17,14,0.4866389666035224,0.6318059941945338,0.1642291062836059,0.07247536508105613,0.09561561917947407,0.08336042262384054,0.7660680872219288,False
11,22.0,17,14,0.39013913364827213,0.700350177722657,0.13200338991381722,0.06445922721232528,0.08125224997238953,0.0735190369057309,0.809616031123072,False
11,23.0,17,14,0.25775008655456505,0.7988805806821898,0.08764098248728282,0.056344752638355464,0.06854310518770582,0.0646665633039697,0.8699265801501967,False
11,24.0,17,14,0.08705159803647747,0.9312958353001892,0.029829567602088783,0.050732576905099136,0.058310725249435,0.0573210018896579,0.9561480973544416,False
11,25.0,17,14,-0.0990069073027828,0.9218266091950412,-0.03424272142035822,0.05096551033162419,0.050783657524087845,0.05167132555474125,0.9504922484335122,False
11,26.0,17,14,-0.2518006244214672,0.8029721018897273,-0.0877516025986574,0.05636083855879354,0.0457067884828522,0.047625889360022385,0.8718180511685105,False
11,27.0,17,14,-0.3377977177316357,0.7379779895155063,-0.11820881574693062,0.06157677203111867,0.042566337786024325,0.04491752973055784,0.8331523662279563,False
11,28.0,17,14,-0.36110599354164863,0.7206918703486231,-0.12657495974983157,0.06328595178066004,0.04080601398680081,0.04321276203269438,0.8224615730232018,False
11,29.0,17,14,-0.34124279590120576,0.7354399144665179,-0.11967537881671467,0.06186772395771083,0.039956320408922066,0.04219100571276606,0.8318261151057563,False
11,30.0,17,14,-0.29395220341883,0.7709383755309303,-0.10309130388774995,0.05879129597031008,0.03966946131760972,0.04158439508020056,0.8532124314176303,False
11,31.0,17,14,-0.22876235297983363,0.8206941333865923,-0.08019969684542039,0.05530988002289949,0.0396976139480172,0.041186767665066466,0.8847697181322833,False
11,32.0,17,14,-0.15200525263342593,0.8802538742017527,-0.05325153015862551,0.05233690942519324,0.0398591496276149,0.040847777254323155,0.9225798126344185,False
11,33.0,17,14,-0.06884331221628694,0.9455926165655841,-0.02409198194618393,0.05047779041686691,0.04001930811314689,0.040465462733289555,0.964343744939406,False
11,34.0,17,14,0.016476705647253502,0.9869676941157304,0.00575834301682531,0.05002728781542799,0.0400881839555817,0.03998217527858505,0.99280162192582,False
11,35.0,17,14,0.10097653452957273,0.9202657763170987,0.03523547539668816,0.05102234042579526,0.04002371646037156,0.03938098331101209,0.9497985578800917,False
11,36.0,17,14,0.18293385648622476,0.8561232052951566,0.06373040860549015,0.053349132938946074,0.03982647297791062,0.03867748324313101,0.9064191138828459,False
11,37.0,17,14,0.26143661752948816,0.7956041946257113,0.09093424915816863,0.056832465497537024,0.03952290108266777,0.03790549383459577,0.8683156343321368,False
11,38.0,17,14,0.33595319819743996,0.7393300054898673,0.11668751767250166,0.061278845291235354,0.03914441280874492,0.03710049477545924,0.8338519229642354,False
11,39.0,17,14,0.406169388320461,0.68761455115724,0.14091613299270225,0.06649577045399148,0.038712541717272876,0.0362874009788008,0.8020313209517449,False
11,40.0,17,14,0.47187878150636864,0.640571551005606,0.16358088782407093,0.07229625567915343,0.038234997141092776,0.03547731908235064,0.7710725142269534,False
11,41.0,17,14,0.5325764732215057,0.5984233283709286,0.18452775246600345,0.07845929217366718,0.03771017045231798,0.034672810377584073,0.7456251112458542,False
11,42.0,17,14,0.586776672378018,0.5619431208556929,0.20325190763659806,0.08462917413557298,0.037134606951690956,0.03387665812008185,0.7234210291475586,False
11,43.0,17,14,0.6316271371372635,0.5326334032997853,0.21876996153667194,0.0902206182932169,0.036509617383284565,0.033098255010481525,0.7056841313637444,False
11,44.0,17,14,0.6635504303965086,0.5122755334856923,0.22984463272633082,0.09447826451155962,0.03584581226894841,0.03235444388056477,0.6944240690607556,False
11,45.0,17,14,0.6800070912584409,0.5019463298994591,0.23559177242397253,0.096775979965469,0.0351649523746946,0.03166544646462159,0.6864235403684469,False
11,46.0,17,14,0.6813267223596131,0.5011176343423958,0.2361111404884507,0.09698660321143668,0.03449783130991026,0.03104901935099003,0.6858815860618905,False
11,47.0,17,14,0.6710155701788366,0.5075621480172221,0.23259731984033252,0.09557125256014727,0.033877561508158724,0.03051633991204746,0.691151247877194,False
11,48.0,17,14,0.6539947373466976,0.5183051759933788,0.22673952303667427,0.09326195761724448,0.033330392946874676,0.030071516703217265,0.6971838774033441,False
11,49.0,17,14,0.6340871866433543,0.5310283011140324,0.21985819973178167,0.0906290990854865,0.03286864887267681,0.029713843930174,0.7044084349535503,False
11,50.0,17,14,0.6127580110038515,0.5448443679017294,0.21246839583107252,0.08789751527838766,0.032489593456583477,0.029439801549093512,0.7130845394422592,False
11,51.0,17,14,0.5898902080860015,0.559863467940869,0.2045425072963099,0.0850776180983488,0.03218015513447562,0.029242356692573798,0.7216654420516573,False
11,52.0,17,14,0.5655923109441009,0.5760496614166685,0.19612862710685558,0.08220794264737963,0.031923716317251494,0.029108238013837606,0.7323212615236716,False
11,53.0,17,14,0.5413607886859462,0.5924192090057601,0.18774820211978813,0.0794758381561371,0.03170474418456348,0.02901660502930126,0.7417953413228882,False
11,54.0,17,14,0.5197245532091691,0.6072223478186001,0.18027370881061605,0.07714478339591956,0.03150979836732023,0.028941982927737135,0.7517564807186795,False
11,55.0,17,14,0.5028438379469187,0.6188910028003001,0.17444786475828522,0.07539669688698257,0.03132666125716344,0.02886083854885425,0.7589320326310249,False
11,56.0,17,14,0.4912790731808697,0.6269439405275121,0.17046043162917768,0.07423486116390403,0.031144375664054168,0.0287580536251338,0.7636155494229888,False
11,57.0,17,14,0.48386681747385,0.6321302137952398,0.16790458901386857,0.07350491305564674,0.03095536589363848,0.02862954144323368,0.7660680872219288,False
11,58.0,17,14,0.47872081535092353,0.635742655367868,0.1661208134483731,0.07300228669060758,0.030758196056558777,0.02848000380826186,0.7683796122431786,False
11,59.0,17,14,0.4745352438067772,0.6386890172612179,0.16464731245788375,0.07259131164302902,0.030558207628031932,0.028317832650839737,0.770647030643174,False
11,60.0,17,14,0.47117920850861766,0.6410582347150601,0.16342957192515228,0.07225455183230264,0.030364480118571194,0.028150320278460796,0.771289926704202,False
11,61.0,17,14,0.4691777710705824,0.6424774382442677,0.1626468453950311,0.07203946834890596,0.0301843108124415,0.027981360325905442,0.7717132593923011,False
11,62.0,17,14,0.468613823115482,0.6428856490696624,0.1623360557919444,0.0719543656378178,0.03001840446804335,0.02781185660993937,0.7720032760396768,False
11,63.0,17,14,0.46842732604069653,0.6430297128600324,0.16214865830823202,0.07190313301861892,0.029859679490727223,0.027641562868335058,0.7720032760396768,False
11,64.0,17,14,0.4666698856046726,0.6442838753898441,0.16143298704192502,0.0717080427294681,0.029696461337989775,0.027470788351186014,0.7728271229105257,False
11,65.0,17,14,0.461489062898919,0.6479603133211878,0.1595650613539642,0.07120308316965429,0.029518362543760196,0.02730105062791687,0.7749691455004238,False
11,66.0,17,14,0.45215201650428705,0.6545971133376631,0.15629422871712428,0.07033359652215958,0.029321631155413117,0.02713460430756709,0.7797611560439192,False
11,67.0,17,14,0.4394781138421756,0.6636468532711044,0.1518922903198164,0.06919295417306134,0.029110942341132012,0.02697335648495645,0.7853440104452609,False
11,68.0,17,14,0.42544935664488265,0.6737236698811777,0.14702650205092807,0.06797143712254933,0.02889664689636189,0.02681793961367542,0.7936695320014121,False
11,69.0,17,14,0.41222770730808456,0.683279239213137,0.14242898380029118,0.06685509358532771,0.02868928448465519,0.026667658152634034,0.8001225291901047,False
11,70.0,17,14,0.40107640528741173,0.6913837113333052,0.13852896286355482,0.06593684624504062,0.028494657398419415,0.026521568773750618,0.8037289728140182,False
11,71.0,17,14,0.3916673820327657,0.6982549205984797,0.13521484949344303,0.06517722827785116,0.028311830408348945,0.02638014045990377,0.8078982552379104,False
11,72.0,17,14,0.38208090159891306,0.7052838912511292,0.13183377462039844,0.0644217998405119,0.02813421482982097,0.02624617098382458,0.8130445589903228,False
11,73.0,17,14,0.36958824443975924,0.7144789474804312,0.12745900103557026,0.06347357043524293,0.027952352676859017,0.026123516346486936,0.8187753286269607,False
11,74.0,17,14,0.35201724282448077,0.7274775922712704,0.12135465756453928,0.06220539474534986,0.027756615810536605,0.026013070713394752,0.8265299966292161,False
11,75.0,17,14,0.32911712970925194,0.7445356026301635,0.1134392524592793,0.06065593727543733,0.027538007135988318,0.025907024356366815,0.8376025529589339,False
11,76.0,17,14,0.30310870268363843,0.7640655987449464,0.1044731764980315,0.05902977942742828,0.02728559603130712,0.025783843076680645,0.8500538308329945,False
11,77.0,17,14,0.27788873422882676,0.783154193776486,0.0957892003833919,0.0575847845309761,0.026980796213862922,0.025606685057524524,0.8599340166957493,False
11,78.0,17,14,0.25718237721503934,0.7989302003885204,0.08866245116261108,0.05649407301912984,0.02659145986948247,0.02532667836282068,0.8699265801501967,False
11,79.0,17,14,0.24273738237118553,0.8099876248791932,0.0836911839632821,0.05578386925463895,0.026070280638295668,0.024890159517614075,0.8767907279620132,False
12,0.0,17,14,-0.8147035999332757,0.4296366418772649,-0.2995841228353791,0.12648125101952254,0.3270873389355585,0.5504586730568497,0.6437630552959123,False
12,1.0,17,14,-0.7500147210583881,0.4662766287593054,-0.27571240751245746,0.11451067757908717,0.29122143492731467,0.4502232674993118,0.6649785537484153,False
12,2.0,17,14,-0.6606211741702811,0.5199938250746377,-0.2427168006001531,0.09970861671153203,0.256523903342006,0.3598477184833392,0.699055002452915,False
12,3.0,17,14,-0.5367440406801678,0.6000285586368062,-0.19699612848686457,0.08249793744859463,0.2244992079546876,0.2835455209588106,0.7463336464781597,False
12,4.0,17,14,-0.36477085275756016,0.7206158447241344,-0.133589349955651,0.06481158485512396,0.1962374065381395,0.22319691987695472,0.8224615730232018,False
12,5.0,17,14,-0.13288806728266495,0.8959759570145,-0.0484400933268075,0.05193322702964605,0.17258038280593305,0.1789800860590757,0.9329649467571951,False
12,6.0,17,14,0.13539944835610535,0.8937480691434843,0.048902964530976485,0.05197039343299337,0.1541525962840994,0.14977876266401907,0.9312570329715031,False
12,7.0,17,14,0.30070299826110725,0.7664230995981418,0.10751299818252993,0.05956579431856716,0.14135303468520732,0.13359717438161647,0.8511803222932055,False
12,8.0,17,14,0.23725406562686985,0.8145802298743781,0.08472461765979189,0.05592808795143004,0.13436095040703452,0.12797374217247134,0.8808162108060212,False
12,9.0,17,14,0.08882461890270504,0.9300371854426559,0.03181446014586851,0.05083336424349254,0.13311919474655132,0.13023407797841513,0.9552450406828991,False
12,10.0,17,14,-0.008445334397581335,0.993340219151926,-0.0030277300978806356,0.05000754401965487,0.13722877439949915,0.13756573940025318,0.9954802213679884,False
12,11.0,17,14,-0.028614792566934465,0.9774288667020116,-0.010237673036532283,0.05008625648837289,0.14575516752806555,0.14711331649401665,0.9860371273374976,False
12,12.0,17,14,0.014510408540030767,0.9885433766841785,0.005166516104667827,0.05002196685464856,0.15705357070658935,0.15627205416326473,0.9934713097683469,False
12,13.0,17,14,0.0974563378221478,0.9231019405856042,0.03445091963858642,0.05097729371454818,0.16877912801714773,0.16310526409345916,0.9512234268148528,False
12,14.0,17,14,0.1926426081552127,0.84860702105705,0.06750412783800337,0.053758414738654614,0.17820331790766886,0.16660482856549821,0.902186074228963,False
12,15.0,17,14,0.27115038958721316,0.7882009122578568,0.09416435268934881,0.057328572884375845,0.18281129201353472,0.16658190801141498,0.862614834249427,False
12,16.0,17,14,0.3092318072783125,0.7594552980583615,0.10657104849918815,0.05939802192409022,0.18097852396881237,0.16326230259148816,0.847942658591903,False
12,17.0,17,14,0.29501760178704334,0.7703040125056628,0.1011383751740127,0.05845977846936347,0.17243316822196347,0.1568958541851804,0.8528581361921131,False
12,18.0,17,14,0.22966982969484345,0.8201949375923026,0.07853057829933172,0.055090509537297785,0.1582837753018678,0.14765339691825888,0.8847697181322833,False
12,19.0,17,14,0.12334767289374464,0.9028093533453903,0.04216731850894746,0.0514645453236828,0.14060200867740524,0.1358207560841407,0.9372109455943907,False
12,20.0,17,14,-0.00933867367752124,0.9926205994175834,-0.0031981318266011156,0.05000841707986926,0.1217642549273715,0.12205333685564086,0.9950052134875628,False
12,21.0,17,14,-0.1513322348520377,0.8808414524013284,-0.05199717913611998,0.05222796836508206,0.10383785529849611,0.10743139943525375,0.9229606902500405,False
12,22.0,17,14,-0.282274584940625,0.7798041605993784,-0.09741724653818647,0.057845971949931546,0.08821533132420707,0.0932418133270149,0.8579377798342867,False
12,23.0,17,14,-0.37743811806335736,0.7086132073033888,-0.13089727755894642,0.06421604416197194,0.07553949758038832,0.08062330920293946,0.8154943676001094,False
12,24.0,17,14,-0.4155948318685409,0.6807665649984395,-0.1447854254819152,0.06742268687400808,0.0658381463036818,0.0702834882380409,0.7983960923273195,False
12,25.0,17,14,-0.3999552542104887,0.692147142976054,-0.13986589838995017,0.06624865672816552,0.05874931141710752,0.062411004013421555,0.8039690252591177,False
12,26.0,17,14,-0.360547262430998,0.7211225577757001,-0.12651199707735336,0.06327264052075135,0.053742842054852566,0.05677033993945987,0.8224615730232018,False
12,27.0,17,14,-0.32301029819037214,0.7491299509999737,-0.1137089018834542,0.060706962026085866,0.0502857167686535,0.05288524460645423,0.8396936995434687,False
12,28.0,17,14,-0.2901991902743888,0.7739037642631768,-0.10245334520610985,0.05868228929237515,0.04793308582073102,0.05021695009305479,0.8547835708587431,False
12,29.0,17,14,-0.2504197922524851,0.804225865697634,-0.08859885623161592,0.05648472533518633,0.04635179662276299,0.048286732367725085,0.8726153634264964,False
12,30.0,17,14,-0.19015572688893317,0.8506808030876629,-0.06735243586114571,0.05374150492735684,0.045299583867884276,0.046734311283576635,0.9034835307774061,False
12,31.0,17,14,-0.10095484113609135,0.9203688935895167,-0.035755214987929274,0.05105274214617775,0.04458949542507491,0.04532609179140571,0.9497985578800917,False
12,32.0,17,14,0.018645492540270012,0.9852653764318632,0.006594816866894249,0.05003579162607326,0.04406412497024979,0.04393388863765513,0.9920588194473516,False
12,33.0,17,14,0.16388066643077456,0.8710480442410414,0.05781239850822078,0.05275503965765538,0.04359049112476292,0.04250317643005983,0.9160848890747986,False
12,34.0,17,14,0.3260064867830226,0.7468519859659642,0.11457164661401147,0.060871048792516216,0.043070670819040195,0.04102424652496236,0.8388977065452329,False
12,35.0,17,14,0.49512618468408226,0.6242797017713932,0.17318932997995323,0.07502695784588942,0.042453742813557044,0.039512314534121795,0.7623866481530948,False
12,36.0,17,14,0.6625768186604345,0.5128339492387856,0.2305490058623,0.09475662571449497,0.04173614463484143,0.03799611782294945,0.6944339344877698,False
12,37.0,17,14,0.8222756175676719,0.4177255035848151,0.2846154309499198,0.11885081869569421,0.04094769460756526,0.036510920491210276,0.6377875001719079,False
12,38.0,17,14,0.9709628177985324,0.33998703900919824,0.3344794958568873,0.14589621853785495,0.040130673870684586,0.03509175505797003,0.5961636508881453,False
12,39.0,17,14,1.1075713233304183,0.27799838838748014,0.3800284155440522,0.17465183284826913,0.039322043382047915,0.03376539604955908,0.5546791331905806,False
12,40.0,17,14,1.2323173994867769,0.2290975667445145,0.4215272591496993,0.20415270630582782,0.03854410965798719,0.03254310193941351,0.5187114718743725,False
12,41.0,17,14,1.3460467036784702,0.19057721949314566,0.4593574767735103,0.23368119958900374,0.03780293351912941,0.031418137946694694,0.4776423579080321,False
12,42.0,17,14,1.4497332030024468,0.16014242937462203,0.4938706638002651,0.2626863458375635,0.03709168191355926,0.030370756236363962,0.463155409938782,False
12,43.0,17,14,1.5438542436797629,0.13608086992341772,0.525222046095967,0.2906145131931232,0.03639730618106729,0.029379158123567953,0.4538520427582829,False
12,44.0,17,14,1.627893567778189,0.1172278056762281,0.5532339953631937,0.31672539462976823,0.035709295485416084,0.028430921071174738,0.447563788741945,False
12,45.0,17,14,1.700478813246077,0.1027757678872596,0.5774485492799553,0.34008643556690643,0.03502723267710181,0.027528711002918736,0.4378612596380291,False
12,46.0,17,14,1.7601680905444304,0.0920620705447313,0.5973827084528278,0.3598070454199712,0.034362525940609234,0.02668759454336957,0.4176353155224534,False
12,47.0,17,14,1.8062868350267354,0.08445728801977584,0.6128013000321594,0.3753299591138324,0.0337324360267239,0.02592638244253458,0.40232961400724976,False
12,48.0,17,14,1.839191271584813,0.07937171790843282,0.6238072869620714,0.38653956855038324,0.033150098479574355,0.025258491842696438,0.3920994274369567,False
12,49.0,17,14,1.8598872481708582,0.07631593061550816,0.6307226704297589,0.3936332897245023,0.03261745754754334,0.024687044346696687,0.391185760243823,False
12,50.0,17,14,1.8694706392931282,0.07494378669858397,0.6339068757745188,0.3969119091172136,0.03212561978342855,0.02420554898089464,0.3895878060827143,False
12,51.0,17,14,1.8688798601767378,0.07504312756328267,0.6336723799631688,0.3966702037413888,0.03166142501613587,0.023802233997366192,0.3895878060827143,False
12,52.0,17,14,1.8590609198680235,0.07648091496691478,0.6303356571710359,0.39323531931286376,0.031215125484150723,0.023464758568965877,0.391185760243823,False
12,53.0,17,14,1.8412938355398725,0.0791320852315007,0.6243256144206564,0.38706995823735035,0.030784523703825575,0.023182785029801457,0.3920994274369567,False
12,54.0,17,14,1.8173796622218983,0.08282146209061568,0.6162486618888613,0.37883007637532207,0.030374177543166004,0.02294772086667488,0.4002110919814986,False
12,55.0,17,14,1.7895832677213208,0.08729268283285209,0.6068703003094569,0.369332785402019,0.029991369563441263,0.022750699421254218,0.40638254985242844,False
12,56.0,17,14,1.7604471769579237,0.0921980608458977,0.5970500434115689,0.35947461081449916,0.029641820052148698,0.022580776360727573,0.41787610311450035,False
12,57.0,17,14,1.7326124120665307,0.09710020093589393,0.5876788808525021,0.35015545239258333,0.029327479288815475,0.022425042915556866,0.4249991060176848,False
12,58.0,17,14,1.7085738888306514,0.1015070572093651,0.5795982431215647,0.34219286384240183,0.02904679192360839,0.022271056969446222,0.43429165393480484,False
12,59.0,17,14,1.6901456653791505,0.1049916068848059,0.5734234608244099,0.3361561203894783,0.02879589700285731,0.022110376110580168,0.4400947712762131,False
12,60.0,17,14,1.6776539573127907,0.10739534790117779,0.5692735279554157,0.33212303533625814,0.028568954203865536,0.021941074573266446,0.4404672051291093,False
12,61.0,17,14,1.6693727342016162,0.10898978467053363,0.5665778039309035,0.32951381960912607,0.028357560624107367,0.021767636510931245,0.4412725691048068,False
12,62.0,17,14,1.6618518424149535,0.110433488121198,0.56417962704283,0.32719973318797324,0.02815118181650801,0.021598230291487688,0.44198097885139914,False
12,63.0,17,14,1.6512614975931048,0.11250550526035012,0.5607828600158781,0.3239337221371175,0.027940222351927016,0.021440869636732317,0.44264461086039397,False
12,64.0,17,14,1.6351466157041608,0.1157591191316191,0.5555414286536651,0.3189213281793866,0.02772067977999189,0.02130029280669703,0.44706970147383923,False
12,65.0,17,14,1.6136678567851805,0.1202580051740219,0.5484818582717631,0.31222382253510705,0.027496948351178822,0.021176589427786274,0.44763688779695004,False
12,66.0,17,14,1.5896320315995793,0.12549846897016995,0.5405214910983652,0.30474769425062564,0.027279944962163502,0.021065606011464365,0.44997254716019536,False
12,67.0,17,14,1.5671915389254705,0.1305886178649005,0.533038421603563,0.2977955606391836,0.027081082247409512,0.02096067184761177,0.4538520427582829,False
12,68.0,17,14,1.54982073248782,0.13466999242234276,0.5271948232204103,0.29241902798464553,0.026905813394984962,0.02085509525180985,0.4538520427582829,False
12,69.0,17,14,1.538657813413163,0.1373753234690524,0.5233791533906008,0.2889336860960315,0.02675082569790284,0.020744744615546467,0.4538520427582829,False
12,70.0,17,14,1.5320781446474514,0.13902199309017774,0.5210605596138405,0.28682573711088466,0.026606299593849005,0.02062978469601093,0.4538520427582829,False
12,71.0,17,14,1.5265912466159206,0.1404251687206604,0.5190881769661292,0.28503850413226045,0.0264611752563468,0.020514625053730782,0.4538520427582829,False
12,72.0,17,14,1.5184888526156524,0.14248785655211035,0.5162412110620953,0.28246852222997676,0.02630765918190335,0.020405632869658876,0.4538520427582829,False
12,73.0,17,14,1.505464531307164,0.1458072352892092,0.5117659125075624,0.2784521193067622,0.02614223223903587,0.02030708483041791,0.45395636907619796,False
12,74.0,17,14,1.4875482209375197,0.15044141538927003,0.5056814217230632,0.2730382403762815,0.025962985849095795,0.02021676429085093,0.45751735055731396,False
12,75.0,17,14,1.467009471828573,0.1558824774455218,0.4987441730009891,0.2669324316650449,0.025765071609967112,0.02012297281716679,0.4606145309863377,False
12,76.0,17,14,1.4473302452679344,0.1612400229633462,0.4921075220642159,0.26115911179265155,0.025536284782027865,0.02000412613270941,0.4637119708175286,False
12,77.0,17,14,1.4317601158094788,0.1655892096100747,0.4868455239903422,0.25662963705706565,0.025253977911641527,0.019830781317373754,0.46517824412467296,False
12,78.0,17,14,1.4221306436105767,0.1683397558497427,0.48356269528281665,0.253825605713936,0.02488390825934083,0.019568821662884588,0.46517824412467296,False
12,79.0,17,14,1.418443481989817,0.16942502920822888,0.48225938149329184,0.2527170609983714,0.02438165691613548,0.019182528404254384,0.4658495074792546,False
13,0.0,17,14,-0.8241885761930232,0.42433840315447324,-0.302985536070203,0.12827353336966743,0.2721439486366274,0.4642492620794903,0.6405457248078201,False
13,1.0,17,14,-0.755359771754661,0.46312998778810166,-0.27763099064544455,0.11543348842100783,0.2429274216074336,0.37972597083230547,0.6628620022195041,False
13,2.0,17,14,-0.6582162765420206,0.5214914706392573,-0.24183426045766093,0.0993403084225659,0.21516844354007575,0.3036862904358753,0.70051093070945,False
13,3.0,17,14,-0.5190779619085685,0.6120074084154543,-0.19056360483629842,0.08037968346365654,0.19008356196649495,0.2395948295167993,0.7548990059750097,False
13,4.0,17,14,-0.3154376025577784,0.757043833281086,-0.11560557223192781,0.061069365053744835,0.16846214282586033,0.18887403041523323,0.8461966998750662,False
13,5.0,17,14,-0.01461966324075332,0.9885257711486903,-0.0053372057757450735,0.05002344231975478,0.15083385484845618,0.15145439352896006,0.9934713097683469,False
13,6.0,17,14,0.4068834152532611,0.6889142652365097,0.147265204991211,0.06803040034347195,0.1375527338931464,0.12616304244196297,0.8024359847136429,False
13,7.0,17,14,0.8596075021974283,0.3988497919276799,0.30673203756960277,0.13027269226104624,0.1288673491855738,0.11115575990562078,0.628946324350733,False
13,8.0,17,14,1.0690289523626684,0.2946726287299044,0.37761093453832323,0.17302937255162326,0.12499210653968479,0.10437791508509754,0.5655559972576992,False
13,9.0,17,14,1.0041218440895978,0.3242327440333562,0.35415270012980016,0.1578443576740774,0.1261225802150182,0.10388087726839976,0.588094615583916,False
13,10.0,17,14,0.8922060483697344,0.3801100931827742,0.31446543345505784,0.13448232511175598,0.132328488735146,0.10791037041704699,0.616394745701796,False
13,11.0,17,14,0.8404830983992366,0.40774560471300303,0.2951761372949088,0.12419076062495674,0.1433250615756242,0.1148693002388049,0.6330918888043886,False
13,12.0,17,14,0.8523808954158144,0.4010045103009684,0.2974153091531306,0.12534974711372054,0.15821576544498944,0.12330338735965467,0.6300070860090028,False
13,13.0,17,14,0.9007503342393092,0.37525599769066253,0.31170097513967715,0.13296465732192528,0.17535214669475385,0.13194408521313014,0.6132826795952279,False
13,14.0,17,14,0.956158271507276,0.3476334318238893,0.3280762833326907,0.1421630444985738,0.19242573303331717,0.13973086785824035,0.5977681990874191,False
13,15.0,17,14,0.9980628083564118,0.3282717891654868,0.3399732438846234,0.1491601744855304,0.2067976433513487,0.1457505248106191,0.5899980845201608,False
13,16.0,17,14,1.0186241747476086,0.3196159909210579,0.3451549017324787,0.15229028460970997,0.2159573752360245,0.1491455730365543,0.5863337396145499,False
13,17.0,17,14,1.020131694603254,0.3196511783829825,0.3445524242445968,0.15192377307684105,0.21797365286672155,0.1491219162058597,0.5863337396145499,False
13,18.0,17,14,1.009011459364956,0.32522196370564693,0.3402487473600537,0.14932533965390987,0.21186160182909872,0.1451293964384414,0.5882030909716951,False
13,19.0,17,14,0.9906595078352824,0.33401016666775285,0.3338913911408935,0.14555015039023325,0.19784105291787094,0.13713618300068703,0.5929127365440431,False
13,20.0,17,14,0.9670021750542471,0.3453544400807905,0.3259883681785994,0.1409623207454877,0.17742228225548343,0.12580634398757812,0.5977324429061479,False
13,21.0,17,14,0.9361039132717188,0.3604567596726561,0.3158205322003088,0.1352314866943694,0.15319580313540854,0.11242437117307962,0.6047184268139472,False
13,22.0,17,14,0.8922377620875386,0.382622119125937,0.30147323974418566,0.1274739987766955,0.12826574536722327,0.09856764818134023,0.6184452497060272,False
13,23.0,17,14,0.825049777056127,0.41833933984689275,0.27954870729754866,0.11636273163147197,0.10547117468717677,0.08568275039357161,0.6383379572595639,False
13,24.0,17,14,0.7179153550845988,0.47979303978445864,0.2445307917436074,0.1004701420204996,0.08671671102318876,0.07476136351065732,0.6733937400483629,False
13,25.0,17,14,0.5532372693552478,0.5846447390442129,0.1901661059610433,0.08025121399790014,0.07270099073849907,0.06622686452658194,0.7379127153700796,False
13,26.0,17,14,0.3449820287276188,0.73259818120388,0.1199951014470832,0.061931642161586295,0.06309917755578795,0.06001580981483003,0.8300890140785372,False
13,27.0,17,14,0.16317680278923402,0.871550707867947,0.05731689198690785,0.052707939619302244,0.057013159662833525,0.055759539377948496,0.9160848890747986,False
13,28.0,17,14,0.06319033293592467,0.9500883850666815,0.0223225532758438,0.050410168521029,0.05342240114888683,0.05296843551726719,0.9673627193406212,False
13,29.0,17,14,0.04253569632331647,0.9664016211243381,0.015070543571546972,0.05018692769021926,0.05146079273866044,0.051164178460867626,0.9790279739631486,False
13,30.0,17,14,0.07988258572673265,0.9369627055896802,0.028340039197195015,0.05066121312704554,0.050496625570250635,0.04994961555869091,0.9599998382496014,False
13,31.0,17,14,0.15789119721472109,0.8758028588366156,0.056014658223790904,0.0525861016644861,0.05009297627371997,0.049029988431132175,0.9197846235750246,False
13,32.0,17,14,0.2629487000620842,0.794695670992821,0.09316787357780897,0.05717364849764251,0.049941201882929734,0.04820539423416616,0.8678868692793071,False
13,33.0,17,14,0.3829105255389266,0.7048569893330211,0.13535014113688212,0.0652078666210293,0.04982116538262055,0.047351865614074395,0.8127383267532432,False
13,34.0,17,14,0.5078558970303224,0.6156333909105411,0.17892619416995678,0.07673510298921067,0.04959343755253483,0.04640269358375008,0.7581854090903599,False
13,35.0,17,14,0.6315554042819883,0.5327635158410808,0.22162847133020164,0.09129818673595969,0.049200671408690735,0.04533442212924416,0.7056841313637444,False
13,36.0,17,14,0.7517653688752981,0.45828762208398555,0.262677355949746,0.10842218094534394,0.04865531322713529,0.04415583287931374,0.6605092768355517,False
13,37.0,17,14,0.8694363336792821,0.39174854293262307,0.30251639757948484,0.12802504736170117,0.04800879239735548,0.04289638595735907,0.6244189299115813,False
13,38.0,17,14,0.9871617244820702,0.33178792298625237,0.34223917370407814,0.15052281037223178,0.04731498829197728,0.04159333599260933,0.5914667282866679,False
13,39.0,17,14,1.1069700367221327,0.27758873025993624,0.3827417218692539,0.17648556917469913,0.04660471996362882,0.04028054510258294,0.5546791331905806,False
13,40.0,17,14,1.2282087091085943,0.22955945259407662,0.42392792379802186,0.20595325385781113,0.045878834215339795,0.038982826689481116,0.5192739239144261,False
13,41.0,17,14,1.3464047072065726,0.1890107628657171,0.46430685614166495,0.23772297946047655,0.04511610529508277,0.037716816999307526,0.47702265640621644,False
13,42.0,17,14,1.4534406228100163,0.15728593216256043,0.5010732662583796,0.2689743552138809,0.04428766490823341,0.0364956581634661,0.4614997159102095,False
13,43.0,17,14,1.5392450527559043,0.13502812750489904,0.5307133014649494,0.2956507046265118,0.04337176152076105,0.03533323624399282,0.4538520427582829,False
13,44.0,17,14,1.5950240018604354,0.12195923244750254,0.5501388746105896,0.3137902443879998,0.04236545091038993,0.0342450675747211,0.44927341787840686,False
13,45.0,17,14,1.6170124841285252,0.11706997874570288,0.5580002827175449,0.3212685754240619,0.04129023580198093,0.03324566755050355,0.447563788741945,False
13,46.0,17,14,1.6086126244573096,0.11885243831179808,0.5554375965585279,0.318822372153446,0.040188930115942656,0.03234449350614851,0.447563788741945,False
13,47.0,17,14,1.579260884167494,0.12538699498451117,0.5456922567551274,0.30959462290104345,0.03911404433790624,0.0315433879486054,0.44997254716019536,False
13,48.0,17,14,1.5404368424558657,0.13450275957875366,0.5327221195400512,0.2975033508667224,0.03811264403512891,0.030837695898409952,0.4538520427582829,False
13,49.0,17,14,1.50103675282871,0.1443064896902329,0.5195949515806274,0.2854971821687156,0.03721484133422447,0.030220995409677657,0.4538520427582829,False
13,50.0,17,14,1.4645396498281762,0.15390164436911735,0.5075015258053134,0.27465204541853,0.036430664026086204,0.029690488070154834,0.4597891450031722,False
13,51.0,17,14,1.429273329549191,0.16366489668904097,0.4958383176876333,0.2643963377406572,0.03575501975165925,0.02924863893425452,0.46497806049197654,False
13,52.0,17,14,1.391480882377412,0.17468716264185877,0.4832610204652868,0.25356877622761226,0.03517649289052566,0.028898652101659893,0.46844098557962865,False
13,53.0,17,14,1.3493625088521277,0.18766985132047131,0.4690897565046199,0.24166693151025107,0.03468465101434379,0.02863612612685636,0.4767419610157134,False
13,54.0,17,14,1.3055210233372208,0.20197997507483223,0.4541803149686392,0.22949676852706127,0.03427209129665025,0.028442933442612426,0.48822946481411916,False
13,55.0,17,14,1.2661121776079987,0.21554964358434142,0.44065658344754943,0.2187784796543594,0.033930729573514236,0.028288455801023522,0.5056585780867096,False
13,56.0,17,14,1.2372757438666857,0.22591002651963152,0.43068057821993094,0.21107190398709721,0.033645678567273976,0.028138241697183708,0.5160661085380185,False
13,57.0,17,14,1.2213925022303833,0.23177420369755064,0.42513845948564694,0.20686501051409056,0.03339230190007023,0.02796510248830773,0.5207682266882901,False
13,58.0,17,14,1.2157188550491174,0.23389633165806892,0.42314139370753406,0.20536222689314998,0.03314039219173802,0.0277565258611092,0.5219232613406223,False
13,59.0,17,14,1.2140837852122144,0.2345105314986918,0.4225908651407082,0.2049491851527956,0.03286427000838838,0.027515383688183317,0.5219645178872445,False
13,60.0,17,14,1.2101956138169985,0.23597602127164435,0.42131226869962873,0.20399195259835268,0.03255278936101623,0.0272553190542513,0.5219645178872445,False
13,61.0,17,14,1.2002145259889498,0.23976969262985254,0.4179522457521794,0.201490148830506,0.032212907021566206,0.026994582409714845,0.5243500915990251,False
13,62.0,17,14,1.183136179134172,0.24636596100625383,0.4121337523710494,0.19720498921532686,0.031864920242917254,0.02675129500133844,0.5271002533364808,False
13,63.0,17,14,1.159486738130301,0.25572000030196396,0.4040246635020368,0.19133329680354455,0.03153281367652474,0.026540663235780394,0.5349711357266188,False
13,64.0,17,14,1.1300371992046943,0.2677280108388395,0.3938956947864604,0.1841647097922472,0.031235194488834488,0.026373048829690715,0.5473295715998527,False
13,65.0,17,14,1.0955982872140173,0.28228191021184373,0.38203692017654073,0.1760079486092486,0.03098033999257775,0.026252169176721855,0.5579218931245853,False
13,66.0,17,14,1.057478645355143,0.29904042985145307,0.3689031464635335,0.16727416331372846,0.030765638974216854,0.026174050499827906,0.5687410439438957,False
13,67.0,17,14,1.0176102091817327,0.3173029890535449,0.3551547213570849,0.1584721839417453,0.030580013124486393,0.026127902872681543,0.5850822902465691,False
13,68.0,17,14,0.978022627839854,0.3361839334956178,0.3414811987319858,0.15006593046012703,0.030408091442266208,0.02609919993034378,0.5943974900095819,False
13,69.0,17,14,0.9402045537651567,0.3549165852762126,0.32838579562922354,0.1423417331273496,0.030235309800705462,0.026073826688112582,0.6009777395106346,False
13,70.0,17,14,0.9049385292150709,0.3729958020003541,0.316132051333268,0.135404194614466,0.03005254718457002,0.026041450626228566,0.6126473412227538,False
13,71.0,17,14,0.8725912079850173,0.3900942357453836,0.30484824485350553,0.12926420589355248,0.029858144707791964,0.025996711937289477,0.6229641787568864,False
13,72.0,17,14,0.8433881085236913,0.40595190108344426,0.2946244791262854,0.12390666307644696,0.029655757184152528,0.0259379494617276,0.6323602842492813,False
13,73.0,17,14,0.8173463300482611,0.4204284243777324,0.2854861515693606,0.11928321806447834,0.029448714287124745,0.025864189266896553,0.6392016061252701,False
13,74.0,17,14,0.7940355699084364,0.43365407702438874,0.27730436320450624,0.11527590133788389,0.02923375325107206,0.02577149673607889,0.6453326937427192,False
13,75.0,17,14,0.7726150788095404,0.4460291300212924,0.2698028434912607,0.11171129179383797,0.02899718765175568,0.025649577439333417,0.6510242731848577,False
13,76.0,17,14,0.7523340987189558,0.4579406909313122,0.2627288460873231,0.10844561087633321,0.02871464375615956,0.0254792186376418,0.6605092768355517,False
13,77.0,17,14,0.7331675190362884,0.4693705700292844,0.2560739399197159,0.10545807162260629,0.028353248159343442,0.025231201324291335,0.6680676851023987,False
13,78.0,17,14,0.7160598698742865,0.47971338531866914,0.25016069527548523,0.10287218752747582,0.027874483553747383,0.024867469879685557,0.6733937400483629,False
13,79.0,17,14,0.7025582069562881,0.4879696770440225,0.24551782948983752,0.10088704999810753,0.027236940464009037,0.024345022858060554,0.6778851081317181,False
14,0.0,17,14,-0.8126409328313389,0.43045912779030004,-0.2984624554517923,0.12589496182248006,0.3299820497727084,0.5347845137665668,0.6437630552959123,False
14,1.0,17,14,-0.7517807549151754,0.4649413842444269,-0.2760060004233756,0.11465144752253184,0.2970166920790239,0.4449449440284858,0.6643018656248585,False
14,2.0,17,14,-0.6684891124591659,0.514827617432174,-0.2452674565528169,0.1007811270021859,0.26573729018270736,0.3646302825500732,0.6955310171476291,False
14,3.0,17,14,-0.5549229631693267,0.587629126134414,-0.20337163649224346,0.08467065002477767,0.2374677933867549,0.29726214087888597,0.7400426775905664,False
14,4.0,17,14,-0.4001179007894696,0.694842144059389,-0.1463533263488509,0.06780568620500696,0.21307703097241731,0.2438476737561635,0.8061704433838215,False
14,5.0,17,14,-0.19072416734547792,0.8512016850760451,-0.06953323451745572,0.05398829954459298,0.19318497622393638,0.2036519594522601,0.9037405714731973,False
14,6.0,17,14,0.08504501625484974,0.9332026367580919,0.030838348561290203,0.050782987374982186,0.17821253750873314,0.17478296915300698,0.9573257254754292,False
14,7.0,17,14,0.42730508271364503,0.6736567892324917,0.1536174487578225,0.06963594998216334,0.16833404795710794,0.15485889746064635,0.7936695320014121,False
14,8.0,17,14,0.8056173059159915,0.42806762157083456,0.2859603324874512,0.11951929083812679,0.16339334559635968,0.14166214402124339,0.6433093321085828,False
14,9.0,17,14,1.1497991518564323,0.2596950867678794,0.4019627345076698,0.18985903661999978,0.1628372126083096,0.13353953133577684,0.5398795392907858,False
14,10.0,17,14,1.3916459271886248,0.17500926120544213,0.48000872460640004,0.250809045712586,0.16572676600206712,0.12944147640622708,0.46844098557962865,False
14,11.0,17,14,1.5108714660222355,0.1432757301304791,0.5164234992138518,0.2826327289518042,0.17087052915110124,0.1287049031079122,0.4538520427582829,False
14,12.0,17,14,1.518268514655163,0.14248866506148447,0.5162843365508151,0.2825073657445745,0.17704548033356113,0.13075977057415808,0.4538520427582829,False
14,13.0,17,14,1.4343808573164984,0.16551292747271934,0.4864327231905446,0.2562761179828923,0.1831846143936782,0.13488701716291931,0.46517824412467296,False
14,14.0,17,14,1.2953954079857184,0.20897392067297435,0.4386622444942283,0.21722414134973764,0.1884154922919012,0.14009011357948076,0.49868776524232517,False
14,15.0,17,14,1.1479043736808292,0.26385195974473796,0.38843033336186433,0.18037372201100196,0.19195831918901848,0.14511085389077144,0.5440121317895779,False
14,16.0,17,14,1.0268185026364394,0.3161758702183765,0.3473868241285909,0.1536539423131525,0.19302438127932184,0.1485962149221898,0.5847803251011441,False
14,17.0,17,14,0.9461053130702831,0.3547898286406067,0.3201614984899107,0.1376545035326759,0.19086351383186953,0.14937797995616225,0.6009777395106346,False
14,18.0,17,14,0.9053120752616157,0.37539227510938056,0.30653691187652954,0.13016792375453923,0.18498249363276328,0.1467700991252441,0.6132826795952279,False
14,19.0,17,14,0.8975843954126261,0.37927105722594934,0.30413689278753164,0.12888511086653792,0.17541027550851418,0.14075978276750578,0.6162237680266874,False
14,20.0,17,14,0.9131592415944453,0.371106079466474,0.3095784437166946,0.13180910610242613,0.16283644444070736,0.13199977801491747,0.6118209932461256,False
14,21.0,17,14,0.9390023228605794,0.3579797814038699,0.3183315759565164,0.13662878945382825,0.14851711239723353,0.12159548784186915,0.60241922435577,False
14,22.0,17,14,0.9576156106179736,0.3488909361079945,0.324361961581206,0.14003264921818886,0.13396907454386864,0.1107748938902425,0.5983022517809773,False
14,23.0,17,14,0.9520935588081341,0.35194611371186235,0.3219889813808904,0.1386851011208977,0.12058167120090077,0.10057523091314233,0.5992595990229007,False
14,24.0,17,14,0.9216778914398619,0.36757784460168297,0.3111946174192679,0.13268821988005614,0.10931077068731895,0.09165389504386602,0.6102082795759164,False
14,25.0,17,14,0.8879016870305793,0.38530914536884553,0.2994284827573644,0.12639975828759634,0.1005650432387154,0.08425700868164046,0.6200377051912457,False
14,26.0,17,14,0.8754798175929485,0.39205044221587404,0.29499198074176036,0.12409585891045706,0.09428716582093864,0.07830793813057671,0.6245051291934277,False
14,27.0,17,14,0.8955366927384917,0.38167818675394605,0.3015254270371233,0.12750151838218937,0.09014137488198597,0.07354611033773518,0.6181420505269563,False
14,28.0,17,14,0.9468416111868758,0.3557855113756263,0.31853728843078727,0.13674378356927433,0.08769658000863673,0.06965563169612778,0.6017312004473679,False
14,29.0,17,14,1.0222867797797428,0.31993851106557913,0.3436000444210155,0.15134578066816853,0.08653802199101564,0.06635223221191293,0.5864129916508171,False
14,30.0,17,14,1.1125589705264893,0.28056753849429694,0.37357953473887884,0.17034758757261204,0.08630344253251042,0.06342429079235619,0.555627624506437,False
14,31.0,17,14,1.20767003687236,0.24315249921624627,0.40514286571863184,0.19213598937021079,0.08667741270712812,0.06073920922711804,0.5253560929892347,False
14,32.0,17,14,1.2982239272159553,0.21125985181871204,0.4351728196792005,0.21452098844686004,0.08737896697855085,0.05823033455923375,0.5012945636376218,False
14,33.0,17,14,1.3769068553376609,0.18635519722905775,0.46125307814315825,0.23522442645879243,0.08815990953014759,0.055876452190979344,0.4754192055454563,False
14,34.0,17,14,1.4396996258240813,0.16825156584993264,0.48206209163652297,0.25254948722397436,0.08881418296197775,0.05368074253746975,0.46517824412467296,False
14,35.0,17,14,1.486215134068933,0.15580070661667414,0.49748046430433507,0.26582795500341116,0.08919065873270476,0.05165263048365519,0.4606145309863377,False
14,36.0,17,14,1.5189893618537536,0.14749154301337722,0.5083548715462026,0.27541034819906096,0.08920089862972855,0.04979473217023188,0.45499807121749514,False
14,37.0,17,14,1.5420528832177112,0.14185705467282209,0.5160249528775547,0.2822737766898714,0.08881640546491947,0.04809642501278277,0.4538520427582829,False
14,38.0,17,14,1.559380629737989,0.13772688446902584,0.5218096093578157,0.28750591037908063,0.0880549478234152,0.04653416292384594,0.4538520427582829,False
14,39.0,17,14,1.5737576238530817,0.13436045798312335,0.5266307050381852,0.29190247509639117,0.08696116186155659,0.04507702728630194,0.4538520427582829,False
14,40.0,17,14,1.5863206210269531,0.1314618530530452,0.5308611571237178,0.2957868786923784,0.08558983096552153,0.043695051015511195,0.4538520427582829,False
14,41.0,17,14,1.5967477565837138,0.12908329778698924,0.5343887623189993,0.29904456485473757,0.08399823351432675,0.04236745330348306,0.45351203883140845,False
14,42.0,17,14,1.6038979205354496,0.1274561555091815,0.536829677795375,0.3013085076238559,0.08224734719590876,0.04108771955052702,0.45242153152930364,False
14,43.0,17,14,1.6066412842521631,0.12680641760077163,0.5378050601325033,0.30221539339892817,0.08040526890445841,0.0398631908422517,0.45178019694722216,False
14,44.0,17,14,1.6045932446579145,0.12720766917145693,0.5371852180439391,0.30163893356038457,0.07854516932061417,0.03870939081959422,0.4523971481572425,False
14,45.0,17,14,1.5984508336106726,0.12851496240189103,0.535201770693691,0.29979774285332483,0.07673527208877932,0.03764259643860648,0.4532502276551417,False
14,46.0,17,14,1.5897459651138142,0.1304074320987143,0.5323662455160381,0.297174744933119,0.07502542285932877,0.03667520948645299,0.4538520427582829,False
14,47.0,17,14,1.580135376782784,0.1325265523936274,0.5292343119905125,0.2942902059841263,0.07343843039140407,0.03581573826570366,0.4538520427582829,False
14,48.0,17,14,1.5706649719023849,0.13463499719670033,0.5261603972089606,0.2914721587298576,0.07197234642735349,0.03507082126463975,0.4538520427582829,False
14,49.0,17,14,1.5615016506988755,0.13668788551784428,0.5232063756835732,0.288776345490417,0.07061389535470346,0.034444911568072244,0.4538520427582829,False
14,50.0,17,14,1.5523318933440746,0.13875472117380658,0.5202707729922809,0.2861094287759902,0.06935692665488154,0.03393603017891401,0.4538520427582829,False
14,51.0,17,14,1.5431542065764032,0.1408399060984248,0.517348425821678,0.28346664252417314,0.0682163669618239,0.03353097229658108,0.4538520427582829,False
14,52.0,17,14,1.534845709514028,0.14274216552175364,0.5147166010028715,0.2810970053583209,0.06722951185554756,0.033205572366629965,0.4538520427582829,False
14,53.0,17,14,1.5289586334997556,0.1440908599605492,0.5128699190709749,0.27944023571788146,0.0664423032822919,0.03293222130617347,0.4538520427582829,False
14,54.0,17,14,1.5267883360562853,0.14456844051943465,0.5122191615903139,0.27885757603654293,0.06588605084938169,0.032690209191468436,0.4538520427582829,False
14,55.0,17,14,1.5284525190559919,0.14414342402145097,0.5127957296162531,0.279373778773542,0.06555603882789739,0.032470866808470465,0.4538520427582829,False
14,56.0,17,14,1.5327994758769834,0.14309484842679926,0.5142262263649634,0.2806565812673159,0.06540388295282007,0.03227314708196277,0.4538520427582829,False
14,57.0,17,14,1.5381948162606918,0.14181161950691865,0.5159896165410629,0.2822419618595129,0.065349023147634,0.03209365827422984,0.4538520427582829,False
14,58.0,17,14,1.5433958283939477,0.14057807940566946,0.517697500216334,0.2837816851882433,0.06530431723777043,0.03192051581438615,0.4538520427582829,False
14,59.0,17,14,1.54773463484327,0.13953835512133708,0.5191459024850065,0.2850907327164335,0.06520273699387547,0.03173726039728161,0.4538520427582829,False
14,60.0,17,14,1.5506073217877963,0.13882585041164375,0.5201418044961026,0.28599254255349615,0.06501216538179759,0.0315340144400037,0.4538520427582829,False
14,61.0,17,14,1.5509365651080926,0.13869258482429098,0.5203252866992635,0.2861588424891372,0.0647332182684508,0.03131626023324257,0.4538520427582829,False
14,62.0,17,14,1.5472788092742211,0.13948753117228652,0.5192076226952406,0.28514658082134176,0.06438496731109962,0.031103167087439643,0.4538520427582829,False
14,63.0,17,14,1.5386640738342825,0.14146895030205442,0.5164530795123831,0.2826593796197131,0.06398851982932244,0.03091576067677446,0.4538520427582829,False
14,64.0,17,14,1.5255323625979678,0.1445842016824129,0.5121927903229709,0.2788339772953463,0.06355636265644937,0.030763333726001096,0.4538520427582829,False
14,65.0,17,14,1.5098966538825713,0.14840042525710023,0.507081924123665,0.2742795702473517,0.06308975019860838,0.030637994862280884,0.4554687606767046,False
14,66.0,17,14,1.4944566496692513,0.15227349444315463,0.5020087463962999,0.26979678489454756,0.06258239597328298,0.03052118611801467,0.4584048785785354,False
14,67.0,17,14,1.4812855946151096,0.15565996352573377,0.4976612572686159,0.26598581939763055,0.06202807327642212,0.030397033616004872,0.4606145309863377,False
14,68.0,17,14,1.471026248420814,0.15835263056955737,0.49426005116059446,0.2630242746788601,0.06142999221470425,0.030262384474285343,0.4614997159102095,False
14,69.0,17,14,1.463058601475866,0.16047698100730404,0.4916100005335539,0.2607290211006134,0.0608083297558327,0.030126335668939148,0.4636633773946297,False
14,70.0,17,14,1.4563636323960076,0.16228158402819043,0.48938145908989406,0.2588071994980694,0.06020020212868077,0.030000621193106432,0.46418795885475583,False
14,71.0,17,14,1.450358990471601,0.16391308060525195,0.4873844379308763,0.2570915574669122,0.05964779898871934,0.029889143984658303,0.46508535341265483,False
14,72.0,17,14,1.4450850599609595,0.16535668972246878,0.4856311419234832,0.25559040924473797,0.05917719236692154,0.02978440126713325,0.46517824412467296,False
14,73.0,17,14,1.4407177497460224,0.16656152280546102,0.4841773212170884,0.2543493064639295,0.05877838526364382,0.029671621899624943,0.46517824412467296,False
14,74.0,17,14,1.4370046325314674,0.16759424307256635,0.48293770052560225,0.2532936779269333,0.05839914613638525,0.029534850522337976,0.46517824412467296,False
14,75.0,17,14,1.4332332469524807,0.16865038308937816,0.48167617368329163,0.25222187404225926,0.05795762003448605,0.02935869342544713,0.4652424361086294,False
14,76.0,17,14,1.4287246635990698,0.16991946326158291,0.48016890673482115,0.25094457713857937,0.05736623636348643,0.029124509807044667,0.4660109598483706,False
14,77.0,17,14,1.4233203132725119,0.17144873549744372,0.47836513074308834,0.24942073592480035,0.05655156830664775,0.028805074111958023,0.4660109598483706,False
14,78.0,17,14,1.4174247264227782,0.17312685149435803,0.47640135783228366,0.24776760585884922,0.05545813084097616,0.028362531178142938,0.4674181111186848,False
14,79.0,17,14,1.4116444186255033,0.17478070297051343,0.4744819375953006,0.2461577594070716,0.05403661065668326,0.027751190628838157,0.46844098557962865,False
15,0.0,17,14,-0.4951786233990799,0.6279978276647824,-0.18135919254261387,0.07747714368244234,0.494366794863015,0.6189384137670075,0.7639654963626608,False
15,1.0,17,14,-0.4045622684105222,0.691723668951403,-0.1480867096308474,0.06823408175492826,0.4374134088090566,0.5159574997028255,0.8037631543896544,False
15,2.0,17,14,-0.2720990920853837,0.7893183597498332,-0.09949345941389173,0.05818555809223632,0.38373946027558076,0.42273276160215006,0.8635043484131018,False
15,3.0,17,14,-0.07767996373209642,0.9390881801128552,-0.02834713864672449,0.050661544581474816,0.33551500772393944,0.3433969265597824,0.961211297272297,False
15,4.0,17,14,0.20673299449604055,0.8387547579570739,0.07515890640782213,0.05466160643358239,0.2939602005715266,0.2795806399596246,0.8969497093366544,False
15,5.0,17,14,0.6045258231252374,0.5527537953613388,0.21828937640553636,0.09004091078960909,0.25967923663656384,0.23103742908069455,0.7169936316950304,False
15,6.0,17,14,1.0846815247609394,0.28950980911840896,0.38755751889366546,0.17977332714429367,0.23279599007018853,0.19611531540404395,0.5622011907598207,False
15,7.0,17,14,1.507988523676783,0.14329618226011068,0.5324165604924608,0.29722119423358334,0.21306535022213638,0.1723632020046737,0.4538520427582829,False
15,8.0,17,14,1.7291374348667015,0.09451211470678456,0.6046367405369987,0.3670826009893819,0.200053559335106,0.15726572251348395,0.42191413474065026,False
15,9.0,17,14,1.7401858170791746,0.0924668850662618,0.6040661079507519,0.3665084644122588,0.1933260468607526,0.14884231757332497,0.41860644829649407,False
15,10.0,17,14,1.6126449615425928,0.11805606934747989,0.556259875481948,0.31960639914162425,0.19251010449346384,0.14589015382628717,0.447563788741945,False
15,11.0,17,14,1.4200190524561005,0.16726978363941222,0.4871997873022369,0.25693323662356515,0.1971598997172443,0.14786727089460025,0.46517824412467296,False
15,12.0,17,14,1.2149016888461797,0.23568471325152743,0.4152443032728684,0.19948836598525985,0.20646970116604166,0.15454633518969713,0.5219645178872445,False
15,13.0,17,14,1.0223378551127806,0.31665666872222353,0.3487227842681089,0.1544746208187878,0.21898111324173786,0.1655684932458072,0.5850822902465691,False
15,14.0,17,14,0.8472970563976698,0.405113338800984,0.2889183718298476,0.12100143395470216,0.2324754042423194,0.1800024911333222,0.6323602842492813,False
15,15.0,17,14,0.6865708338890155,0.4987449545374225,0.23439071868583033,0.09629080038104541,0.24419991411490288,0.19604160711728896,0.6849249511903568,False
15,16.0,17,14,0.5365881671965589,0.5961709517956306,0.18366598385488936,0.07819040461005336,0.2514290025943096,0.21101002104358005,0.7442907101932074,False
15,17.0,17,14,0.3969940935304047,0.694496040581789,0.13642243310752517,0.06545181733472402,0.25216282334904166,0.22180217044275752,0.8059544196482193,False
15,18.0,17,14,0.2718191234218515,0.7877387390960248,0.09388788956096845,0.05728542276890444,0.24565581414859755,0.22569463940754206,0.862614834249427,False
15,19.0,17,14,0.1691668200979197,0.8668415645406646,0.058781780859021505,0.05284836378554945,0.23254047879123493,0.22122938112462728,0.9141831942425088,False
15,20.0,17,14,0.09971115990062432,0.9212657704702653,0.034865949697381174,0.05100099676273647,0.2145260797032868,0.20874602178457766,0.9501083452363693,False
15,21.0,17,14,0.07434744443872093,0.9412679797454978,0.0261503053868268,0.050562948014516745,0.19385021296353036,0.19027086355915204,0.961888341863996,False
15,22.0,17,14,0.10142816777444874,0.9199763181541405,0.03584464765418592,0.05105801843587452,0.17272186521503105,0.16880091771465172,0.9497985578800917,False
15,23.0,17,14,0.18358629511838767,0.8557927202532551,0.06507483677398139,0.05349222264645667,0.15292323704407293,0.14733595224494564,0.9064191138828459,False
15,24.0,17,14,0.31416720973293866,0.7559927182938349,0.11148312163440253,0.060289495328007724,0.13562412326833262,0.12809918662898562,0.8452092502663991,False
15,25.0,17,14,0.47596760216242917,0.638190441695937,0.16881570600961526,0.07376380695219788,0.12138046538199632,0.11221479973641667,0.7702298434261308,False
15,26.0,17,14,0.6479915388666361,0.5227322959559162,0.22950230695076812,0.09434330813713147,0.11025296747190602,0.09983113418157437,0.7010461420009076,False
15,27.0,17,14,0.8188980447362504,0.4201968783466288,0.28949254776142447,0.121291020840297,0.10197627127064597,0.0904849145242472,0.6392016061252701,False
15,28.0,17,14,0.9933685370319516,0.3293599448572819,0.35040515366377073,0.15551281995397664,0.096120532274786,0.08347764857693074,0.5904183787941455,False
15,29.0,17,14,1.1847537406431485,0.24620501311073165,0.4168574203877295,0.2006792641192231,0.09220945343190068,0.07813107047451835,0.5271002533364808,False
15,30.0,17,14,1.4037993168219147,0.17127425197521962,0.49248688876046254,0.26148731704562794,0.08978535714715863,0.07390243432174512,0.4660109598483706,False
15,31.0,17,14,1.6522606095642507,0.10936260574362673,0.5777214553000966,0.3403535675626005,0.08843362163351567,0.07040509898301613,0.4412725691048068,False
15,32.0,17,14,1.9217308449789852,0.06451765829601155,0.6694247354992908,0.4339345058091748,0.08778857378996188,0.06738739594993373,0.37290022684850715,False
15,33.0,17,14,2.195755590729293,0.03630289491806602,0.7617448518204638,0.5321289140640366,0.08753893567492144,0.0647010348980208,0.37167427069695336,False
15,34.0,17,14,2.4544154339507807,0.02052821390085316,0.8478204968950867,0.6220790157646721,0.08743799280158038,0.062268818041521734,0.3346321985274807,False
15,35.0,17,14,2.6805741039517796,0.012327149311632497,0.9219791542246818,0.6947545779668702,0.08731171492648059,0.06005324373929457,0.32308580943537474,False
15,36.0,17,14,2.8657029109534626,0.008140744418932686,0.9816696846973715,0.7482754982649302,0.08705590456545986,0.058029255348826546,0.32308580943537474,False
15,37.0,17,14,3.0121994886703627,0.005923252963127668,1.028111468762571,0.7862028033314087,0.08662111553676968,0.0561664991937423,0.32308580943537474,False
15,38.0,17,14,3.1305874756263288,0.004632032783545416,1.0651999931190075,0.8139447739309306,0.08599273874203794,0.054423981368945794,0.32308580943537474,False
15,39.0,17,14,3.2336424848755128,0.0037654217579532355,1.0974467511270176,0.8361561098504003,0.08517490915604374,0.052755018132625,0.32308580943537474,False
15,40.0,17,14,3.3312132123927722,0.003099476044426131,1.1282429816249513,0.8556894769224396,0.08418122746619443,0.05111715582761343,0.32308580943537474,False
15,41.0,17,14,3.4276979573028883,0.002551946871483084,1.159062803846568,0.8736009106200194,0.08302990760700213,0.049481686345597166,0.32308580943537474,False
15,42.0,17,14,3.5219855047188333,0.0021047619979647045,1.1894937788949045,0.8897052220271778,0.0817407987974923,0.047839018002142776,0.32308580943537474,False
15,43.0,17,14,3.6091972439303186,0.0017575404014302846,1.2178503517346115,0.9033352570543176,0.08033481709693134,0.046198242182576635,0.32308580943537474,False
15,44.0,17,14,3.6835598819995616,0.0015053789881080992,1.2421443061326085,0.9139921294801019,0.07883748445473068,0.04458175918005229,0.32308580943537474,False
15,45.0,17,14,3.7411399831918426,0.0013349657117402904,1.260998494338586,0.921637130720599,0.0772853782943999,0.04301818117147428,0.32308580943537474,False
15,46.0,17,14,3.780979676678696,0.0012293824064985206,1.274028825546555,0.9266115889502152,0.07573023621300522,0.04153703234953366,0.32308580943537474,False
15,47.0,17,14,3.8043958825451,0.0011733661430733701,1.281620065511549,0.9293961043852946,0.07423493833059927,0.040166220223310435,0.32308580943537474,False
15,48.0,17,14,3.813698137010901,0.0011554627484031451,1.2845087833333035,0.930434103266937,0.07286036914806125,0.0389301195513549,0.32308580943537474,False
15,49.0,17,14,3.811612834232474,0.0011670485707210268,1.2835944093316243,0.9301068220216268,0.07164907102242028,0.03784576893113444,0.32308580943537474,False
15,50.0,17,14,3.801488346249057,0.0011998424717438616,1.2799995942596671,0.9288086307795275,0.07061503664749913,0.03691767376096559,0.32308580943537474,False
15,51.0,17,14,3.7874493763692363,0.0012439837873440948,1.2751070356871714,0.927012127016653,0.06974577507553563,0.03613479910570643,0.32308580943537474,False
15,52.0,17,14,3.7738640104079764,0.0012882727942840394,1.2703700700461833,0.9252398748518644,0.06901501303676331,0.03547296779460003,0.32308580943537474,False
15,53.0,17,14,3.764285217122778,0.001322708856510712,1.2669588131780254,0.9239433993848166,0.0683977298280798,0.0349020837375709,0.32308580943537474,False
15,54.0,17,14,3.760558158014725,0.0013415289207180557,1.2654728139330822,0.923373307217236,0.0678784442502816,0.034393964996383905,0.32308580943537474,False
15,55.0,17,14,3.76264142261569,0.001344342656041142,1.2658951261659144,0.9235356537951275,0.06744910618388673,0.03392652798597157,0.32308580943537474,False
15,56.0,17,14,3.7690919163501744,0.0013348306067669118,1.2677603702749216,0.9242495662722383,0.06710035131502631,0.033483560434983316,0.32308580943537474,False
15,57.0,17,14,3.777674844986068,0.0013187921289358445,1.2703526971588048,0.9252333151620513,0.06681375656139923,0.03305305278239086,0.32308580943537474,False
15,58.0,17,14,3.7856391434802528,0.0013032747556267089,1.2727858333866175,0.9261477521030894,0.06656069858037872,0.03262764946888309,0.32308580943537474,False
15,59.0,17,14,3.7897466864856124,0.0012965929480671249,1.2740034618259495,0.9266021465187125,0.06630797795224012,0.03220777371103661,0.32308580943537474,False
15,60.0,17,14,3.78657512551988,0.0013078801450202042,1.272876691442252,0.9261817325899607,0.0660263176017456,0.03180415893854669,0.32308580943537474,False
15,61.0,17,14,3.77346182725613,0.0013453597348549746,1.2685185041983575,0.9245382818279384,0.0656976733023845,0.031435538895470995,0.32308580943537474,False
15,62.0,17,14,3.749804251947407,0.0014136218868109293,1.2607167944111635,0.9215268317435671,0.06531938871177478,0.03112047063919345,0.32308580943537474,False
15,63.0,17,14,3.7178506246463017,0.0015108675352027135,1.250197085759722,0.9173230413156059,0.06490456623282395,0.030867345094590288,0.32308580943537474,False
15,64.0,17,14,3.6821875895117055,0.0016276843726575464,1.2384538658639381,0.9124324795354195,0.06447800263743175,0.030669220288940088,0.32308580943537474,False
15,65.0,17,14,3.6478810806181667,0.0017495916751291655,1.2271392636990057,0.9075191525405834,0.06406771532319486,0.030507536215492344,0.32308580943537474,False
15,66.0,17,14,3.6181125860588805,0.0018643737844888989,1.2172882444898634,0.9030776809396812,0.06369473836761252,0.030362636030667637,0.32308580943537474,False
15,67.0,17,14,3.5926152412484686,0.001970695696226016,1.208807673534424,0.8991302347021961,0.06336644934209236,0.030224082543779986,0.32308580943537474,False
15,68.0,17,14,3.5679430137804817,0.0020810785886972278,1.2005655132755453,0.8951825999799317,0.06307768738856626,0.030093976023039086,0.32308580943537474,False
15,69.0,17,14,3.539612722850971,0.0022159085683815427,1.1910924574888861,0.8905085615666412,0.06281868686401143,0.02998166151680279,0.32308580943537474,False
15,70.0,17,14,3.504961210421966,0.002392039637233164,1.1795188428887615,0.8845971818828537,0.06258333563533412,0.029894237560552282,0.32308580943537474,False
15,71.0,17,14,3.4649656467301257,0.002612028704429806,1.1661736701835819,0.8775033825681522,0.06237075522723246,0.029829560211518977,0.32308580943537474,False
15,72.0,17,14,3.423835548566327,0.0028592339185684683,1.1524517060453536,0.8698957069258377,0.06217882569861376,0.029775597076178235,0.32308580943537474,False
15,73.0,17,14,3.386720290516395,0.003102992715040159,1.1400577817819635,0.8627483951695905,0.061995102460937666,0.029714699305331462,0.32308580943537474,False
15,74.0,17,14,3.3571943394097103,0.003313129915630465,1.1301748891724344,0.8568601699186507,0.061792068810068664,0.029627967428572374,0.32308580943537474,False
15,75.0,17,14,3.336059126160778,0.0034745492093178334,1.1230657307828014,0.8525204080385351,0.06152858020193971,0.029495845841727365,0.32308580943537474,False
15,76.0,17,14,3.3217366073849632,0.0035915814151887115,1.118201972098705,0.8495010302713546,0.06115325260275754,0.029295024576311748,0.32308580943537474,False
15,77.0,17,14,3.3114722511822174,0.003681549067099149,1.114664619235384,0.8472793670123799,0.060604734428084284,0.028994853875542553,0.32308580943537474,False
15,78.0,17,14,3.3024446133246266,0.0037653313629954104,1.1115146948716914,0.8452827985420183,0.05980849458514057,0.028556295042745133,0.32308580943537474,False
15,79.0,17,14,3.292435101842814,0.0038608152492641055,1.1080160623726159,0.8430450607760944,0.05867458974034397,0.027934130502622473,0.32308580943537474,False
16,0.0,17,14,0.01221736630232973,0.9903884907918588,0.004424064584615148,0.05001610696339691,0.6869745541035245,0.683293724372687,0.993761636510278,False
16,1.0,17,14,0.14684441619887076,0.8848442145337485,0.05305867041213179,0.05231998959824896,0.6013344670498862,0.5667940004943878,0.9257274613902337,False
16,2.0,17,14,0.3461154799006006,0.7327834710814358,0.12436063203735326,0.06282189812747245,0.5233919584038187,0.46138138394010036,0.8300890140785372,False
16,3.0,17,14,0.6196542952634919,0.541161429187281,0.2201275769416394,0.09073054472001711,0.4560285899570937,0.37159855078604404,0.7110150164504423,False
16,4.0,17,14,0.9404790179631402,0.3547664882515844,0.3282945780836794,0.14228905251475202,0.40020662403849905,0.29917121515678335,0.6009777395106346,False
16,5.0,17,14,1.228199430462403,0.23033957644446584,0.4208856197355865,0.20367317712265334,0.355694732545624,0.24376871625854762,0.519436777798477,False
16,6.0,17,14,1.4122668072110054,0.17244386672349205,0.4778886804520306,0.24901908981638213,0.321511763024459,0.20354953578317336,0.46701616780569577,False
16,7.0,17,14,1.4974104164337552,0.15103200663865812,0.5036619650588713,0.2712534120829571,0.296298534999271,0.17580127053849273,0.45751735055731396,False
16,8.0,17,14,1.526736783804168,0.1444426220249528,0.5123862051358617,0.279007080980453,0.2787076563252742,0.15768738330232954,0.4538520427582829,False
16,9.0,17,14,1.5342613401284653,0.1428113714246507,0.5146177234185271,0.28100817178989224,0.26771955305601475,0.14684899408429639,0.4538520427582829,False
16,10.0,17,14,1.535808924525617,0.14237286947511546,0.515216417625373,0.28154626553931805,0.26272782930019406,0.14165554832469646,0.4538520427582829,False
16,11.0,17,14,1.5327655027237654,0.14291900185815418,0.5144609651582714,0.28086736590975714,0.2633204177624834,0.14111988572032239,0.4538520427582829,False
16,12.0,17,14,1.5171412783664304,0.14653991630174226,0.5095608276244038,0.27648380951265367,0.2688344642997156,0.14462340841611396,0.45395636907619796,False
16,13.0,17,14,1.4798442372939826,0.15588511735844468,0.4973882648984889,0.26574746758113466,0.2779003253848388,0.1515773155867086,0.4606145309863377,False
16,14.0,17,14,1.4192238600665248,0.1723369374235298,0.4773720907121124,0.24858401421955725,0.28825069840680345,0.16109363350895053,0.46701616780569577,False
16,15.0,17,14,1.3419478310807256,0.19542796789477107,0.45178186192438247,0.22757337073760053,0.2969931634222321,0.17174534330911467,0.48305883187329385,False
16,16.0,17,14,1.2575034324642125,0.22345567367802457,0.4238244787019485,0.20587545959297365,0.30131592820639064,0.18153457126511544,0.5132194590651368,False
16,17.0,17,14,1.1743822760652018,0.2540468685268699,0.3963171963395263,0.1858616562846286,0.2993251870548615,0.18817191981190548,0.5339098952427144,False
16,18.0,17,14,1.1001176659924927,0.284052493408361,0.37168763623819673,0.16909934349019243,0.2905924492044319,0.18964359831564512,0.5594887852258272,False
16,19.0,17,14,1.0421261024648067,0.3093774845390421,0.352284228676397,0.15667862657196652,0.27613996186117973,0.18485791844205307,0.5777186076609012,False
16,20.0,17,14,1.0066547261975496,0.32585996085465296,0.34010230629873667,0.14923753017321245,0.2579198880378065,0.17405623103975917,0.5886080349129416,False
16,21.0,17,14,0.9958092894099904,0.33137883909648547,0.3358754738371999,0.14672026225307452,0.238106925535812,0.15875511278155544,0.5914667282866679,False
16,22.0,17,14,1.0055419153505871,0.32736631151856066,0.3384034865933822,0.1482218011514807,0.21854816724274242,0.14122878613518006,0.5896805611342193,False
16,23.0,17,14,1.0273484727354834,0.31784827593156867,0.3450210448186881,0.15220879560685902,0.20052991727323155,0.12378335657149901,0.5850822902465691,False
16,24.0,17,14,1.0525027810909593,0.30695710227764955,0.3529157057524407,0.15707187711042894,0.18480531432124703,0.10815361309751946,0.5760829057974216,False
16,25.0,17,14,1.0753954741444198,0.2972049712122626,0.3602250711788935,0.16167760714124882,0.1717265437232187,0.09523478025866704,0.5681879332069784,False
16,26.0,17,14,1.0943623882280178,0.2892484335945412,0.36635296099151315,0.1656151004256898,0.1613588694288849,0.08515476817879089,0.5619938725198489,False
16,27.0,17,14,1.1106568801770835,0.28249904810665416,0.3716691133774299,0.16908715494760887,0.1535429378620905,0.07754206879392544,0.5581321844208299,False
16,28.0,17,14,1.1268002704985278,0.2758922146271517,0.37697928672538855,0.17260721494440537,0.1479358311897933,0.071818116677688,0.5537621512229568,False
16,29.0,17,14,1.145181013280715,0.26848190045075376,0.3830599540558724,0.17670152182701654,0.1440710762975073,0.0674083933390792,0.5473819842376199,False
16,30.0,17,14,1.167251396030653,0.25976346880558643,0.3903850695173142,0.18172337687785609,0.1414499064237027,0.06384967690257046,0.5398795392907858,False
16,31.0,17,14,1.1932404448044251,0.24976338711370644,0.3990250609335163,0.1877718225099522,0.13964086380019564,0.06082016333079017,0.5292179778861925,False
16,32.0,17,14,1.2221682051012615,0.23897791396497609,0.40864882226198196,0.1946672145497002,0.13834558116340168,0.058127506572232514,0.5240855725154152,False
16,33.0,17,14,1.2521198219407834,0.2281944724139842,0.4186145931617967,0.20198174499992777,0.13739738650997746,0.05567757853225077,0.5173639860398023,False
16,34.0,17,14,1.2808783599786082,0.21820517413664464,0.4281815494814797,0.209168326388028,0.13669488354976195,0.053435584032673775,0.5089477275983246,False
16,35.0,17,14,1.306804807274272,0.20950187333606196,0.4368036021362436,0.21578170094013346,0.13611522283335473,0.05138855965940433,0.49882950269885257,False
16,36.0,17,14,1.3294718321167232,0.2021232958695745,0.44434010179450006,0.22166718107794084,0.13546961644716415,0.049518750706439366,0.48822946481411916,False
16,37.0,17,14,1.3495791727256998,0.19575337844079904,0.45102634088567056,0.2269694903928817,0.13453682597449138,0.04779365610365131,0.48327961344638304,False
16,38.0,17,14,1.3682264612628312,0.18998922820429615,0.45723004064850864,0.2319563128916143,0.13315343478835653,0.04617060638439328,0.4776423579080321,False
16,39.0,17,14,1.3860779194739816,0.18459771299178465,0.46317249638570507,0.23679307612664466,0.13129571571784743,0.044607648248429825,0.47350992682738047,False
16,40.0,17,14,1.4029057373894465,0.17962802496116786,0.46877654460651397,0.24140751959114978,0.12909276892514376,0.04307274381470903,0.4695670362055426,False
16,41.0,17,14,1.4176894005347906,0.17535250616412937,0.47370018376330203,0.24550378154626018,0.12676061090723595,0.041548088830537455,0.4686051916826489,False
16,42.0,17,14,1.4291652856574206,0.1720930387210255,0.4775204586560503,0.24870892729701527,0.12450152342390662,0.04003050049431912,0.46701616780569577,False
16,43.0,17,14,1.436499856485496,0.1700392934824004,0.4799584951966964,0.2507665545550351,0.12243087159100699,0.0385295274982096,0.4660109598483706,False
16,44.0,17,14,1.4396842784971784,0.16915903910989658,0.4810113008042634,0.2516580014137158,0.12056669357154357,0.037063805905860926,0.4658495074792546,False
16,45.0,17,14,1.4394535520738143,0.16923200454911438,0.48092456246512705,0.25158449085937995,0.11887219264406858,0.03565603659334203,0.4658495074792546,False
16,46.0,17,14,1.4368779703340386,0.16995914788535818,0.48005594712657196,0.2508489968579804,0.11731156283018973,0.03432811911182752,0.4660109598483706,False
16,47.0,17,14,1.4329450743691865,0.17106923273502087,0.47873532983991257,0.2497330615904372,0.11588037065671762,0.033098444211046935,0.4660109598483706,False
16,48.0,17,14,1.428365200887429,0.1723672350935097,0.47719984383239267,0.2484390410946598,0.11459575086274969,0.031981841332291185,0.46701616780569577,False
16,49.0,17,14,1.4236401963691072,0.17371368466203152,0.475616912318648,0.2471089678305566,0.11346115308030456,0.03099042498896596,0.4681908934206625,False
16,50.0,17,14,1.4192676357244511,0.17496688846492772,0.4741525417845976,0.24588208312237256,0.11243750076850512,0.03013290459901696,0.46844098557962865,False
16,51.0,17,14,1.415889680189435,0.17594023759334465,0.473021075537955,0.24493646843546688,0.11144645967916565,0.029411597201500186,0.4686051916826489,False
16,52.0,17,14,1.4142680786728958,0.17641003584212633,0.4724768308060278,0.2444823527577695,0.11040565393232973,0.028818847663179808,0.4686051916826489,False
16,53.0,17,14,1.4151041963118542,0.17617082230857536,0.4727539631173216,0.2447135313258866,0.10926988657925693,0.028335598879881664,0.4686051916826489,False
16,54.0,17,14,1.4188070770509398,0.175107701752385,0.47398899324040344,0.24574527154348533,0.10804840250554043,0.027933727642800287,0.46844098557962865,False
16,55.0,17,14,1.42531334930594,0.17325098179370788,0.47616067348883323,0.24756541738487967,0.10678895827794524,0.02758158064388818,0.4674181111186848,False
16,56.0,17,14,1.4340310930906992,0.17078782024601138,0.47907126080362245,0.25001666454331123,0.10554553559930356,0.02725052858476191,0.4660109598483706,False
16,57.0,17,14,1.4439418194846978,0.16802221666332362,0.4823805709410281,0.2528200270962859,0.10435529401467292,0.026920141727006224,0.46517824412467296,False
16,58.0,17,14,1.4538391376529562,0.1652970276455228,0.4856856460838588,0.25563700279649565,0.10323699910293585,0.02658059702018081,0.46517824412467296,False
16,59.0,17,14,1.4626228893849944,0.16290901205745542,0.4886189465462242,0.2581513949140456,0.10220253404622145,0.026232325072082004,0.4645785671066477,False
16,60.0,17,14,1.469546772849311,0.16104686527663983,0.49093106810670933,0.2601427209586314,0.10126385114861591,0.025883731799422858,0.4637119708175286,False
16,61.0,17,14,1.474350939499271,0.15976539089348193,0.49253511381298737,0.2615290542832044,0.10042620809170465,0.02554771620525758,0.46250291217871853,False
16,62.0,17,14,1.477263847187576,0.15899277562675948,0.493507402161437,0.2623712990895059,0.09967531134070765,0.025237318848972234,0.4615919292389791,False
16,63.0,17,14,1.4788889585194962,0.15856326642957363,0.4940496322798511,0.262841634416039,0.0989749089479833,0.0249611499155209,0.4614997159102095,False
16,64.0,17,14,1.4799996679900573,0.15827019694924993,0.4944203073274083,0.26316341985325553,0.09828343285763835,0.024720174550026904,0.4614997159102095,False
16,65.0,17,14,1.4812790102950315,0.1579328090728146,0.4948476949848215,0.26353469815998787,0.0975799472259101,0.024507672634250497,0.4614997159102095,False
16,66.0,17,14,1.483076117801415,0.15745955598351688,0.4954484268107311,0.2640570339649328,0.09687813583330222,0.024312797156240584,0.4614997159102095,False
16,67.0,17,14,1.4852859607629285,0.1568790451350362,0.49618733278250376,0.26470026530032803,0.0962147312560856,0.02412591876233634,0.4614997159102095,False
16,68.0,17,14,1.4874382164780293,0.15631520511746075,0.49690717147300123,0.2653276957624248,0.09562024577932504,0.02394272700464581,0.4612579823138186,False
16,69.0,17,14,1.488971198345811,0.15591436306799447,0.49742019067643156,0.26577533640797896,0.0950955459939093,0.023764899490816057,0.4606145309863377,False
16,70.0,17,14,1.489530541166242,0.15576783334419078,0.4976079344822664,0.2659392539841097,0.09461256796718112,0.023597342078149407,0.4606145309863377,False
16,71.0,17,14,1.4891084356869533,0.15587710104193225,0.497467744879322,0.2658168505470177,0.0941359561478387,0.023443926559833243,0.4606145309863377,False
16,72.0,17,14,1.4879703781621683,0.15617333751236162,0.49708826658747346,0.26548566679487023,0.09364487527297967,0.02330413685484486,0.4611093269257777,False
16,73.0,17,14,1.4864708904867028,0.15656470506098522,0.4965878882294565,0.26504930299771934,0.09313629218679499,0.02317197637563705,0.4614997159102095,False
16,74.0,17,14,1.4848986362101975,0.15697610799508088,0.49606303624518505,0.2645920047947453,0.09260837333365571,0.02303669402899173,0.4614997159102095,False
16,75.0,17,14,1.4834217582430427,0.15736344691800627,0.4955699377237486,0.26416275441669007,0.09203705781001212,0.022883620314586742,0.4614997159102095,False
16,76.0,17,14,1.4821225421730628,0.15770483466841453,0.49513617067428867,0.26378545891424604,0.09135838586931941,0.022693676381801208,0.4614997159102095,False
16,77.0,17,14,1.481076617756375,0.1579800317880381,0.49478706255389326,0.2634820088658212,0.09045981406034864,0.022441794678390997,0.4614997159102095,False
16,78.0,17,14,1.480430861289979,0.15814999516988193,0.4945716857178473,0.26329489274692497,0.0891797881028579,0.022096117626944547,0.4614997159102095,False
16,79.0,17,14,1.480433230311474,0.1581490468065831,0.4945728464628845,0.2632959009949143,0.08731994346681515,0.02161984071293118,0.4614997159102095,False
17,0.0,17,14,-0.42517322873475144,0.6768873566349882,-0.15551659652673636,0.07012963256478234,0.5342937765370352,0.6473326559574135,0.796094355076539,False
17,1.0,17,14,-0.35655172414885944,0.7265099688457186,-0.13041837156539052,0.06411140837687163,0.4683391086837814,0.5414498561384625,0.8259892269303907,False
17,2.0,17,14,-0.2525123807471172,0.8041271181980167,-0.09232660610884176,0.05704415884513799,0.4069129455893696,0.4450796309506599,0.8726153634264964,False
17,3.0,17,14,-0.09346782665320845,0.926758648047066,-0.03413105702678443,0.05095921996409986,0.35253779017418496,0.36251249760359333,0.953042967997799,False
17,4.0,17,14,0.15028970717309909,0.8824060160014433,0.05470626221421951,0.052466524056332585,0.3065152874189904,0.29557550864103405,0.9242157773581201,False
17,5.0,17,14,0.5093069843429179,0.6166089442417478,0.18410270147232916,0.0783265033181881,0.2693524342467445,0.24424333205812507,0.7583477498727206,False
17,6.0,17,14,0.9611216035024998,0.3465316780761827,0.3431155276691956,0.1510523793946681,0.24099757737045055,0.2070684922548757,0.5977681990874191,False
17,7.0,17,14,1.3563688029644252,0.18589987412464026,0.4769189346327017,0.24820271275096414,0.22108773559858888,0.18174031273201738,0.4749190159536386,False
17,8.0,17,14,1.5424678433340762,0.13383015222114014,0.5356519616236117,0.30021518453208995,0.209285467859552,0.16579345783854985,0.4538520427582829,False
17,9.0,17,14,1.5365505059968612,0.13592781551278107,0.5285628432160473,0.29367352003137687,0.20557332196187492,0.15721187514759563,0.4538520427582829,False
17,10.0,17,14,1.4315148175410513,0.16486396771769748,0.4885692192779759,0.2581086578821514,0.21026562753710443,0.15469529428007656,0.46508535341265483,False
17,11.0,17,14,1.3031364903610243,0.2058908267743779,0.44210019359913183,0.21990783656648388,0.22357175001176202,0.1575650714699511,0.49437340016334663,False
17,12.0,17,14,1.1894220953699706,0.2478161345340596,0.4019693253899772,0.18986373688127364,0.24477039189166672,0.1654274257997232,0.5276645374942022,False
17,13.0,17,14,1.0967347535672483,0.2859752879011196,0.3698692462262277,0.16790580576101943,0.27135369691695027,0.17772218688719704,0.5599516126735209,False
17,14.0,17,14,1.0176122363595668,0.32140045933243305,0.34290529375632317,0.15092520737348744,0.2987178531555326,0.19327239629986187,0.5869051866070516,False
17,15.0,17,14,0.9426170107924385,0.3574412347804723,0.3176874062982585,0.13626920804814763,0.3208796240161244,0.20998809845050198,0.60241922435577,False
17,16.0,17,14,0.8643039575657431,0.39772693024276184,0.291605985416268,0.12236224026514861,0.3321774363044452,0.2249169628553675,0.6287778320023588,False
17,17.0,17,14,0.7779411524281756,0.4453865103207464,0.2630116831139747,0.10857439989258096,0.3292308456632212,0.23476684717820695,0.6507357945352622,False
17,18.0,17,14,0.6818323780046576,0.5024238969085715,0.23127772738380117,0.0950455635002994,0.3121195809876602,0.23680863859546195,0.6864235403684469,False
17,19.0,17,14,0.5781816705234099,0.5685133849699816,0.1970583048013032,0.08251877404202938,0.28413938589664167,0.22980477548770603,0.7283180591751619,False
17,20.0,17,14,0.4743946347478347,0.6391183967267611,0.16272452156626946,0.07206076470298023,0.25034476625109553,0.21449985048404502,0.7707089576796284,False
17,21.0,17,14,0.3836853091098966,0.7040705747961112,0.13263520895218034,0.06459908086316876,0.2157438408833177,0.19338596054356375,0.8126599309235992,False
17,22.0,17,14,0.3227164048555651,0.749226699771226,0.11246952386355119,0.06047346328800994,0.18401723707179174,0.16983686698630154,0.8396936995434687,False
17,23.0,17,14,0.30438679782086386,0.7630686425548092,0.10682166768756145,0.05944251303310637,0.1571185928483622,0.1470362647410439,0.8500467643175391,False
17,24.0,17,14,0.3285705471938868,0.7450036330514207,0.11583694678309583,0.06111399454041367,0.13556436547433384,0.127182857049049,0.8378860886734977,False
17,25.0,17,14,0.38028580585987476,0.7067660635532002,0.13436562649100056,0.06498563350174975,0.11899198694500003,0.11123021006813727,0.8143806493617121,False
17,26.0,17,14,0.44139670532420516,0.6625391117941062,0.15607234727831024,0.07027529177648982,0.10665739530730184,0.09910428970793629,0.7844951138212155,False
17,27.0,17,14,0.5058126992453856,0.6172029449685688,0.1788305120774994,0.07670613558951637,0.09774646839442173,0.09014711392284934,0.7583813708661209,False
17,28.0,17,14,0.5824344778182137,0.5651877692984346,0.20574544391555843,0.08549830404063545,0.09151860101890523,0.08353399179574175,0.726219222262093,False
17,29.0,17,14,0.6854708592764085,0.49888640078596247,0.24175332735211452,0.09930660446655934,0.08734657958798434,0.0785325035096245,0.6849325687717926,False
17,30.0,17,14,0.8239771868411971,0.41701411045697456,0.2899456817811805,0.1215199944953625,0.08470711744386045,0.07459838511660298,0.6372821169314732,False
17,31.0,17,14,0.9975377311703792,0.3269850614717694,0.35005526685668986,0.15529646954321819,0.08315598790858028,0.07136897753989167,0.5893255844389841,False
17,32.0,17,14,1.1967489814420544,0.241199352126729,0.41865898910201726,0.202014723466603,0.08230803409696524,0.06861764896129995,0.5243500915990251,False
17,33.0,17,14,1.4059134818858205,0.17038615759208822,0.4901841193679965,0.2594985048774144,0.0818327663800928,0.06620604803121909,0.4660109598483706,False
17,34.0,17,14,1.6072550840911866,0.11884997744443677,0.5584445634761213,0.3216934776247498,0.08146516193808584,0.06404631498114614,0.447563788741945,False
17,35.0,17,14,1.7861370678856368,0.08466825564165772,0.618478375833791,0.3810993435445753,0.08102031540503896,0.06207443270628242,0.40295373789797445,False
17,36.0,17,14,1.9353198121883082,0.06307722099120809,0.6679788832444764,0.43241342486411605,0.08039702927798777,0.060234737485222685,0.37167427069695336,False
17,37.0,17,14,2.0557622573481567,0.049451296773807385,0.7074852262817595,0.47426497638293585,0.07956293871109762,0.05847576988307648,0.37167427069695336,False
17,38.0,17,14,2.1534058300245444,0.04050330214407107,0.7392007775028266,0.5080985864788989,0.07852667547422046,0.0567549826625437,0.37167427069695336,False
17,39.0,17,14,2.23436513809147,0.034300516782839054,0.7653136770640959,0.535924654280432,0.07731060844682665,0.05504612032772863,0.36242055468660134,False
17,40.0,17,14,2.3018650976348147,0.029863816951764703,0.7869584929926711,0.5588637013565905,0.07593558254892392,0.05334238359101107,0.3376899021132159,False
17,41.0,17,14,2.356298425193065,0.02673000979201277,0.8042593985260347,0.5770621085402554,0.07442029903880526,0.05165238411598413,0.3376899021132159,False
17,42.0,17,14,2.3972242721010235,0.0246360359109406,0.817033515291157,0.5903964177066715,0.0727897652227993,0.04999162995971752,0.3346321985274807,False
17,43.0,17,14,2.4252080541891368,0.023364513693138373,0.8254373170160545,0.599113077300626,0.0710839224016252,0.04837522432368838,0.3346321985274807,False
17,44.0,17,14,2.4422667825753615,0.022706699762724457,0.8301370478948262,0.6039666318840917,0.06935915384338084,0.04681557964046195,0.3346321985274807,False
17,45.0,17,14,2.4510433563306524,0.022480542615488736,0.8320403519612635,0.60592769944931,0.06768014615393446,0.04532460846907512,0.3346321985274807,False
17,46.0,17,14,2.453556856699735,0.022563502816718737,0.831870188377818,0.6057524800957049,0.06610544245158502,0.043916976343894874,0.3346321985274807,False
17,47.0,17,14,2.4503553751640856,0.022916823697045906,0.8298614838880499,0.6036824851836223,0.06467404542357665,0.042611174188189944,0.3346321985274807,False
17,48.0,17,14,2.4405468134272694,0.023583978379089095,0.825750008823825,0.5994364883760437,0.06339984126833792,0.04142709871089619,0.3346321985274807,False
17,49.0,17,14,2.4227282913744905,0.024656312215174534,0.8190711726551941,0.5925142185432344,0.062275703833181935,0.04038079833163455,0.3346321985274807,False
17,50.0,17,14,2.3963616850265304,0.026214115729969116,0.8096223054710661,0.5826718875775694,0.061283694392193014,0.039478486439205936,0.3376899021132159,False
17,51.0,17,14,2.3628625636998803,0.028260231881664523,0.7978409666657138,0.5703277204430298,0.060405533998912686,0.03871269562507055,0.3376899021132159,False
17,52.0,17,14,2.325792218496955,0.030667234771625987,0.7848876126098278,0.5566762622780403,0.05962888317497992,0.03806296694234381,0.34224973653930035,False
17,53.0,17,14,2.290015848523673,0.0331669448612296,0.7723779238509801,0.5434281557003198,0.05894780911815375,0.03750143440287523,0.35659527395772467,False
17,54.0,17,14,2.2602031198052623,0.03541155932561938,0.7618845119192086,0.5322775109198327,0.05835847413272424,0.037000999345064525,0.3672309855990158,False
17,55.0,17,14,2.2393052860509637,0.03710347708294781,0.7544195186052017,0.5243291069242839,0.05785315112581964,0.036542184652914346,0.37167427069695336,False
17,56.0,17,14,2.227603628419366,0.03813178609092616,0.7501019626104343,0.5197273814315505,0.05741666974019366,0.03611536408260504,0.37167427069695336,False
17,57.0,17,14,2.222708366618441,0.03862546252034304,0.7481439708901458,0.5176396298114003,0.05702816425182733,0.03571769449863522,0.37167427069695336,False
17,58.0,17,14,2.220565028149771,0.03888323408464744,0.747180666453092,0.5166123074408817,0.05666737960800336,0.035347267174335555,0.37167427069695336,False
17,59.0,17,14,2.217104871669685,0.03922797394646216,0.7458248413462057,0.5151661972504828,0.05632119964064696,0.03499867337896426,0.37167427069695336,False
17,60.0,17,14,2.2097749785304495,0.039876041050659956,0.7431903160552625,0.5123556971835314,0.055985862670302124,0.03466305663834195,0.37167427069695336,False
17,61.0,17,14,2.1981301210827504,0.04088570777313903,0.7391052659091363,0.5079966563610032,0.05566400433789114,0.03433251469928519,0.37167427069695336,False
17,62.0,17,14,2.183209727888009,0.042195419546819414,0.7339137654016545,0.5024557115096939,0.05535959262056782,0.03400575585369889,0.37167427069695336,False
17,63.0,17,14,2.166227925830004,0.0437186115681339,0.7280360314712978,0.49618192886544654,0.0550742452409765,0.03369121420715031,0.37167427069695336,False
17,64.0,17,14,2.1474725152751337,0.0454382465573355,0.7215900244814921,0.4893028635449334,0.05480593677142685,0.03340556225407277,0.37167427069695336,False
17,65.0,17,14,2.1260036075223967,0.04745034149963819,0.7142804655001642,0.48150638623233727,0.05454936392517765,0.03316832675539377,0.37167427069695336,False
17,66.0,17,14,2.100164426736727,0.04994051888759499,0.7055655278909926,0.4722207074836989,0.05429766837877124,0.032995328397801754,0.37167427069695336,False
17,67.0,17,14,2.0685190671656177,0.053113313522681234,0.6949727159465866,0.4609554784371827,0.05404552981128944,0.03289374157740158,0.37167427069695336,False
17,68.0,17,14,2.0307594740682195,0.05710312506780326,0.6824061912295581,0.44763336888791766,0.05379215438998255,0.03285982236109586,0.37167427069695336,False
17,69.0,17,14,1.9882863755902418,0.06188253603744106,0.6683392164842586,0.4327924119955364,0.05354142058511827,0.03287838652867376,0.37167427069695336,False
17,70.0,17,14,1.9443685777999604,0.06717560555215213,0.6538548414058458,0.4176115473773546,0.05329807301599414,0.03292288407666727,0.37670994472380653,False
17,71.0,17,14,1.903827227305798,0.07240561912768896,0.6405241776344087,0.40374895872870065,0.05306228690146023,0.03295662919964123,0.38575509556400883,False
17,72.0,17,14,1.8721261494853945,0.07675123153326328,0.6301021615889829,0.3929952679344667,0.05282637588054193,0.03293723519496767,0.391185760243823,False
17,73.0,17,14,1.8539031074444132,0.07938092150453707,0.6240640965846561,0.38680232756372085,0.05257527572418517,0.03282516141341891,0.3920994274369567,False
17,74.0,17,14,1.8514214131470847,0.07980670945451969,0.6231278707332347,0.3858446686223496,0.05228901964877027,0.03259372855942249,0.39268075428670646,False
17,75.0,17,14,1.8636952660707815,0.07813299502629467,0.6269837567951867,0.389793318096089,0.05194384060277467,0.032235077550422306,0.39135597034099956,False
17,76.0,17,14,1.8867647255574829,0.07500501781829419,0.6343743537430966,0.3973938800114325,0.05150957549678784,0.03175740206024521,0.3895878060827143,False
17,77.0,17,14,1.9149562631102204,0.07130708959493869,0.6434791545173476,0.4068119060926044,0.05094355123282665,0.031173476217449,0.38248143061616285,False
17,78.0,17,14,1.9424645356755528,0.0678421754063968,0.6524089495340181,0.41610257386638083,0.050183908290573245,0.030485923061501656,0.37670994472380653,False
17,79.0,17,14,1.9645847460696544,0.06516218961061787,0.659608171685728,0.423627915718269,0.04914739710200451,0.029676965697520836,0.3745270779600481,False
18,0.0,17,14,-0.8733380615086438,0.39800168148647586,-0.321119818938475,0.13819416343284713,0.2704547523813179,0.47202075983862424,0.628946324350733,False
18,1.0,17,14,-0.8272461327076599,0.42269961091214214,-0.3041502399067331,0.128892215124786,0.23882135785785086,0.3874588233424222,0.6395965811743666,False
18,2.0,17,14,-0.7636562956784209,0.4583651822612539,-0.28071659711254954,0.11693199728098337,0.2088325849248149,0.3109153232216702,0.6605092768355517,False
18,3.0,17,14,-0.674787645265231,0.5112380792358819,-0.24793444229478737,0.10191535799053288,0.18180416387828652,0.24587625507546013,0.6941650857003505,False
18,4.0,17,14,-0.5478669697012261,0.5925720768707771,-0.20107723443881967,0.08388032420149902,0.15855954680481296,0.19386661772339758,0.7417953413228882,False
18,5.0,17,14,-0.36404157035062706,0.7210870968684155,-0.13323965199286628,0.06473351875708748,0.13960783884888953,0.15497422091050167,0.8224615730232018,False
18,6.0,17,14,-0.10651443395525471,0.9164568667177015,-0.03871582450442296,0.05123443371824475,0.12525553795119412,0.1282086024754088,0.9470868583672782,False
18,7.0,17,14,0.18834324675078778,0.8523984433482152,0.06754311840192573,0.05376276739806453,0.11574083384809146,0.1119175638735548,0.9044396114684221,False
18,8.0,17,14,0.3751722978546571,0.7105844710523332,0.1327962635789708,0.06463484046611465,0.111399864365706,0.10425816013934446,0.8165775927056583,False
18,9.0,17,14,0.4145398991454294,0.6816806478125412,0.14586318591581016,0.06768549818137669,0.11276400764532978,0.10353056467044587,0.7989931313895833,False
18,10.0,17,14,0.42764628572070446,0.672125121962487,0.14983355304870077,0.06867109265141474,0.12044839001437534,0.10824854798079711,0.7922148303767387,False
18,11.0,17,14,0.47782723050955783,0.6363556700626855,0.1664119464824542,0.07308393868206715,0.13476082825550942,0.11701970446161762,0.768936124937889,False
18,12.0,17,14,0.5600564363841434,0.5798344161143875,0.19360424408045585,0.081371745842775,0.15511066476100094,0.12840206335814913,0.7348165595213761,False
18,13.0,17,14,0.6486893560258664,0.5221216091036973,0.22257538898136994,0.09165842146447796,0.1794717366198315,0.14083632305121618,0.7007970465732715,False
18,14.0,17,14,0.7218699435043948,0.47728798169251874,0.24612467900722262,0.10114426309006834,0.2042544100345708,0.15265136285123368,0.6717485137476388,False
18,15.0,17,14,0.7688878487139258,0.45002066702427523,0.26093431862771843,0.10763193204271551,0.22484882838998851,0.1621218431542115,0.6543866594928872,False
18,16.0,17,14,0.7883985916314865,0.43925777338029837,0.26673512977639163,0.11028369112612706,0.23678838746369923,0.16760788263834575,0.6484649027055371,False
18,17.0,17,14,0.7837547660333303,0.44223107405831075,0.2646976577910475,0.10934518042082823,0.23710614700328111,0.16782250552430922,0.6484937488668066,False
18,18.0,17,14,0.7591314098119418,0.4566301625769129,0.25619032722292634,0.10550961645638755,0.2252800630230554,0.1621866841200889,0.6603776239275871,False
18,19.0,17,14,0.7171750013496553,0.48155072740680815,0.24204478779616717,0.09942803725966048,0.2033364130609814,0.15110612808567578,0.6748207308339257,False
18,20.0,17,14,0.6574851577026051,0.5182418330469846,0.22206988517497708,0.0914659102546787,0.17510010856037517,0.13597287714384584,0.6971838774033441,False
18,21.0,17,14,0.5750475826456879,0.5713766319004865,0.1945238671771108,0.08167504737733541,0.14497145480702703,0.11882114835162465,0.7296144970793067,False
18,22.0,17,14,0.45805472418783616,0.6513940745068699,0.15535013390742852,0.07008610870999195,0.11675206152014803,0.10176734806606988,0.7772355858173627,False
18,23.0,17,14,0.28597632933773565,0.7773661445472488,0.0974136660198522,0.05784539261381924,0.09291482324299528,0.086484381444402,0.8569390569812192,False
18,24.0,17,14,0.03472022730866928,0.9725626223279384,0.011914681011088198,0.05011683209537494,0.07444627354602974,0.07391725833868305,0.9827016071637549,False
18,25.0,17,14,-0.29305981982299845,0.7715716361365692,-0.10170784607728074,0.05855578115491969,0.06114362147732343,0.0642918433186607,0.8535921175035368,False
18,26.0,17,14,-0.6239694218206092,0.537733867362364,-0.21938347026316254,0.09045064017187945,0.052121462258200774,0.057323268131377995,0.7090996053130074,False
18,27.0,17,14,-0.8594259487472091,0.3983749966308522,-0.30531177100654977,0.1295117383957041,0.04629147283643407,0.05247827466646514,0.628946324350733,False
18,28.0,17,14,-0.9729519220917118,0.340956229520178,-0.3477788926516404,0.1538944452517582,0.042676662953248096,0.04918292265335449,0.5961636508881453,False
18,29.0,17,14,-0.9920910880211532,0.33226338161132285,-0.3556393573977197,0.15877650584764533,0.04053773132414773,0.04693732350059591,0.5915250594563995,False
18,30.0,17,14,-0.9454462817126498,0.3551015294171964,-0.3390911015120945,0.14863227962261658,0.03936591455921462,0.04535222108207645,0.6009777395106346,False
18,31.0,17,14,-0.8499513853362358,0.40464365680861125,-0.3044232673511736,0.1290376122994003,0.03881767484193241,0.04414198974484026,0.6323602842492813,False
18,32.0,17,14,-0.7160424655258971,0.48123035225576816,-0.2556794922220594,0.10528356751310648,0.038648391179605446,0.04310390469338502,0.6748207308339257,False
18,33.0,17,14,-0.5531200338834457,0.5851919968590535,-0.19659447180404804,0.0823635009031162,0.03867106747205284,0.04209984056315338,0.7382647469761277,False
18,34.0,17,14,-0.3720284157566299,0.7128308519047464,-0.13144438443712322,0.06433606434299244,0.03874024654549909,0.04104465477567728,0.8179103081614808,False
18,35.0,17,14,-0.1853528904429398,0.8542786494937505,-0.06504342164487113,0.05348884472318128,0.03874843274187033,0.039899028317376295,0.9055727424672491,False
18,36.0,17,14,-0.0063976815088323535,0.994939255727416,-0.0022295284635678366,0.050004090662278816,0.03862255237767303,0.03866241252317165,0.9962272105300329,False
18,37.0,17,14,0.15284044415587586,0.8795947136408022,0.05293425629864947,0.05230910734631501,0.03831618443858361,0.03736233280980968,0.9225798126344185,False
18,38.0,17,14,0.2838859626087985,0.7786020757654301,0.09785371166148336,0.05791675532079736,0.037801347632784595,0.036039253847175816,0.8575512372940925,False
18,39.0,17,14,0.38290116156751003,0.7047900392183557,0.13159697357179082,0.06436963012982819,0.03706534044117214,0.034730603141758805,0.8127383267532432,False
18,40.0,17,14,0.45020732117428275,0.6561953545787962,0.15457090676839996,0.0698830133625819,0.036113564748560756,0.03346026833093391,0.7802358949449264,False
18,41.0,17,14,0.48872373463074237,0.6289902821766032,0.16793512766571148,0.07351356692185762,0.03497375961130951,0.032237878688428395,0.7648036241664851,False
18,42.0,17,14,0.5021076150522534,0.6195647678294474,0.1729841511593173,0.07496694479532426,0.033695761341898126,0.031066324875853403,0.7593887232150814,False
18,43.0,17,14,0.4932864180194661,0.6255867865967831,0.17066695313276928,0.0742943467277615,0.032344373494947266,0.029951023236230508,0.7633232712682442,False
18,44.0,17,14,0.46405391887774067,0.6460743447809996,0.16144695775046017,0.0717118425102556,0.03098770904257449,0.028904454940155335,0.7734476716618142,False
18,45.0,17,14,0.41613059485410436,0.6804205114227013,0.1456774887898297,0.06764007216341111,0.029685721304896818,0.027943958067055786,0.7983960923273195,False
18,46.0,17,14,0.3529628051930011,0.7268175811380386,0.12430800342233359,0.06281097117391791,0.02848261151602695,0.027085491779674814,0.8261525956102198,False
18,47.0,17,14,0.28035390907382723,0.7814313209514958,0.09923482002431608,0.05814285744029328,0.027404169533960698,0.02633771933406472,0.8583110802400241,False
18,48.0,17,14,0.20501507117971038,0.839244916805028,0.07284218720883615,0.054377925673541175,0.02645911676960844,0.025699280933344257,0.8972834918747011,False
18,49.0,17,14,0.13252265548916312,0.8956904864006013,0.04720971407518984,0.051836159533958384,0.025642972286511592,0.02515980152945514,0.9328952369206511,False
18,50.0,17,14,0.06638217848085369,0.9476464742447496,0.023689625458394495,0.0504619602446198,0.02494320392934356,0.024703684721550233,0.966047376657269,False
18,51.0,17,14,0.00823075888448784,0.9935050621986075,0.00294057752672139,0.05000711596248372,0.024344579663078576,0.024315074850969624,0.9954802213679884,False
18,52.0,17,14,-0.04156432045763229,0.967214617955604,-0.01485883973323065,0.050181712259256446,0.02383348210574262,0.02398198983016256,0.9796546773505314,False
18,53.0,17,14,-0.08333262698323095,0.9343309942994835,-0.029797901038728477,0.05073102166122586,0.023399917488241887,0.023697749437988764,0.9580932271148316,False
18,54.0,17,14,-0.11767948850473427,0.9073755546145614,-0.04207920019665883,0.05145842534788858,0.023036563566090056,0.023459035018329716,0.9405949805136548,False
18,55.0,17,14,-0.14534798987092498,0.8857399372379013,-0.05196685114633575,0.05222536668569141,0.02273548200910559,0.023261907269658533,0.9259757900184655,False
18,56.0,17,14,-0.16745422371182608,0.8685179063314323,-0.05986633121572,0.052954627134294774,0.022484397024591443,0.023098472975977356,0.9148855498209157,False
18,57.0,17,14,-0.1859252750466861,0.854181982556663,-0.06647526711336642,0.053644475288044904,0.0222648439276595,0.022956458226159108,0.9055727424672491,False
18,58.0,17,14,-0.20373012404753954,0.8404184485102609,-0.07286196845259167,0.0543803098948665,0.022053694457077642,0.022822021544676423,0.8977763841652638,False
18,59.0,17,14,-0.22456813132159417,0.8243842221645461,-0.08035399969598986,0.05533039566511316,0.021827974163837353,0.02268417431815026,0.8877983931002804,False
18,60.0,17,14,-0.2520099762562221,0.8033950503804225,-0.0902331098643743,0.05672710110910433,0.021571227684487944,0.022538379492240045,0.8720893934777794,False
18,61.0,17,14,-0.2883918455981427,0.7758088298284264,-0.10334020513370713,0.05883401227065307,0.021278670849977047,0.022387450239972493,0.8557838700668131,False
18,62.0,17,14,-0.3339049094526877,0.7417322190163016,-0.11974657714631673,0.06188194262805735,0.0209585896602629,0.02223925543773417,0.8355678104251587,False
18,63.0,17,14,-0.38631015086048004,0.7031697896749725,-0.13864720136725764,0.06596429809019269,0.02062907443450137,0.022102354242205573,0.8120934326218747,False
18,64.0,17,14,-0.4415146859506274,0.6634253007268203,-0.15856465130633307,0.07093515537835622,0.02031148578122071,0.021981890653086245,0.7852662084695101,False
18,65.0,17,14,-0.49487489967113507,0.6259553730459629,-0.1778178259213753,0.0764005438920441,0.020023587842884077,0.021878091031313805,0.7633232712682442,False
18,66.0,17,14,-0.5427519805378472,0.5931926564809259,-0.19508503910395672,0.08186087198776841,0.019775001326186006,0.0217880817541785,0.7420429358808306,False
18,67.0,17,14,-0.5837367875765002,0.5658270190143113,-0.2098501875729654,0.08695344978495487,0.019565914040232148,0.021709286786524642,0.726219222262093,False
18,68.0,17,14,-0.6190449610354674,0.542774688949599,-0.22254925337416015,0.09164845683054497,0.019388358195756458,0.021641353501685806,0.7123734360451285,False
18,69.0,17,14,-0.6518218753169714,0.5218240737810893,-0.23432022415134252,0.09626240538204005,0.019228949604094513,0.021584810370640896,0.7005842652788199,False
18,70.0,17,14,-0.6855733608364928,0.5007219667545786,-0.24643427571942075,0.1012757468077383,0.019072450789636847,0.021537577627227234,0.6858815860618905,False
18,71.0,17,14,-0.7224762007616985,0.4782176170767606,-0.2596827096164503,0.10706795563187062,0.01890569700761537,0.021492368073609377,0.6721184579104499,False
18,72.0,17,14,-0.7624340700674017,0.45453604526155544,-0.27403363275763803,0.11370883064688829,0.01872085914999655,0.0214372105212713,0.6590971326534308,False
18,73.0,17,14,-0.8032766271577487,0.4310788063735089,-0.2887025626112468,0.12089274922926233,0.018516538021866324,0.021358783295810018,0.6437630552959123,False
18,74.0,17,14,-0.8419013764610788,0.40959794659317406,-0.30256631412828805,0.1280514668184665,0.0182957903673331,0.021246344082316317,0.6342377941699815,False
18,75.0,17,14,-0.8758272413573895,0.39129621209645815,-0.31472930370417207,0.13462793549833618,0.018061726414395424,0.021093958979741867,0.6238952575027362,False
18,76.0,17,14,-0.9044967408606351,0.37624665264955626,-0.32499895517509647,0.14039617243660776,0.017812600670811314,0.020899721678695245,0.6134250654732615,False
18,77.0,17,14,-0.9296491240615622,0.3633687940605438,-0.3340192099596807,0.14562530999947437,0.017538402035412147,0.020661682315501476,0.606818662049417,False
18,78.0,17,14,-0.9544059521363902,0.3510054200494259,-0.34293199257626544,0.15094135311867884,0.017219987966131074,0.020371329843755996,0.599029733873634,False
18,79.0,17,14,-0.9814484896918306,0.33785684400702176,-0.3527105060128167,0.1569440083344566,0.016830659634501158,0.02000709196135403,0.5952856269851009,False
19,0.0,17,14,-0.919666344442695,0.3743559366870185,-0.338376975365362,0.14820599267110668,0.33992776744800973,0.9479976694925762,0.6131610485840711,False
19,1.0,17,14,-0.8981625803946381,0.3852845349514008,-0.3304542454369495,0.1435404930957437,0.3048624441708468,0.783723900518103,0.6200377051912457,False
19,2.0,17,14,-0.87009883675782,0.399868548768315,-0.3201103422854189,0.1376257441866302,0.27184231050230895,0.6358082282014933,0.629266610579046,False
19,3.0,17,14,-0.8342155706750947,0.4190450159879867,-0.30687739633146205,0.1303507857852704,0.24232228771147526,0.5105215663308119,0.6384060254509291,False
19,4.0,17,14,-0.7888943597532337,0.4441076923102887,-0.29015286455816536,0.12162481396378617,0.217243622852318,0.4098372550748482,0.6499136960638371,False
19,5.0,17,14,-0.7315171143501278,0.4771687833744739,-0.26896212670389047,0.1113183148399368,0.19726541572456932,0.3326306246393829,0.6717485137476388,False
19,6.0,17,14,-0.6568106324452644,0.5223928213766518,-0.24134766550877776,0.09913785113342968,0.1828596610715546,0.275748167308238,0.7009743929015775,False
19,7.0,17,14,-0.5545646096228611,0.5881047386646241,-0.20353425509531217,0.0847270249080691,0.17434176647626115,0.23522735260350802,0.7400868621397517,False
19,8.0,17,14,-0.4087995707730902,0.6887042455121459,-0.1496694229061744,0.06862980578251575,0.17188261917558925,0.20745678710814572,0.8024359847136429,False
19,9.0,17,14,-0.20196709966648407,0.8425119863339944,-0.07357090292165051,0.05446618906752721,0.17549752731114712,0.18983064236195019,0.8984892956249115,False
19,10.0,17,14,0.06998227537704187,0.9449360619147938,0.02524374760325694,0.05052458073431308,0.18497853492806324,0.18073324181498676,0.9640643222774415,False
19,11.0,17,14,0.36725262730281744,0.7165357408174716,0.1303939606014379,0.06410608541983025,0.19973282049029042,0.1790839073922216,0.8198274991418971,False
19,12.0,17,14,0.5975254652117152,0.5547994266542748,0.20833613378428928,0.08641317179064827,0.21851545270797618,0.18377981774170563,0.7177144473665027,False
19,13.0,17,14,0.6991524835736622,0.4903956229746397,0.24043505148221697,0.09875931327216524,0.2391377593917159,0.19325237956874525,0.678585410057319,False
19,14.0,17,14,0.6995398086576279,0.4907779722162774,0.2387454628279426,0.09806253529814687,0.2583804796668036,0.2052405386725764,0.678585410057319,False
19,15.0,17,14,0.6506896931585779,0.5216318434861115,0.22131055217785445,0.09117760694091659,0.27239555372516205,0.21685834698607662,0.7005127874154015,False
19,16.0,17,14,0.5826584236059489,0.5658458106792141,0.19795714043274554,0.08282076766270619,0.277671523653219,0.22500397267890607,0.726219222262093,False
19,17.0,17,14,0.5067021418958803,0.6171992893926506,0.17221743039589546,0.07474334392868827,0.2722219981508083,0.22704217142134112,0.7583813708661209,False
19,18.0,17,14,0.42620120026058417,0.6738317316337386,0.1450729487500252,0.06749260195744927,0.25637059687551267,0.22152819201140964,0.7936695320014121,False
19,19.0,17,14,0.3429393631074107,0.7345694682230344,0.11701141800799618,0.06134194578126956,0.2326574006462987,0.2086520363886039,0.8314013294058148,False
19,20.0,17,14,0.26020285671117277,0.7967893935107317,0.08904203319326165,0.05655000852768975,0.20490976966974883,0.1901667096688462,0.8688486679563151,False
19,21.0,17,14,0.18464424938145002,0.8549160268885067,0.06334651280749518,0.05330882684380072,0.1769932049971883,0.1688013938797673,0.9059665213452636,False
19,22.0,17,14,0.12695313957028428,0.899931398344696,0.043576880210888486,0.05156418856538817,0.15183880799589733,0.14741131671097712,0.9358327197992207,False
19,23.0,17,14,0.09840013699339742,0.9223765441425164,0.03368778327789196,0.05093445224624017,0.13105429181971567,0.12822393954928618,0.9508647540352387,False
19,24.0,17,14,0.1020521218707812,0.9195594258851385,0.03478562571120018,0.050996387124036355,0.11505738063518506,0.11244926728422834,0.9497089152584217,False
19,25.0,17,14,0.1302433595642773,0.8975257694954261,0.04423123830483278,0.05161156335374896,0.10347398400513269,0.10030933993233072,0.9340346641042633,False
19,26.0,17,14,0.17406573681868442,0.8634292695937686,0.05898089970445449,0.05286772670346729,0.09555605531804667,0.09135046422688109,0.9113473337701767,False
19,27.0,17,14,0.229575741710701,0.8206276455878642,0.07769118772518223,0.05498195317622411,0.09048745945506713,0.08482874914422475,0.8847697181322833,False
19,28.0,17,14,0.29589754642818883,0.7702415480008071,0.10005375193999445,0.05827844900278782,0.08755120044337973,0.08000632955256129,0.8528581361921131,False
19,29.0,17,14,0.3722181605064842,0.7135420554168322,0.12578219247238556,0.0631188455101997,0.08618598900963957,0.07629769751946258,0.8180736941084701,False
19,30.0,17,14,0.45671257566923423,0.6527233520719293,0.15424928190202766,0.06979949534636128,0.08597365514505881,0.07329330770168803,0.7780808170393859,False
19,31.0,17,14,0.5465206704021437,0.5907299459165136,0.1844761904783514,0.07844316671514188,0.08659369367381671,0.07072480585707448,0.7415389607519872,False
19,32.0,17,14,0.637775197158566,0.5309186601665767,0.21514509837195775,0.08887549908165687,0.08777175909015208,0.06842456322362292,0.7044084349535503,False
19,33.0,17,14,0.7257286003846799,0.4766034078672975,0.24465298924649467,0.10052165893219331,0.08924007397431456,0.06629817952263808,0.6717485137476388,False
19,34.0,17,14,0.8054410356653077,0.43038158127267423,0.2713527655296132,0.11243921520631794,0.0907201969104644,0.0643031715533303,0.6437630552959123,False
19,35.0,17,14,0.8729453375132383,0.393546745818811,0.2939421502351193,0.12355605821954471,0.09193214388171152,0.062425009540350254,0.6250905535020284,False
19,36.0,17,14,0.9261198921024666,0.3660323966424258,0.31174290967333274,0.13298757228046776,0.09262691203317033,0.060654055148474495,0.6085104069158791,False
19,37.0,17,14,0.9646260486620476,0.34691579952493146,0.32466617275564125,0.14020616358132904,0.09263039885563874,0.05897425481478597,0.5977681990874191,False
19,38.0,17,14,0.9890664106529043,0.3351012877893004,0.3329249022275433,0.14498282616261604,0.09187839431374523,0.057367725342141386,0.5938503834240766,False
19,39.0,17,14,1.0000723579013726,0.32980520094159427,0.3367304517303301,0.14722675050465917,0.0904228672995624,0.055827249592392984,0.590905870154865,False
19,40.0,17,14,0.9979086132411558,0.33069958319707404,0.3361655756523907,0.14689196543007862,0.0884039902448755,0.054364577116987944,0.591377149063362,False
19,41.0,17,14,0.9827017227163175,0.3377717852035539,0.3312659052940527,0.1440130705077464,0.0860023889075978,0.05300892855169863,0.5952856269851009,False
19,42.0,17,14,0.9549983850046887,0.3510415870877158,0.32220919561257466,0.13880971125546177,0.08339581397023006,0.05179822628005942,0.599029733873634,False
19,43.0,17,14,0.9162840394950099,0.37025124896230077,0.30948750612617526,0.13175978603773894,0.08073590668483131,0.050767081446359205,0.6118209932461256,False
19,44.0,17,14,0.8692917413695779,0.39456142587154064,0.2940060689602755,0.12358886500874204,0.0781434370510123,0.049932586845743344,0.6259942875216442,False
19,45.0,17,14,0.8180768481301588,0.4222744362304037,0.2771042441901651,0.11517944857180487,0.07571070601948643,0.04927954677200492,0.6395965811743666,False
19,46.0,17,14,0.7677361998665023,0.45073686535042823,0.26046317932135793,0.10741929568114926,0.0735034172224305,0.04875272984424948,0.6548630653349409,False
19,47.0,17,14,0.7235840831898553,0.47668402278796473,0.24583857297545927,0.10102291261479997,0.07156240868518357,0.04826677164842709,0.6717485137476388,False
19,48.0,17,14,0.6898636089979939,0.4971129918012098,0.2346383177881968,0.09639060471210958,0.06990760615080534,0.047736262699606166,0.6832422903403593,False
19,49.0,17,14,0.668484784152896,0.5103441835477736,0.22750188169641106,0.09355895218058817,0.06854241466082305,0.04711292962845758,0.6939773595056236,False
19,50.0,17,14,0.6584442406839257,0.5166502647530984,0.22410209490385963,0.09224266149022935,0.06745468171493105,0.04640737046385574,0.6966070985435034,False
19,51.0,17,14,0.6563780131153807,0.5179900801245673,0.22332750789816888,0.09194571203902287,0.06661469389496893,0.04567974396539957,0.6971838774033441,False
19,52.0,17,14,0.6581706012664094,0.516916727767498,0.22382028616238278,0.09213449946014461,0.06597618223425031,0.04500350742239677,0.6966287774712202,False
19,53.0,17,14,0.6608365306872706,0.5153001623073903,0.2246020261659732,0.09243489787685989,0.06548509918732248,0.04442429897243596,0.6955310171476291,False
19,54.0,17,14,0.6635545657741381,0.5136494533198049,0.22541297867979623,0.09274769844392806,0.0650927535853762,0.04393903255787094,0.6946587620918035,False
19,55.0,17,14,0.6672672629521749,0.511372604702741,0.22657458617165382,0.09319784212987796,0.0647635420255002,0.04350604812476476,0.6941650857003505,False
19,56.0,17,14,0.6732728300582431,0.5076670475478913,0.22852078761254907,0.09395754674391263,0.06447123739317137,0.0430761249066041,0.691151247877194,False
19,57.0,17,14,0.6818619958020852,0.5023721749732926,0.23134653762102675,0.09507289689383834,0.06418907075828244,0.04262163886049334,0.6864235403684469,False
19,58.0,17,14,0.6918802004430548,0.49622577887893304,0.2346636781034587,0.09640083350005661,0.06388570949749554,0.04214579375705922,0.6823950683628438,False
19,59.0,17,14,0.7013474876867508,0.49045322526155777,0.23780728945158383,0.09767789944998169,0.06353333655208256,0.0416707925677272,0.678585410057319,False
19,60.0,17,14,0.708526904866929,0.4861023931061318,0.24019102945749995,0.09865835599041012,0.06312099286074559,0.04121873363337295,0.6767902631965325,False
19,61.0,17,14,0.7126408946279104,0.48362530020701233,0.24154742218631065,0.09922091114218506,0.06266015360922765,0.040800585524318346,0.6757602696858039,False
19,62.0,17,14,0.7138539600966974,0.48290878741472276,0.24192648547348164,0.09937872947917849,0.06217665620951369,0.040418145165522334,0.6756969152054977,False
19,63.0,17,14,0.7127192142026667,0.4836127040016538,0.24151535319846754,0.09920757172699751,0.061695520284848857,0.0400730667335776,0.6757602696858039,False
19,64.0,17,14,0.7095239528152603,0.48556039384523453,0.2404204353555548,0.09875326318016889,0.06123018664670005,0.03977547680601277,0.6765786169807452,False
19,65.0,17,14,0.703791455403684,0.4890407542083923,0.2384981822296964,0.09796099754701214,0.06078176940342616,0.039550171700109604,0.678585410057319,False
19,66.0,17,14,0.6940003633228051,0.4949935971130077,0.23525762074473486,0.09664073020678915,0.06034466647876866,0.0394407334676879,0.6816001014152628,False
19,67.0,17,14,0.6776938939238655,0.5049842239965885,0.22989245690179055,0.09449713545953739,0.05991129643596069,0.03950660579072451,0.6886148509044389,False
19,68.0,17,14,0.6523289799092221,0.5207543755811935,0.22155674717663945,0.09127096726959164,0.05947249432678157,0.03980365778142138,0.6997072921698788,False
19,69.0,17,14,0.6169306793431578,0.5432423285551125,0.20990641094882326,0.08697359240539396,0.059015821275799914,0.04034667816781646,0.7123734360451285,False
19,70.0,17,14,0.5738001547269391,0.5713829660921772,0.19566683047582217,0.0820541201481334,0.05852583303937975,0.04107093599989008,0.7296144970793067,False
19,71.0,17,14,0.528932690036598,0.6014860791065323,0.1807923822025256,0.07730333304010079,0.05798743600186363,0.041821832274680455,0.7477774639114264,False
19,72.0,17,14,0.49040774251140085,0.6279753531953243,0.16796251405204768,0.07352132891467751,0.057389980450201716,0.04239061798583783,0.7639654963626608,False
19,73.0,17,14,0.46558830078261615,0.6453413776963144,0.1596578658969296,0.07122802677425183,0.05672960395121566,0.04258466133923695,0.7730564934266979,False
19,74.0,17,14,0.4588104566269194,0.650129833517359,0.15736160709461885,0.07061527968038749,0.05600975917285535,0.04229619515342921,0.7764583793667036,False
19,75.0,17,14,0.47048169904867615,0.6419226130796567,0.1612229244698601,0.07165095078044709,0.05524059557945331,0.041533832459408816,0.7717132593923011,False
19,76.0,17,14,0.49736875374842915,0.623194766088365,0.17014559576004684,0.07414432200847204,0.054434930147052904,0.04040433612959921,0.7616906582582765,False
19,77.0,17,14,0.5335727729666031,0.59841253428808,0.18213640356662947,0.07771640099360287,0.05359596976452661,0.03905871434851493,0.7456251112458542,False
19,78.0,17,14,0.5720061767706914,0.5726807068360367,0.19482600025774285,0.08177502462408785,0.052696086527752706,0.03762983813234755,0.729787803401675,False
19,79.0,17,14,0.6062436932125026,0.5502822962383132,0.2060940934295027,0.08562071988678624,0.05165665438058162,0.0361862334084369,0.7162765426242506,False
20,0.0,17,14,-0.9370340617860784,0.36577980351649597,-0.3448781224576478,0.15212182459855936,0.49372771345472255,2.484528839324734,0.6085104069158791,False
20,1.0,17,14,-0.9315466024237349,0.3685081351206666,-0.34286159849253467,0.15089878612751853,0.4419319902780232,2.1336786386139233,0.6103453831771803,False
20,2.0,17,14,-0.9252127955231505,0.37167354311091094,-0.34053267578913854,0.1494957036888209,0.39269569439346247,1.8025437906213264,0.6118209932461256,False
20,3.0,17,14,-0.9178597463934767,0.3753698871554083,-0.3378267628820201,0.1478782003680518,0.3479444427794753,1.5001750014571977,0.6132826795952279,False
20,4.0,17,14,-0.9089422134058465,0.3798837198511499,-0.3345418754895852,0.14593296349257723,0.3087993903226871,1.2299699998698586,0.616394745701796,False
20,5.0,17,14,-0.8973378452470305,0.38580924535371874,-0.3302627773385226,0.14342919293414805,0.2759002552587896,0.9932981681674523,0.6202599253442029,False
20,6.0,17,14,-0.8810650474105493,0.3942189999789656,-0.32425587969186,0.13997218348178794,0.24951788438256742,0.7910545887088879,0.6257838613839328,False
20,7.0,17,14,-0.8568860897131986,0.40693380428035586,-0.31532023248625995,0.1349544977084328,0.22957035936151685,0.6236773049370024,0.6330081399916646,False
20,8.0,17,14,-0.8197615766191487,0.42696767021817783,-0.3015800727237219,0.12753033981574144,0.21563657500017405,0.4905210291186181,0.6427654938431963,False
20,9.0,17,14,-0.7622120748666859,0.45924173337742435,-0.28023591826578426,0.11669739180463715,0.20699662937051583,0.38936690512924493,0.660741745995495,False
20,10.0,17,14,-0.6740110458092182,0.5115335572006154,-0.2474333729306636,0.10170126090325766,0.20268860854479182,0.31641911412940094,0.6941650857003505,False
20,11.0,17,14,-0.5438645352417735,0.5947044167865086,-0.19892004538009883,0.08314589621779882,0.20156847560881416,0.2667331908539733,0.743221048854636,False
20,12.0,17,14,-0.36763058181835356,0.7176585373541562,-0.13338341048554367,0.06476558568316722,0.2023665382815502,0.23484669989237575,0.820411095005339,False
20,13.0,17,14,-0.16602090187402072,0.8696636297767604,-0.05942689684714185,0.05291133601329312,0.20374220021480186,0.21539732511860654,0.915244245996006,False
20,14.0,17,14,0.012380876878072938,0.9902120731801126,0.004363456882453369,0.05001566866578154,0.20435807048900256,0.20360235189389592,0.993761636510278,False
20,15.0,17,14,0.13170436655625992,0.8961276403276948,0.0458484031605688,0.05173168505201531,0.2030092927592571,0.19556614390387156,0.9329649467571951,False
20,16.0,17,14,0.19496867930540124,0.8468114964753819,0.06735834239773864,0.05374216263849414,0.19881800297918806,0.18843867782894821,0.9015483612665662,False
20,17.0,17,14,0.22255182567188006,0.8255364225526911,0.0765869331587797,0.05484093958401161,0.19143638924820144,0.18045483367504275,0.888598972205163,False
20,18.0,17,14,0.23211164831963285,0.8182046542685258,0.07975792052157091,0.05525136348895055,0.18115324946149372,0.1708639275360438,0.8835979124734026,False
20,19.0,17,14,0.23546213767218327,0.8156264696802082,0.08092380529924813,0.055406501185363395,0.16882577582425687,0.15974930887753228,0.8813802331021118,False
20,20.0,17,14,0.2413111595919623,0.8111099169861482,0.08305369424968392,0.05569579997507961,0.15564802448680634,0.14775450395225823,0.8776285920159267,False
20,21.0,17,14,0.2577422922794721,0.7984903065996427,0.08892586425000468,0.056532864030005556,0.14284873251232783,0.13576280238297156,0.8699265801501967,False
20,22.0,17,14,0.29302548985214755,0.7716201760607369,0.10141476531746078,0.058506304351302274,0.13142896290733605,0.12459958466895908,0.8535921175035368,False
20,23.0,17,14,0.3545829445505771,0.7254751028531066,0.12311402103377031,0.06256434807483009,0.1220109421624499,0.11482553242802447,0.8253207370234867,False
20,24.0,17,14,0.4470448214286649,0.6581637626726409,0.15560810845197032,0.07015358020134185,0.11481440053044566,0.10665973898328075,0.7812953763485487,False
20,25.0,17,14,0.5713090174231559,0.5721942075530646,0.19910083073643,0.0832071247092247,0.10973484598606527,0.10002490483586189,0.7296227196512959,False
20,26.0,17,14,0.7252377505161366,0.47412021682360517,0.25268487183205773,0.10396812121660343,0.10647553623174591,0.09466549228962946,0.6704730338919669,False
20,27.0,17,14,0.9047412982269262,0.37305847028028394,0.31479135498417743,0.13466219590813133,0.10468021615764482,0.09027547405666216,0.6126473412227538,False
20,28.0,17,14,1.1043662465040487,0.27854002479810747,0.38344151543763016,0.17696069350301194,0.10402626768193496,0.08658843019075849,0.5546791331905806,False
20,29.0,17,14,1.3174742641562076,0.19810923217660903,0.4563143995466507,0.23121623957344795,0.10426196125708763,0.0834138646243953,0.4849298349539143,False
20,30.0,17,14,1.5363042996250518,0.1355799946794573,0.5307539958274416,0.29568818089211496,0.10519510061585689,0.0806305397172435,0.4538520427582829,False
20,31.0,17,14,1.7522410690817782,0.09078287654051961,0.6038464643625263,0.36628755329663737,0.10665440269060056,0.07816018873567064,0.4164214041053914,False
20,32.0,17,14,1.9564893672159318,0.06078145141360768,0.6726467381211244,0.43732770460137554,0.10844874476153568,0.07594317886269832,0.37167427069695336,False
20,33.0,17,14,2.1410217758642194,0.0416503787641703,0.734509819429314,0.5030919266065177,0.11034593571774125,0.07392694197627794,0.37167427069695336,False
20,34.0,17,14,2.2994942544491996,0.029819401416281553,0.7874064520722862,0.5593366402700091,0.11208286212844124,0.0720656934397595,0.3376899021132159,False
20,35.0,17,14,2.4278881393086307,0.022630777244102552,0.8301211134994317,0.6039502027012253,0.11340379940321106,0.07032331082171353,0.3346321985274807,False
20,36.0,17,14,2.524729867168979,0.01833353752819106,0.8622846371882369,0.6366988269143056,0.11410945473287794,0.06867325025937279,0.3346321985274807,False
20,37.0,17,14,2.5908614467159503,0.01585748233436936,0.8842592239414188,0.6585273350428376,0.11409453356627947,0.06709612346504652,0.33440046428963005,False
20,38.0,17,14,2.628882383952667,0.01457666214942533,0.8969422098891551,0.6708940208802013,0.1133592139778375,0.06557951335286429,0.3311443223639877,False
20,39.0,17,14,2.6423619409292654,0.014136771568052875,0.901525787943401,0.6753185086139957,0.11199392675615016,0.06412204277039378,0.3297337739176818,False
20,40.0,17,14,2.634820502795644,0.01435481673789812,0.8991916375872222,0.6730684179096752,0.1101481301940905,0.0627381629529031,0.3297337739176818,False
20,41.0,17,14,2.6086757855543317,0.015177448108349437,0.8907738562730977,0.6649018292322004,0.10799713716167691,0.06145785758017626,0.3311443223639877,False
20,42.0,17,14,2.564767518174393,0.0166745541968001,0.8765771632194223,0.6509520698105852,0.10571702772515143,0.06031850975033986,0.3346321985274807,False
20,43.0,17,14,2.503121562215734,0.019035416247785375,0.8565837418960727,0.6309589910484086,0.10347025153044731,0.0593511496244158,0.3346321985274807,False
20,44.0,17,14,2.4249261424849364,0.022526222497593097,0.8310749327093631,0.604933313025749,0.10139856852060081,0.05856622404790744,0.3346321985274807,False
20,45.0,17,14,2.3345484638068514,0.027368551954108002,0.801312509929716,0.5739728251893292,0.09961879090238435,0.05794444042559862,0.3376899021132159,False
20,46.0,17,14,2.2397579048264915,0.03354837494749916,0.7696761539973366,0.5405600626961321,0.09821971828622096,0.05743774644924513,0.3589889803299273,False
20,47.0,17,14,2.1492209030565887,0.04070143157950822,0.7389084892245269,0.5077866544263319,0.09726151936755321,0.0569838898393223,0.37167427069695336,False
20,48.0,17,14,2.068521874828692,0.0483002839334807,0.7108352212116515,0.4778339894956425,0.09677819534528709,0.05653274439725908,0.37167427069695336,False
20,49.0,17,14,1.9975044712931533,0.05611289362505546,0.6854830475998449,0.45089025838426766,0.0967807691287971,0.056073358737782866,0.37167427069695336,False
20,50.0,17,14,1.9311726787402086,0.0644903177153862,0.6613629157268767,0.42546656853846887,0.0972574990800515,0.05564361460214683,0.37290022684850715,False
20,51.0,17,14,1.8639733196213657,0.07410332034072423,0.6368548480002453,0.3999539296620358,0.09816968773989015,0.055309157461475425,0.3895878060827143,False
20,52.0,17,14,1.7944627706530916,0.0852828518561399,0.6116867736215359,0.374200597330455,0.09944548983304971,0.05511754154470515,0.40359208765722543,False
20,53.0,17,14,1.7267804535077675,0.09746405738475289,0.5873591657861048,0.3498390949464368,0.10097627595859132,0.05505510627184351,0.4260354286376015,False
20,54.0,17,14,1.6681837093862262,0.10916229300876895,0.5663193585193451,0.3292641120362839,0.10261941833200575,0.05503814593080936,0.4412725691048068,False
20,55.0,17,14,1.6250864620284697,0.11857799262443516,0.550687120381863,0.3143092789015325,0.1042088813190916,0.05494851146339005,0.447563788741945,False
20,56.0,17,14,1.6003726703156242,0.12444863204312208,0.5414059405830738,0.3055742859738933,0.10557223573873387,0.05469209907174137,0.44927341787840686,False
20,57.0,17,14,1.5929890203043529,0.12653754975436793,0.538127520498629,0.3025154865049002,0.10655064707919479,0.05424272950616842,0.45178019694722216,False
20,58.0,17,14,1.5992510371374182,0.12548837502709412,0.5396425855659448,0.3039273001663606,0.10701757521400591,0.05364595117720158,0.44997254716019536,False
20,59.0,17,14,1.6147712125856297,0.12229421395524434,0.5445081518544267,0.3084816187461178,0.10689273323862028,0.052985569908301125,0.44927341787840686,False
20,60.0,17,14,1.6361121309707807,0.11779476666716579,0.5515861791989362,0.3151612523322862,0.10615004047893116,0.05233780211929129,0.447563788741945,False
20,61.0,17,14,1.661713056540754,0.11242569304840672,0.5603483879639647,0.32351696986750644,0.1048203396036378,0.051740627568957635,0.44264461086039397,False
20,62.0,17,14,1.6919833009157161,0.10623041872413878,0.5709086603721552,0.3337097821930315,0.10298942562584507,0.05119205770832748,0.44044808734393104,False
20,63.0,17,14,1.7285625624338476,0.09906810486865769,0.5837815949389842,0.34630641381698846,0.10078947742873556,0.05067255787625246,0.4288850081539885,False
20,64.0,17,14,1.7728029719375191,0.09093417911003673,0.5993883126026476,0.3618135490515319,0.09838090598268051,0.05017481876321546,0.4164214041053914,False
20,65.0,17,14,1.8237730274380182,0.08225383761262249,0.6174085104152953,0.3800099735916011,0.09592561784101354,0.049723256852588195,0.3998683627793186,False
20,66.0,17,14,1.8765021841405065,0.07396492941144905,0.636208695321653,0.39928662630250505,0.09355981542046272,0.04937382361540502,0.38953317056813297,False
20,67.0,17,14,1.9215417132967263,0.06731260475018151,0.6526907942296011,0.4163966168875541,0.09137746210840876,0.04919534707559374,0.37670994472380653,False
20,68.0,17,14,1.9468926162743165,0.06350699836800325,0.6628987036235463,0.42707715205965474,0.0894298233759254,0.049240788651823617,0.37167427069695336,False
20,69.0,17,14,1.9425941502047324,0.06346435115227916,0.6634810084473012,0.42768814149305556,0.0877364086359308,0.049519142753667034,0.37167427069695336,False
20,70.0,17,14,1.9065351149943544,0.06760409841971005,0.653567943646699,0.4173120337707179,0.08629733092107537,0.04997845721438685,0.37670994472380653,False
20,71.0,17,14,1.8478602109851003,0.07544971965034787,0.635933702566596,0.3990027229353428,0.08510037302656884,0.05050864872473765,0.3898845087140644,False
20,72.0,17,14,1.7843418074675994,0.08512548801787176,0.6162629542584723,0.37884460881569615,0.08412273589226615,0.050967322318413555,0.40359208765722543,False
20,73.0,17,14,1.7346020884875328,0.09355763834774465,0.6006883520951869,0.3631162521705702,0.08333034051999202,0.051221501481732205,0.4198025330173058,False
20,74.0,17,14,1.7106198281439822,0.09789483833186172,0.5932746307584736,0.3557094840050833,0.08267564601799633,0.0511876675340801,0.4268052056988681,False
20,75.0,17,14,1.7145908417679236,0.09714265280404225,0.594861147084728,0.35728995116097706,0.08209310433434791,0.0508503269914004,0.4249991060176848,False
20,76.0,17,14,1.7400422410520036,0.09252653172359755,0.6033641052444845,0.3658025694411768,0.08149311511910394,0.050249597380315765,0.41860644829649407,False
20,77.0,17,14,1.7754119512777282,0.08644090111348697,0.6149769508587127,0.37753770609171683,0.08075845821410449,0.0494450912331073,0.40509091087344107,False
20,78.0,17,14,1.808530866872102,0.08107968072071553,0.6256944388499609,0.3884716685514873,0.07974725296508466,0.04847494777344642,0.39705634067835516,False
20,79.0,17,14,1.8305708552278128,0.07770062092066082,0.6326342051626284,0.39560059748254855,0.07830295389246539,0.04732818282001917,0.391185760243823,False
21,0.0,17,14,-0.76158645897166,0.45895393288498754,-0.279250944516388,0.11621799935784867,0.2291679197533967,0.3894932176586928,0.6607048905285168,False
21,1.0,17,14,-0.7025348708814373,0.49390286690287644,-0.25763729706957056,0.10615253241997466,0.20320056383949467,0.32023466689605173,0.6808726611571382,False
21,2.0,17,14,-0.617168477918986,0.5470711740553968,-0.22633791405927284,0.09310592786403761,0.17919344253112515,0.25732673640620235,0.7144956510078259,False
21,3.0,17,14,-0.49182029258397825,0.6304596518098561,-0.1803181281318628,0.07715834292528859,0.158076222742974,0.203514517867771,0.7654822079310226,False
21,4.0,17,14,-0.30385311843564,0.7656217561256468,-0.11129238724456515,0.060254113764806445,0.1402433859993458,0.15993729877849008,0.8509833087571166,False
21,5.0,17,14,-0.017826689330488973,0.9860117475204687,-0.006512062643330691,0.05003489898958871,0.12578921499911305,0.12657348638328536,0.9924267418394276,False
21,6.0,17,14,0.4122474033481976,0.6853091505492305,0.1496177225531219,0.06861681029732565,0.11469925850555567,0.10255176095647069,0.801196501685948,False
21,7.0,17,14,1.0023702699289347,0.32705231342774577,0.35868024899535184,0.16069594021683709,0.10702118076580795,0.08651587088669425,0.5893255844389841,False
21,8.0,17,14,1.598964449529313,0.1208180159004356,0.5597533244006896,0.32294654456783395,0.1029853707312693,0.07705256268906238,0.44927341787840686,False
21,9.0,17,14,1.8694668914416275,0.0722647635554548,0.6434950144269527,0.4068283613584423,0.10301750646787168,0.07302071046341618,0.38575509556400883,False
21,10.0,17,14,1.7798385921670081,0.08682975562856389,0.6096361644931934,0.372125574936161,0.10760688758257053,0.07363055858246825,0.4051982585428691,False
21,11.0,17,14,1.5711046927250891,0.12832786743572788,0.5380004423187915,0.30239720657669966,0.11703692994392274,0.07826175462072905,0.4532502276551417,False
21,12.0,17,14,1.3871821475403607,0.17731982715162672,0.4747825824010876,0.24640952534208593,0.1310318801910658,0.08613535295654755,0.4686376134474036,False
21,13.0,17,14,1.2628718643063765,0.21825394038237603,0.431545404232781,0.21173319131019505,0.14843335147013445,0.09601592191885411,0.5089477275983246,False
21,14.0,17,14,1.1940895419313526,0.24404327407053905,0.40705672752555616,0.19351503364311703,0.16706858793052065,0.10612445251268252,0.5261909075569169,False
21,15.0,17,14,1.1687269016776407,0.2544909905333891,0.39727048640056983,0.1865326119547393,0.18395171971352003,0.11437488168491487,0.5339098952427144,False
21,16.0,17,14,1.1751468508093523,0.2526469126721234,0.39825087658331554,0.18722435194148643,0.19584399285864834,0.1188910040092027,0.5331423370492395,False
21,17.0,17,14,1.2034154325750899,0.24250836804269,0.406651294873503,0.19322234991686205,0.2000397515361022,0.1185795339628033,0.5253560929892347,False
21,18.0,17,14,1.2449265361043385,0.2279303059294414,0.4196055016754942,0.2027186443635573,0.1951276769724585,0.11346257499498211,0.5172304105737887,False
21,19.0,17,14,1.292098117492442,0.21210671384503765,0.4346163440742109,0.21409184121326869,0.18145330981347535,0.10459184723017469,0.5018019745875842,False
21,20.0,17,14,1.3384121033449312,0.1973492348169946,0.44955564828353883,0.22579673156916252,0.16108563271941997,0.09360675742018516,0.48477243922289465,False
21,21.0,17,14,1.3786027314977716,0.18509225259307757,0.4627302704489135,0.23643112876893424,0.13725579260646897,0.08218162253574825,0.4740582110447116,False
21,22.0,17,14,1.4085618670000222,0.17610482888765286,0.4728905191047766,0.24482748921422934,0.11344995985023461,0.07161263163805096,0.4686051916826489,False
21,23.0,17,14,1.4238791049149098,0.1710746884345288,0.4788406555185407,0.24982196140436844,0.09250223990873524,0.06265643833599112,0.4660109598483706,False
21,24.0,17,14,1.414482406935748,0.17234781831269286,0.47775140685016076,0.2489034355743942,0.07603246494973892,0.055579772323260494,0.46701616780569577,False
21,25.0,17,14,1.3578456410913502,0.18727168809201794,0.46242794119343045,0.2361838671444751,0.06438659125885067,0.050309699077557495,0.47669156968877296,False
21,26.0,17,14,1.2451031621624762,0.22366200808028974,0.42841566266452485,0.20934619562192086,0.05698333574764614,0.04659015394115677,0.5132194590651368,False
21,27.0,17,14,1.1328752808535487,0.26661733649794717,0.3927152333108031,0.1833413093384576,0.05281448552459499,0.04409991018131619,0.5466848559599893,False
21,28.0,17,14,1.080669777424723,0.2887502334111767,0.3760241359141881,0.17197023602517578,0.05086075181489007,0.04252553220962479,0.5616754829765847,False
21,29.0,17,14,1.087530415645597,0.2857674660664041,0.379132877703986,0.17404955647900586,0.05031211972115639,0.04159802846859648,0.5599516126735209,False
21,30.0,17,14,1.1288673436652998,0.26823492893881673,0.39401807302711483,0.1842502159129539,0.05061072682674599,0.041102875628865984,0.5473295715998527,False
21,31.0,17,14,1.1862426525479566,0.2452061422273467,0.4143878701081038,0.19885796835810282,0.05139639852764172,0.04087145447018401,0.5271002533364808,False
21,32.0,17,14,1.2508898974643627,0.22104027202553062,0.4371583670393923,0.21605656585644567,0.05243034575793714,0.04076301443228198,0.5119015018545048,False
21,33.0,17,14,1.3205470823311514,0.19704516904288033,0.4614444852083063,0.23538058225091701,0.05353795670897852,0.04064883419280275,0.48477243922289465,False
21,34.0,17,14,1.3963569762035086,0.17324504043874278,0.4875227807145656,0.25721020834422803,0.05457964258273191,0.04040974752125141,0.4674181111186848,False
21,35.0,17,14,1.4799468567574017,0.149678396987869,0.5158577326147973,0.2821232368585477,0.0554417967369767,0.03995114296066094,0.4571994671629453,False
21,36.0,17,14,1.5705708790866137,0.12713526191062277,0.5461728251712161,0.3100468493329398,0.0560362261392342,0.0392275405465304,0.4523971481572425,False
21,37.0,17,14,1.6633931162162057,0.10706848471577678,0.5769245760279101,0.33957377884396023,0.05629993624939256,0.038259541400912304,0.4404672051291093,False
21,38.0,17,14,1.750168337918371,0.09083791346733641,0.6055515143446889,0.3680036251404696,0.056192837355588256,0.0371278194584802,0.4164214041053914,False
21,39.0,17,14,1.8220778962938349,0.07905125822708053,0.6293605714499777,0.39223313175415025,0.0556953754423669,0.03594278446075428,0.3920994274369567,False
21,40.0,17,14,1.8726307450808943,0.07155902414589703,0.6463760080809907,0.4098202538883412,0.05480941667694652,0.03480485156810117,0.3832704375083114,False
21,41.0,17,14,1.8986806481560135,0.06789363295138508,0.6555953113041768,0.419429588667693,0.053563656451141646,0.03377599671496153,0.37670994472380653,False
21,42.0,17,14,1.8997607222227386,0.06766337079210927,0.6567695282432057,0.42065713220966583,0.052020601031139056,0.03287421934878875,0.37670994472380653,False
21,43.0,17,14,1.8773962260928254,0.0706710103056978,0.6502324338835552,0.4138334804195248,0.050278476355873965,0.03208704687291787,0.3811827131930065,False
21,44.0,17,14,1.8353453517996834,0.07676761925282581,0.6370548567031632,0.40016054574046417,0.04846169546785674,0.03139095519440061,0.391185760243823,False
21,45.0,17,14,1.7800239974118162,0.0855553384668451,0.6192557447621,0.3818914884220631,0.0466993424958564,0.030765754760230617,0.4045017878732639,False
21,46.0,17,14,1.719611227820859,0.09617223054881534,0.5995438613820478,0.3619693307567277,0.04509942535583648,0.030201167730264152,0.42350693099464065,False
21,47.0,17,14,1.6614558855527517,0.10745690556930468,0.5804343886718092,0.3430135456864761,0.043730836538389,0.029698288261069596,0.4404672051291093,False
21,48.0,17,14,1.6093382474628557,0.11851433756433309,0.5632635460841867,0.32631756381901056,0.0426208772081016,0.02926830837780359,0.447563788741945,False
21,49.0,17,14,1.5626686347279621,0.12921493804799652,0.5478469120301124,0.31162451316058387,0.04176688779466809,0.02892857515647072,0.45351203883140845,False
21,50.0,17,14,1.5182519705414899,0.1401189869403841,0.5330466914356164,0.29780320238197533,0.04115358987641854,0.02869605073435625,0.4538520427582829,False
21,51.0,17,14,1.4733319166806926,0.15186145737158224,0.5178288367444865,0.28390026248899325,0.04076747558815644,0.02858021035202867,0.4584048785785354,False
21,52.0,17,14,1.42784766350623,0.16448272011845033,0.5020799029022794,0.26985939588354807,0.040603362597115555,0.028578099301648372,0.46508535341265483,False
21,53.0,17,14,1.3846875018923714,0.17713989670322774,0.4867356037130332,0.25653547635013074,0.040661460754125474,0.028672827773128084,0.4686376134474036,False
21,54.0,17,14,1.3482276237056885,0.18834373692686399,0.4733148216254228,0.24518176696133198,0.040935496976670475,0.02883560172306355,0.47677425995219336,False
21,55.0,17,14,1.3221027503533131,0.19665006257617518,0.46317997233090497,0.23679919770174435,0.04139599981084262,0.029031720456399596,0.4843899918449775,False
21,56.0,17,14,1.3070543699427928,0.20153320313867384,0.4567884863120442,0.23159924954190605,0.041977211413725256,0.029230527553309706,0.48822946481411916,False
21,57.0,17,14,1.2997651291169858,0.20393227520511714,0.45324324812411765,0.22874415812442622,0.042577031490612614,0.029416033889621628,0.4910743750758673,False
21,58.0,17,14,1.2934319400462173,0.20607072919060598,0.45042967538442,0.2264932592172511,0.0430744027741613,0.029591543105072973,0.49456975005745435,False
21,59.0,17,14,1.27993147086988,0.21071442816321065,0.44570428070359225,0.22274285962481097,0.04336016173251894,0.0297733943996805,0.5007075520709956,False
21,60.0,17,14,1.252580299837826,0.22037895375269367,0.4367895575077187,0.2157708238892421,0.043370221608951515,0.029976668374127827,0.511175535630292,False
21,61.0,17,14,1.208446255489149,0.23672067665589405,0.42253333937348214,0.20490605632155795,0.04310709591309584,0.030202829243498184,0.5219645178872445,False
21,62.0,17,14,1.1495293794592973,0.25998423149653327,0.4033425426290773,0.19084474229617096,0.042638899371632226,0.03043816465123459,0.5399887704700311,False
21,63.0,17,14,1.0822814711994997,0.28855536413342325,0.38113543491813606,0.17539836524808092,0.042074556170371466,0.030662647930679666,0.5616754829765847,False
21,64.0,17,14,1.0153270223258686,0.31912413048944754,0.358702748495346,0.16071020594659072,0.04152631586041433,0.030860295800896047,0.5861463621234752,False
21,65.0,17,14,0.9564274390449031,0.34774927772307795,0.3387145476214076,0.14840738284412966,0.04107743160989762,0.03102269547787666,0.5977681990874191,False
21,66.0,17,14,0.9103879047147517,0.3712401326583109,0.3229283274217414,0.13921726989490252,0.04076776974939048,0.03114592200343549,0.6118209932461256,False
21,67.0,17,14,0.8784795354754388,0.38808148733470293,0.31188845768076534,0.1330671319347949,0.04059686971533999,0.031227907745489124,0.6217327632514735,False
21,68.0,17,14,0.8585913430777538,0.3987936449946802,0.3049291183682167,0.1293073650720482,0.04053401008041889,0.03127116883638871,0.628946324350733,False
21,69.0,17,14,0.8455972746375778,0.40586547191715183,0.30030971757001296,0.12686176824030712,0.040526264667045064,0.03128771844835245,0.6323602842492813,False
21,70.0,17,14,0.8324419328841979,0.41310107926349227,0.2956210686891742,0.12442030940185982,0.040505116287327544,0.03129853714806959,0.6345716060615669,False
21,71.0,17,14,0.8123389255656832,0.4243513875897549,0.2885555734164545,0.1208187730602159,0.040398833530322795,0.03132422220190684,0.6405457248078201,False
21,72.0,17,14,0.781323630751256,0.44211786679412124,0.2777630727760016,0.1154972701439852,0.04015363317742272,0.031371852447441104,0.6484937488668066,False
21,73.0,17,14,0.73989766587175,0.46655568097078504,0.2633924107207309,0.10874799724469136,0.03975509054366432,0.03142711454209287,0.6650001787592638,False
21,74.0,17,14,0.6930662564248796,0.4951067403335867,0.24712470730673902,0.1015696043818696,0.039234409857610675,0.0314568336181033,0.6816001014152628,False
21,75.0,17,14,0.6486386552158702,0.523060969526535,0.23164065698177866,0.09518982710268528,0.03865089823438023,0.0314193566592743,0.7010461420009076,False
21,76.0,17,14,0.6142352444489773,0.545267245320912,0.2196109088724935,0.09053608712602802,0.038058114853820366,0.031275318019363695,0.7131794068467369,False
21,77.0,17,14,0.594442342528294,0.5582598924478424,0.2126796834389085,0.08797424151290587,0.03747265571124913,0.030992260233812328,0.7199666985509533,False
21,78.0,17,14,0.5897591979369509,0.5613639064328599,0.21105345282947466,0.08738577983885312,0.03686142265634441,0.030541818269112234,0.7230447453160271,False
21,79.0,17,14,0.5975547744382265,0.5562283842798668,0.21381597416224307,0.0883882562884989,0.03614940838665244,0.0298937802255955,0.7184497838981364,False
22,0.0,17,14,-0.7966362673694003,0.4394020574373667,-0.2926023002854963,0.12287012651096109,0.24162702360950666,0.4069790311565819,0.6484879559251326,False
22,1.0,17,14,-0.7410289024498163,0.4712917472441187,-0.27213625557418736,0.11280888145169833,0.2154331848524972,0.33584207926823134,0.668960568045992,False
22,2.0,17,14,-0.6630874863712529,0.5182873353062174,-0.24341695317779047,0.1000018282118253,0.19040182382085813,0.2710365775787144,0.6971838774033441,False
22,3.0,17,14,-0.5528005288824591,0.5891637842152708,-0.20274400899724945,0.08445351728941834,0.16752471971117155,0.21555405210524972,0.7408646388335741,False
22,4.0,17,14,-0.3947856884636134,0.6987491824780808,-0.14448518301387392,0.06734983215524502,0.1474195170242922,0.1708283042772875,0.8082845718819204,False
22,5.0,17,14,-0.1697507306332332,0.8673488230477339,-0.06182755902029551,0.05315175460082673,0.1304991112677303,0.13712944590820936,0.9143950452636928,False
22,6.0,17,14,0.12581579484040628,0.9011854278351166,0.04536758393582546,0.05169551783910879,0.1170456683643411,0.113789804377552,0.936636860758058,False
22,7.0,17,14,0.4051324315695244,0.6889167670349072,0.14405679429741847,0.06724615330076314,0.10724503224714176,0.09946653747789037,0.8024359847136429,False
22,8.0,17,14,0.4872203882088286,0.6301152331802595,0.17216653658154518,0.07472853838486715,0.10121489323877372,0.09247311230971925,0.7652483795731345,False
22,9.0,17,14,0.3958044435521748,0.6955236428245766,0.14022012568496375,0.0663317907709208,0.09901448526490404,0.09105115433969853,0.8065897744675254,False
22,10.0,17,14,0.2966380471736243,0.7692015695204367,0.10531183295869458,0.05917609391084453,0.10060265748252514,0.09349201225198307,0.852225964032315,False
22,11.0,17,14,0.2654714301564442,0.7927813344438714,0.0940889391285319,0.057316789613393884,0.10573084421578764,0.09816459598322257,0.8663525424104753,False
22,12.0,17,14,0.30863284910936695,0.759951783503894,0.10877471466531659,0.059792882968947095,0.11379839660819498,0.10356279927605193,0.847942658591903,False
22,13.0,17,14,0.40642849355634597,0.6874285645511856,0.14199087013551243,0.06675062746603287,0.12373261016254708,0.10840698255276733,0.8020313209517449,False
22,14.0,17,14,0.5285600772030639,0.6012142977656203,0.18275385137846986,0.07790724194550142,0.13396708511193975,0.11173657229093238,0.7476239972214967,False
22,15.0,17,14,0.643963734782165,0.5252936009944881,0.22046451913769993,0.09085762054675743,0.14257511371135373,0.11292503945334961,0.7030556953512623,False
22,16.0,17,14,0.7319277352174031,0.4717013441331991,0.24862243381516105,0.10221007696484527,0.1475745640665984,0.11162663583113133,0.668960568045992,False
22,17.0,17,14,0.786410629380127,0.4406408434809328,0.26569380129741765,0.10980306684120959,0.147362923415265,0.10773006604560402,0.6484937488668066,False
22,18.0,17,14,0.8105723822361959,0.42760579293014145,0.27294064411607677,0.11318959530974154,0.14117127494129614,0.10137391282922734,0.6429394977231244,False
22,19.0,17,14,0.8089286280238068,0.42894272434210157,0.2718651775331899,0.11268085231614716,0.12936768990861186,0.09299568893460679,0.6435010309480883,False
22,20.0,17,14,0.7825957869497426,0.4440707624489669,0.2627713609430218,0.10846496042332918,0.11344524220286202,0.08332938483020806,0.6499136960638371,False
22,21.0,17,14,0.7272269780812418,0.47649409394454934,0.24415019880062075,0.1003098649144554,0.09563836075727562,0.07329300881316161,0.6717485137476388,False
22,22.0,17,14,0.6315302733738801,0.5355407905021838,0.21219283981055057,0.0877975722467511,0.0782905514914635,0.06379073250734242,0.7081146008652107,False
22,23.0,17,14,0.4755357801938579,0.6397863012464501,0.1601496503683793,0.07136045842361975,0.0632342196357146,0.05551768912202591,0.7707237251244878,False
22,24.0,17,14,0.23231583455437776,0.8185125453867701,0.07864366518680448,0.055105225001763083,0.051434026216206456,0.04885040268997506,0.8837410515744047,False
22,25.0,17,14,-0.11051900201374902,0.9128713521346781,-0.03778486808468862,0.05117573981494722,0.04299048797019243,0.043848223363615164,0.9445435464501699,False
22,26.0,17,14,-0.4954329321960926,0.6240509409478207,-0.17181947752226412,0.07462769724234675,0.037412568206335435,0.04033372001829851,0.7622919879731014,False
22,27.0,17,14,-0.7976712148496865,0.4318024410259158,-0.2803577312007783,0.11675680445739998,0.03397025499481375,0.03799942091500038,0.6442065775214799,False
22,28.0,17,14,-0.9569457388874075,0.34754891070330896,-0.33906531362943126,0.14861686937631602,0.03196699913575662,0.03650183382954234,0.5977681990874191,False
22,29.0,17,14,-1.0038452726197982,0.3252905152011937,-0.3568659422350261,0.15954867293998604,0.030870274600086924,0.03552684430400201,0.5882030909716951,False
22,30.0,17,14,-0.9785950448700467,0.337408336150677,-0.34798604673815864,0.1540216333231868,0.030325334549141377,0.034825616342876876,0.5952856269851009,False
22,31.0,17,14,-0.9015944283209257,0.3758942526470028,-0.3200522414335215,0.13759308658791317,0.03011146167531544,0.034225610502431385,0.6134250654732615,False
22,32.0,17,14,-0.7817048212097084,0.44144269483816656,-0.276607356266635,0.11494028238771045,0.030089939120277,0.03362332580367019,0.6484937488668066,False
22,33.0,17,14,-0.6260660955327381,0.5364726404511895,-0.22057861659326258,0.09090069852948596,0.03016699040110596,0.03296711848702062,0.7081776081388148,False
22,34.0,17,14,-0.44397942597995677,0.6604213195666653,-0.15562623712895524,0.07015832600846895,0.030274119067803012,0.032238829997516254,0.7829977536146773,False
22,35.0,17,14,-0.24688025257708235,0.8067417535902094,-0.08606012463737195,0.056117119150421335,0.030359098504917775,0.03144031632423946,0.8742159617490121,False
22,36.0,17,14,-0.04735434785061983,0.9625578496333471,-0.01641655462780926,0.05022181403969507,0.030380903278933696,0.030586102022698087,0.9757223576331595,False
22,37.0,17,14,0.14177441561233037,0.8882749856409591,0.048903522702318014,0.05197043846592152,0.030306119187884714,0.029699237246999417,0.9272796039002555,False
22,38.0,17,14,0.30894447876934655,0.7597470823378416,0.10612771317494625,0.05931958013317415,0.030108042039859964,0.028806658314070397,0.847942658591903,False
22,39.0,17,14,0.4460639440103348,0.6592599274771118,0.15277144134922271,0.06941805855461074,0.02976981288913978,0.027932951540408917,0.7819887113402315,False
22,40.0,17,14,0.5501936987903299,0.5870223248891723,0.18809744433283018,0.0795871888262648,0.029289905687254175,0.027094714039612,0.7397811698076996,False
22,41.0,17,14,0.6234734491636422,0.5386153325106953,0.21302388196221164,0.08809940560614703,0.0286854651160543,0.026298710200720173,0.7096473400586435,False
22,42.0,17,14,0.6711770866740636,0.5082047270826909,0.22945452293788024,0.09432448709309658,0.027989691531610215,0.025545015952787273,0.6915096718403786,False
22,43.0,17,14,0.698751126823074,0.4909483094033955,0.23928490634713567,0.09828442967145481,0.027243586143500448,0.024833165253029827,0.678585410057319,False
22,44.0,17,14,0.7092135093612991,0.4843332078401271,0.24351802968382205,0.10004423172128683,0.026486392908698923,0.024167475561336894,0.6759470414325844,False
22,45.0,17,14,0.7024419064754269,0.4882707908919812,0.24200878591791772,0.09941302914513912,0.025749553620744676,0.023558430563534506,0.6781165020930243,False
22,46.0,17,14,0.6770509761566829,0.5038453550240054,0.23411264882241695,0.09617884747190737,0.025055838142417044,0.02301958601469231,0.6877702311949222,False
22,47.0,17,14,0.6335278265676547,0.5313771127048095,0.21981926215858286,0.09061444636852603,0.024421585240258538,0.022562154980753108,0.704588436735659,False
22,48.0,17,14,0.5759823325734107,0.5690707375063071,0.20043544222292256,0.08366094828399241,0.02385875230174639,0.02219049682782061,0.7283180591751619,False
22,49.0,17,14,0.5112762294647943,0.6130348854041605,0.17831999821124242,0.07655185385056598,0.0233751194935259,0.021900635733618636,0.7557164883422103,False
22,50.0,17,14,0.44678799426170174,0.6583653697127553,0.15608289387127783,0.07027806120157448,0.022973450271819507,0.021681744410248904,0.7812953763485487,False
22,51.0,17,14,0.3886758360385852,0.7003821221620227,0.13593483794319963,0.06534064131740715,0.022651393157971406,0.021519078636741035,0.809616031123072,False
22,52.0,17,14,0.34122968511296137,0.7354222818359963,0.11943031953354015,0.06181885064568847,0.022402862343319698,0.021397042325344725,0.8318261151057563,False
22,53.0,17,14,0.30667003424554423,0.7613189639750402,0.10738628076206089,0.05954313670832911,0.022219860060222623,0.021302059163100014,0.849092183765037,False
22,54.0,17,14,0.284659402785157,0.7779621635416147,0.09971122115018642,0.058221597711048526,0.022092988723465434,0.021225214370361768,0.8572210984367595,False
22,55.0,17,14,0.27163331007299135,0.7878638317047397,0.09517489253469213,0.05748739438124718,0.022009951031856975,0.02116385814209007,0.862614834249427,False
22,56.0,17,14,0.2608771093082552,0.7960687160118027,0.0914391064457672,0.056908846254276065,0.02195328165813401,0.02112076698132761,0.8683156343321368,False
22,57.0,17,14,0.24413369212005473,0.8088877029387814,0.08562076707670674,0.05605460051681308,0.02189978156797204,0.021100338278753593,0.8757881896480039,False
22,58.0,17,14,0.2143955672521426,0.8317849050347215,0.07526276818887845,0.05467453445396282,0.021823553705371125,0.021103325078652764,0.8921463973983818,False
22,59.0,17,14,0.16850355723108432,0.8674052998820863,0.059234828685655404,0.052892515164501636,0.021702335638570477,0.021123021156085758,0.9143950452636928,False
22,60.0,17,14,0.10823503390430236,0.9145976754909093,0.038116746271058474,0.051196499373777814,0.021524333821192742,0.021145180988952517,0.945920844436598,False
22,61.0,17,14,0.03947210242062339,0.9688059771162896,0.01392915650588622,0.05015968284462853,0.021291783521156,0.02115172959756652,0.9800022971451849,False
22,62.0,17,14,-0.03005075399298638,0.976253950548692,-0.01062612003707738,0.050092926687705555,0.021019005855211475,0.021126249914586885,0.9852462776863051,False
22,63.0,17,14,-0.09340300483682984,0.9263086140688388,-0.03308658452694348,0.050901379034591424,0.02072597601216754,0.02105870603195816,0.9529690579520204,False
22,64.0,17,14,-0.14643205489600417,0.8847447599314872,-0.05194116081909961,0.05222316404082987,0.020431012152606006,0.020947795100706237,0.9257274613902337,False
22,65.0,17,14,-0.1884169803966584,0.8520763920442063,-0.06689262820679648,0.05369048246597681,0.020146216109723464,0.020800689712573334,0.9043299547151856,False
22,66.0,17,14,-0.22150764686858662,0.8265161387591327,-0.0786810450954518,0.05511009378450571,0.019876967139817115,0.02063086430713538,0.8891268683735805,False
22,67.0,17,14,-0.24953629625709345,0.8050163753718264,-0.08866485968197539,0.05649442717603864,0.019624147351576107,0.020454957208687168,0.8731287781332271,False
22,68.0,17,14,-0.2767435754388471,0.7842965042719464,-0.09835905995275396,0.05799911203420323,0.019386775781744175,0.02028939247845507,0.8607529251554412,False
22,69.0,17,14,-0.30665305552639727,0.7617087838277211,-0.10902511407794689,0.05983827262860464,0.019163571624131105,0.02014713854975997,0.8491511326015736,False
22,70.0,17,14,-0.3411420475919878,0.7359336027717458,-0.12133522730442056,0.0622014600924912,0.018953428372374386,0.02003489680900523,0.8321977469081443,False
22,71.0,17,14,-0.379817219723723,0.7074068206037526,-0.13514852682553094,0.0651622202907133,0.018755547100612738,0.019951267585477075,0.8147464295801904,False
22,72.0,17,14,-0.41992000756719045,0.6782850780701963,-0.14947679903958624,0.06858141116964356,0.018569653733272018,0.019886599878814547,0.7972492094862612,False
22,73.0,17,14,-0.45692275930644316,0.6518602756884364,-0.1626968980943497,0.07205319000512625,0.018395848047432915,0.019824793202412816,0.7774197324821863,False
22,74.0,17,14,-0.48576920048577377,0.6315734837457292,-0.17299507961285385,0.07497013939857829,0.01823313108693593,0.019746415906987672,0.7660680872219288,False
22,75.0,17,14,-0.5025249227026191,0.6199163376938925,-0.17896062072715294,0.07674552947488616,0.018076220924107583,0.019631858762645466,0.7596348995811375,False
22,76.0,17,14,-0.5059899872704974,0.6175072493574101,-0.18016658472743088,0.07711209689826493,0.017911724944156503,0.019463335186214032,0.7583813708661209,False
22,77.0,17,14,-0.49856781382413967,0.6226328601309365,-0.17748141146142823,0.0762994286217045,0.017715911369833637,0.019225119211553694,0.7612978202474333,False
22,78.0,17,14,-0.48573734716055844,0.6315540374353439,-0.17287613424102002,0.0749353806654047,0.0174559357769592,0.018902023960446983,0.7660680872219288,False
22,79.0,17,14,-0.47412460511077587,0.6396864348419178,-0.1687290125531873,0.0737391100283214,0.017094464810021415,0.01847676407751476,0.7707237251244878,False
23,0.0,17,14,-0.8793542686977455,0.39459997052703644,-0.323051152198377,0.13928697594350944,0.23477011181401286,0.46991088262341735,0.6259942875216442,False
23,1.0,17,14,-0.8289762170153435,0.42154872398020726,-0.30455309229459077,0.12910679777649087,0.21005598705146422,0.3828966969860028,0.639412060227297,False
23,2.0,17,14,-0.7570280511670711,0.4620419573484351,-0.2781047358357185,0.11566240802409637,0.1868486372961764,0.30429574517652197,0.6625011280330336,False
23,3.0,17,14,-0.6513568612757527,0.5256930140434831,-0.2392180430186827,0.09825689715378008,0.16609588524945626,0.23766584811445934,0.7031562608224934,False
23,4.0,17,14,-0.4895336569108439,0.6321581695944447,-0.17963289114409003,0.07694955588561513,0.1482967575995917,0.1844670593239524,0.7660680872219288,False
23,5.0,17,14,-0.2309685706725358,0.8205798033258614,-0.08454777467217998,0.05590328179102548,0.13365536755275412,0.14457628923114324,0.8847697181322833,False
23,6.0,17,14,0.18823668470606705,0.8529977337950987,0.06844212792733007,0.05386383039170797,0.12217841150373022,0.11665438170179472,0.904884988071416,False
23,7.0,17,14,0.8023396593387845,0.4309141850573187,0.2870704943462574,0.12007362989624767,0.11378499646682622,0.09862394025217645,0.6437630552959123,False
23,8.0,17,14,1.385636372385853,0.1765655704294372,0.48504790378342194,0.25509211142868804,0.10844666862183289,0.08826924605745992,0.4686051916826489,False
23,9.0,17,14,1.556208421539637,0.13059148675571267,0.5394304024059976,0.3037293949114803,0.10630391277534955,0.08373528447546486,0.4538520427582829,False
23,10.0,17,14,1.4124564360968537,0.16853481622453428,0.4896900724580799,0.2590728804373887,0.10767982842112796,0.08372072749687216,0.46517824412467296,False
23,11.0,17,14,1.2064348364268125,0.23745110258262,0.41851281297123627,0.20190615312754848,0.11294691399752702,0.08734622030638099,0.5219645178872445,False
23,12.0,17,14,1.048540109644615,0.30314820733708236,0.3631547400604019,0.16355141442798388,0.12226807380477993,0.09382914350716394,0.5729582939420218,False
23,13.0,17,14,0.9618841433966506,0.3443177569996836,0.33198560265398197,0.14443313348899994,0.13529110468717576,0.10214629268855357,0.5974195391678175,False
23,14.0,17,14,0.9373803498071467,0.3569094480508561,0.32202335736942034,0.13870454709858282,0.15090176040873415,0.11085979609779642,0.6023989722214724,False
23,15.0,17,14,0.957783454950366,0.3473120120827029,0.3273034051261603,0.14171762575502533,0.16713166308285918,0.11822688336026856,0.5977681990874191,False
23,16.0,17,14,1.0057299102700834,0.3250127740267945,0.3418693731967615,0.150299774226232,0.1812978085975781,0.1225856449471009,0.5882030909716951,False
23,17.0,17,14,1.0658930496685755,0.2985707280437071,0.36059078186267784,0.16191064712422634,0.1904315468483612,0.12284307522909399,0.5685282965734546,False
23,18.0,17,14,1.1258985503595436,0.27393594865986876,0.37942699533758595,0.17424719760632285,0.19199192365867557,0.1188050943976728,0.5522548724982954,False
23,19.0,17,14,1.1767714772062356,0.25436137650926766,0.39548677852574055,0.18527851951057345,0.1846996980341515,0.11117072073344714,0.5339098952427144,False
23,20.0,17,14,1.2125690017959752,0.2412634647655038,0.40685240955918495,0.19336749882626983,0.16913920167086507,0.10121561945346251,0.5243500915990251,False
23,21.0,17,14,1.2291516405160954,0.23533861493882802,0.41218195513943573,0.19724024265432802,0.14774973592354423,0.09035683001037534,0.5219645178872445,False
23,22.0,17,14,1.2221817615457256,0.23768027153794172,0.41009853744335667,0.19572029044397268,0.12409463750448053,0.0798050766984951,0.5219645178872445,False
23,23.0,17,14,1.1839725807809156,0.2513357475283901,0.3981972606375195,0.18718647700074034,0.10171626309214095,0.07039969621860288,0.5315703598586178,False
23,24.0,17,14,1.0992741913666848,0.2843086365058212,0.37155318394526754,0.169010884590498,0.08313248827409593,0.06259895478657833,0.5595140679380473,False
23,25.0,17,14,0.9498390290897087,0.3516922584389054,0.3236123779576803,0.1396058441739548,0.06940457648125493,0.056547933213019964,0.599029733873634,False
23,26.0,17,14,0.7546713280293066,0.45703052352806905,0.2591756963043095,0.10684032032375276,0.06032866235548361,0.05216387555874657,0.6604243404786464,False
23,27.0,17,14,0.5931051573229461,0.5578901375432352,0.20452599556669718,0.08507186182925373,0.054977951685215215,0.04921592749956733,0.7199557263486227,False
23,28.0,17,14,0.516899745632372,0.609270229629316,0.17842301921976628,0.07658295047184584,0.0522477035810225,0.047396929021906176,0.7529393141879642,False
23,29.0,17,14,0.5139282983001742,0.6113192650487784,0.17739843815482878,0.07627452037606426,0.051193228562709255,0.04638605961724916,0.75441946519242,False
23,30.0,17,14,0.5554857399278953,0.5829612923668936,0.1917199471635326,0.0807550124097036,0.05113798389686023,0.045896013437719166,0.7367942527957879,False
23,31.0,17,14,0.6208893333119362,0.5396852838556865,0.2142623395583229,0.08855153210356703,0.05163924400472298,0.045698026399302906,0.7099375687920897,False
23,32.0,17,14,0.697953212773907,0.49096357420582015,0.24079403496366128,0.09890803141152052,0.05241176817489237,0.045624444316690806,0.678585410057319,False
23,33.0,17,14,0.7799767570417797,0.44197602510610945,0.26895606941486344,0.11131548823979624,0.05326878160893006,0.045557098205389925,0.6484937488668066,False
23,34.0,17,14,0.8643684986094263,0.3948181860695683,0.29778896497483176,0.12554406223468498,0.05409262231873185,0.0454143622717079,0.6261433787887427,False
23,35.0,17,14,0.9512790867305547,0.34980944652131296,0.3272732545238018,0.1417002722379128,0.054820456571738514,0.04514660625609936,0.5985163407125732,False
23,36.0,17,14,1.0408863439061014,0.30724421642529154,0.35743180502861305,0.1599058386298101,0.055427735765959406,0.04474020596141389,0.5760829057974216,False
23,37.0,17,14,1.1303651977019284,0.26861475072503443,0.3873440115838777,0.17962666992581372,0.05590429074907123,0.044220922922921124,0.5473819842376199,False
23,38.0,17,14,1.2128077327948792,0.2363627325456477,0.4148054584737705,0.19916518170787367,0.056230942482397725,0.043645724171792036,0.5219645178872445,False
23,39.0,17,14,1.2791577660544202,0.2126210000468225,0.4369415757890214,0.2158885745188427,0.056368158686153164,0.043080039200485094,0.5018632502008639,False
23,40.0,17,14,1.3216439895685959,0.19836328380528784,0.45126882800689055,0.22716320348208366,0.05626213761107019,0.04256930135240161,0.4853159953294421,False
23,41.0,17,14,1.3361189600319285,0.19357634060901505,0.4564089637110824,0.23129260717672007,0.05586440639745957,0.042120028149964996,0.4815521997381223,False
23,42.0,17,14,1.3224473959158856,0.1978343181033444,0.45222266720224674,0.22792614433534117,0.055155029048464754,0.04170116391421615,0.4849298349539143,False
23,43.0,17,14,1.2840992609955548,0.21050149925842315,0.4397309496218105,0.21805621684985746,0.054158793433023246,0.04126393397110618,0.5004375265388927,False
23,44.0,17,14,1.2278987069946017,0.23034547586896748,0.42110380140717235,0.20383615398622687,0.05294716598767372,0.04076742501291813,0.519436777798477,False
23,45.0,17,14,1.1634129619031808,0.2549327568507098,0.3995107774914278,0.1881158520677014,0.05162477692915507,0.04019572155466563,0.5339098952427144,False
23,46.0,17,14,1.101086349370626,0.28055464784138995,0.37850167954923264,0.1736259388034987,0.050305774726845116,0.039560750251024526,0.555627624506437,False
23,47.0,17,14,1.0494554689628774,0.30317654535654437,0.36102635810150546,0.16218853018116516,0.04908961253712879,0.0388951006377185,0.5729582939420218,False
23,48.0,17,14,1.0128938282287265,0.3199674061586799,0.34861880442897347,0.15441062700101574,0.04804529742882202,0.03824278042949018,0.5864129916508171,False
23,49.0,17,14,0.9910343462962675,0.3303169915509234,0.3411721175870314,0.14987993487892368,0.04720833759841697,0.037652025071419196,0.5911923428326186,False
23,50.0,17,14,0.9800084219549382,0.33563695905210156,0.33736055587840236,0.1476008968476622,0.04658857944315881,0.03716869132976886,0.5940741368144629,False
23,51.0,17,14,0.9748681092196667,0.3381618438943703,0.3354820495096256,0.14648765632285224,0.04618264582559856,0.036827475066037466,0.595484865504253,False
23,52.0,17,14,0.9720528615528152,0.339585252738993,0.33431770867700894,0.14580095105318686,0.045983082833017296,0.03664196318335191,0.5961636508881453,False
23,53.0,17,14,0.9705638583033153,0.34038479421710555,0.333541335642318,0.14534446806336793,0.04597836261737183,0.036598873651154606,0.5961636508881453,False
23,54.0,17,14,0.9711162929088197,0.340202612574808,0.3334286137742754,0.14527828470927664,0.04614364803584856,0.03666154002650165,0.5961636508881453,False
23,55.0,17,14,0.9739744375427238,0.3389002249207642,0.33411254844274885,0.14568021386443267,0.046429074396717354,0.03678193487284524,0.5961636508881453,False
23,56.0,17,14,0.9772892066549812,0.33736656509768426,0.33501019624641254,0.14620906157648583,0.046755306703369,0.03691431869138687,0.5952856269851009,False
23,57.0,17,14,0.9772740894080797,0.3374190649954031,0.3348732966470359,0.14612831018875272,0.047022539829593465,0.037023243380437346,0.5952856269851009,False
23,58.0,17,14,0.9698360993255487,0.3410423816180024,0.33232956050052903,0.14463423172538215,0.04713157730209014,0.03708470315130037,0.5961636508881453,False
23,59.0,17,14,0.9521456439717376,0.3497227048054261,0.32640553126963845,0.14120157256855204,0.04700939683211993,0.03708520190414851,0.5985163407125732,False
23,60.0,17,14,0.9231369504626991,0.3642795798548031,0.31669833546863874,0.13571861063437118,0.04662948532590091,0.03702296901679043,0.6071180207780037,False
23,61.0,17,14,0.8832037705936169,0.3849936769752109,0.3032866185253941,0.12843322290859652,0.04601882045240274,0.036909845939104846,0.6200377051912457,False
23,62.0,17,14,0.8338937198745303,0.41164188046540395,0.2866456309105288,0.11986121046947074,0.04524793906602962,0.03676898291622909,0.6345716060615669,False
23,63.0,17,14,0.7778521395750906,0.4433364821941256,0.2676448177558506,0.1107052038022122,0.044407511390681366,0.03662682025576734,0.6493650841043194,False
23,64.0,17,14,0.7185714028392485,0.47844985768216575,0.24747078955817953,0.10171723231124026,0.043581522545566645,0.036503864933536065,0.6722573969105423,False
23,65.0,17,14,0.6596303879311244,0.5149223565201665,0.2273618598858751,0.09350432392890845,0.042828749762582635,0.0364102753538631,0.6955310171476291,False
23,66.0,17,14,0.6038226766092745,0.5508285103579494,0.20829222520675342,0.0863975651464905,0.04217839602762173,0.03634760169635254,0.7166173702127169,False
23,67.0,17,14,0.5528017156621229,0.5847665446801782,0.19083424860803666,0.08046731559439813,0.041636416972426565,0.03631270635988852,0.7379127153700796,False
23,68.0,17,14,0.5072943101403092,0.6158867366844621,0.17522910909983488,0.07562762432168689,0.04119381948287709,0.03629960331986414,0.7581854090903599,False
23,69.0,17,14,0.4673808339828776,0.6438058662005597,0.16149380639245745,0.07172458699564425,0.04083110010418517,0.03629909468879796,0.7725670394406716,False
23,70.0,17,14,0.43253488759521025,0.6686313392446106,0.14944817227578383,0.0685742245272254,0.04052032764929868,0.036299140110440054,0.7893327610270541,False
23,71.0,17,14,0.4017061380607944,0.6909251587542123,0.1387483163787566,0.06598779349778272,0.04023012218219739,0.03628733924048255,0.8034754961054984,False
23,72.0,17,14,0.3738481049182457,0.7113201163820956,0.12906176392308358,0.06381714687823166,0.03993489168823866,0.03625315580845466,0.8170130780687698,False
23,73.0,17,14,0.34874884158396036,0.7298835524732368,0.12034061073023247,0.06200091217843667,0.03962266706655598,0.036186682202757184,0.828071833572656,False
23,74.0,17,14,0.3274758005143594,0.7457469367355605,0.11296442676255818,0.06056638903380088,0.03929402439599926,0.036074338979155816,0.8382168958847513,False
23,75.0,17,14,0.31182700102137395,0.7574877946343614,0.1075499648368192,0.05957240925249041,0.03895064694902378,0.03589583480377502,0.846505207307579,False
23,76.0,17,14,0.3029085929982339,0.7642051403778369,0.10446758005208526,0.05902880706261566,0.03858016961596724,0.035625962403961674,0.8500538308329945,False
23,77.0,17,14,0.29977721994911055,0.766568945017631,0.10338083833623384,0.05884099569068509,0.03814636281359279,0.03523948889383784,0.8511803222932055,False
23,78.0,17,14,0.2992008052963351,0.7670065004020373,0.10316838477906604,0.05880451332745545,0.03758914762560216,0.03471321990290764,0.8514070606360545,False
23,79.0,17,14,0.29674368763500875,0.7688661250359181,0.1022997647907226,0.05865615032307437,0.036832630755445094,0.03402145624079007,0.852225964032315,False
24,0.0,17,14,-0.9920786947711377,0.33926329919872944,-0.36518510036107543,0.16485933625326687,0.4773031661483161,12.274319193308756,0.5961636508881453,False
24,1.0,17,14,-0.9903873668456745,0.34005840606905724,-0.3645627186726972,0.16445759960484574,0.4162357051814828,9.77445540040298,0.5961636508881453,False
24,2.0,17,14,-0.9880950183789421,0.3411380891193275,-0.36371906234038004,0.1639141764081906,0.35933825973257705,7.49208971696241,0.5961636508881453,False
24,3.0,17,14,-0.9849601809178798,0.342618383450222,-0.3625651606147336,0.1631730452569804,0.30876004785957367,5.526517102677174,0.5964755276646352,False
24,4.0,17,14,-0.9805676961966895,0.3446999881660465,-0.36094802537222476,0.16213853062820838,0.26546617452707966,3.9213843317913257,0.5974195391678175,False
24,5.0,17,14,-0.9741749362042892,0.34774513286792763,-0.3585939242695343,0.16064121502612677,0.22974629896550114,2.6797203312901634,0.5977681990874191,False
24,6.0,17,14,-0.9643808090108108,0.3524465059430105,-0.3549861452370187,0.15836643055612373,0.20153151937872305,1.7722857251826185,0.5995040128089008,False
24,7.0,17,14,-0.9484366301917423,0.36019323574103357,-0.34910987185812226,0.1547130284977532,0.18056496987100323,1.1464650748657477,0.6047184268139472,False
24,8.0,17,14,-0.9209623783842589,0.3738121305845933,-0.3389740652011047,0.1485623513707514,0.1664276841427835,0.7384668686934379,0.61302597176849,False
24,9.0,17,14,-0.8720808983257159,0.39888416918935743,-0.3209052047160848,0.13807315825502078,0.1584334714596404,0.4858840140389697,0.628946324350733,False
24,10.0,17,14,-0.7862474748763741,0.44550785463755094,-0.28907084509747644,0.12107827416524286,0.15548935470904035,0.33639483737417414,0.6507357945352622,False
24,11.0,17,14,-0.646178562615143,0.5286213638244344,-0.23693332757331292,0.09732104173220507,0.15606996327751685,0.25109023657465407,0.7037741401329695,False
24,12.0,17,14,-0.4484884835571116,0.6598901850912189,-0.16339841115188672,0.0722459686736812,0.1583993880460974,0.20368416539575498,0.7825521253787631,False
24,13.0,17,14,-0.22329928211737282,0.8256565450072973,-0.08051172645899524,0.055351407795243765,0.16080052448456006,0.1777174786316283,0.888598972205163,False
24,14.0,17,14,-0.022039047939181995,0.98260296053136,-0.007855276044659614,0.05005078118220357,0.1620537500386155,0.1634085902889923,0.9904637842156109,False
24,15.0,17,14,0.12460645840034303,0.9017692032013523,0.043998264683316884,0.05159461507485815,0.16158893254256967,0.1550610477840984,0.936636860758058,False
24,16.0,17,14,0.2211315867181581,0.8265809042631513,0.07758372873189912,0.054968140964456826,0.15943371299545261,0.14933198034724152,0.8891268683735805,False
24,17.0,17,14,0.2908814128795055,0.773224075818676,0.10162365593361143,0.05854155359555105,0.15598756942033462,0.14426706210375198,0.8544287090826852,False
24,18.0,17,14,0.35975739407131346,0.7216353713694261,0.12526935277501575,0.0630113194623804,0.15177851785750118,0.13882423760923485,0.8228602424664949,False
24,19.0,17,14,0.44706781995794737,0.6581619587213492,0.1551342099727085,0.07002972469372842,0.14732825314232617,0.13261419444936268,0.7812953763485487,False
24,20.0,17,14,0.5607416469783686,0.5793855344859902,0.1937559906740339,0.08142168917975616,0.14313941446759215,0.12569734689527448,0.7346171305180856,False
24,21.0,17,14,0.6973248388013384,0.49154447736438867,0.23971358550793795,0.0984611431689687,0.1397240074305202,0.11839186153357766,0.6791075016218527,False
24,22.0,17,14,0.8469324594413074,0.40500277302103316,0.2895146789591344,0.12130219507641855,0.1375862997303736,0.11110555705951446,0.6323602842492813,False
24,23.0,17,14,0.9990567385627938,0.3281160783170216,0.33969340686397864,0.14899255623399485,0.1371433154398314,0.10421107817422925,0.5899768229460538,False
24,24.0,17,14,1.1451278213894496,0.2649052129551933,0.3875990392522107,0.17980185692772943,0.13863728688572602,0.09797243717210795,0.5453930854959862,False
24,25.0,17,14,1.2784890472909691,0.2158804577011932,0.43122904916790217,0.21149114065745256,0.14210642973002907,0.09252210637367778,0.5058286875007038,False
24,26.0,17,14,1.3942184636804018,0.1795590099335598,0.46907889636586303,0.24165793413960884,0.1474339065549718,0.08788045984704733,0.4695670362055426,False
24,27.0,17,14,1.4893152196267212,0.15367324322658826,0.5001968072647054,0.2682050039604658,0.15443720747495202,0.08400021520542365,0.4596517186124658,False
24,28.0,17,14,1.56264844815275,0.13595945903234766,0.5241974605350453,0.2896794465408878,0.16293758095023483,0.08081280982407262,0.4538520427582829,False
24,29.0,17,14,1.6145772825232971,0.12453527951894366,0.5411699919366482,0.3053536721672274,0.17277272810599595,0.07825758267113073,0.44927341787840686,False
24,30.0,17,14,1.646627822336298,0.11795380708932876,0.5515933092212971,0.3151680129935848,0.18376069435201667,0.07628649535083844,0.447563788741945,False
24,31.0,17,14,1.6613792660931956,0.11509290544241735,0.5563066345229541,0.31965100793207535,0.19565175996922618,0.07484960139481116,0.44620634109983337,False
24,32.0,17,14,1.662327610953399,0.11501983828051338,0.5564628219500831,0.3198000323941785,0.20810051245602468,0.0738741988686172,0.44620634109983337,False
24,33.0,17,14,1.6534859547161314,0.11690831122886125,0.5533908743671121,0.3168744839392544,0.22066702733480378,0.0732523020219817,0.447563788741945,False
24,34.0,17,14,1.6387380249379961,0.1200310244684116,0.5483775104987869,0.31212529618784457,0.23284164101304067,0.07284672025293312,0.447563788741945,False
24,35.0,17,14,1.6211634210489465,0.12381382537692322,0.542441500709625,0.3065434022267127,0.2440903517875818,0.07251619889615953,0.44927341787840686,False
24,36.0,17,14,1.6025886510959142,0.1279073120521995,0.5361845624286447,0.3007093909589584,0.25392140714545686,0.07214859298406488,0.45292935571764764,False
24,37.0,17,14,1.5835226116509198,0.13222022831257346,0.5297706181915426,0.2947832002364193,0.2619641688256534,0.07168503408712693,0.4538520427582829,False
24,38.0,17,14,1.5634736922199362,0.13688189678696483,0.5230318561418252,0.28861746105294495,0.26803669125257945,0.07112242319952432,0.4538520427582829,False
24,39.0,17,14,1.541514060689351,0.1421402442610143,0.515656680787693,0.281942293254082,0.2721759348613701,0.07049388793083516,0.4538520427582829,False
24,40.0,17,14,1.5169104568417309,0.14822581779784907,0.5073995937433661,0.2745615377772098,0.27461783422311187,0.06983892599173637,0.4554687606767046,False
24,41.0,17,14,1.4896452501621062,0.15521649964708728,0.4982546128223298,0.2665042716087504,0.2757316731839269,0.06917947506312941,0.4606145309863377,False
24,42.0,17,14,1.4606717342120727,0.1629383724040504,0.48854039302348756,0.25808388553191813,0.2759245732656998,0.06851315935887504,0.4645785671066477,False
24,43.0,17,14,1.4318074439159838,0.17094041411981875,0.47886481171391565,0.2498423528483833,0.27553933557588334,0.067824069263986,0.4660109598483706,False
24,44.0,17,14,1.4052865583634575,0.1785720238134759,0.46997564199672137,0.24240151063425883,0.27477619819382765,0.06710138585626312,0.46888496040550004,False
24,45.0,17,14,1.3831336522617184,0.18515588530759738,0.46255116142405334,0.23628462534286898,0.2736699832844151,0.06635309366210361,0.4740582110447116,False
24,46.0,17,14,1.3666114139588528,0.1901914649774351,0.45701511444143084,0.23178247214005365,0.272137390133115,0.06560727981677786,0.4776423579080321,False
24,47.0,17,14,1.3559587583714978,0.19349346365978576,0.4534486536264145,0.2289090050544149,0.27007526689027705,0.06490253197650776,0.4815521997381223,False
24,48.0,17,14,1.350488297686224,0.19520203759839885,0.4516225826796975,0.22744598074712988,0.26745861821849587,0.06427506618072908,0.48304235584783906,False
24,49.0,17,14,1.348966095196764,0.19567078572750624,0.45112426081933676,0.2270477027547294,0.26438251148413744,0.06374993042947823,0.48327961344638304,False
24,50.0,17,14,1.3501280259616752,0.19528962211813505,0.4515304986987666,0.2273723522934508,0.26102528485081905,0.06333845432826064,0.48304235584783906,False
24,51.0,17,14,1.353172490239094,0.1943134844112603,0.4525727810850362,0.22820657028306712,0.257562439183746,0.06303871580516768,0.4827801697519102,False
24,52.0,17,14,1.358073509346605,0.19275752524924766,0.45424237455387867,0.22954666383304229,0.2540924121104128,0.06283473525316215,0.4803876128091467,False
24,53.0,17,14,1.3655975571927288,0.19039643851717086,0.4567959603440527,0.23160529072981112,0.25062137115322414,0.06269461229563962,0.4776423579080321,False
24,54.0,17,14,1.376991640800688,0.18687523854229496,0.4606509009496361,0.23473354556418657,0.2471078069534327,0.06257392837003077,0.47616339851019546,False
24,55.0,17,14,1.3933993496381583,0.18190689145730113,0.46618959519977216,0.2392710240519728,0.24352843615249042,0.062431320318419144,0.47209615496642515,False
24,56.0,17,14,1.4151376804123081,0.1754965045369482,0.4735179933559399,0.24535151068603592,0.2399204267158301,0.062254236244737395,0.4686051916826489,False
24,57.0,17,14,1.4410721179379202,0.16809129581132745,0.4822578228424681,0.25271573687362897,0.23637608614805644,0.06207970891779651,0.46517824412467296,False
24,58.0,17,14,1.4684482979727842,0.1605453792562419,0.4914913959753603,0.260626547598728,0.23299717561961736,0.061990283613322976,0.4636633773946297,False
24,59.0,17,14,1.4934972115798244,0.15386648218107196,0.4999632745110291,0.2680002046851668,0.22984304417814228,0.06207824462551898,0.4597891450031722,False
24,60.0,17,14,1.5127354005199711,0.14885905768606666,0.5065117506990827,0.2737738499894688,0.22691470651764636,0.06239575964810622,0.4558017319184544,False
24,61.0,17,14,1.5243217745354798,0.14585780097379142,0.5105186814257275,0.2773379417800358,0.2241916658184969,0.06292394437747299,0.45395636907619796,False
24,62.0,17,14,1.5286889713669263,0.144667288607147,0.5121201926007343,0.2787690172959436,0.22169085022475077,0.06358315673127508,0.4538520427582829,False
24,63.0,17,14,1.5281728854689074,0.14468429499336025,0.51208779729569,0.2787400326402969,0.21949074241984398,0.06427575268447429,0.4538520427582829,False
24,64.0,17,14,1.526002802211698,0.14511412075619684,0.5114974338937011,0.27821209073916264,0.21769228414621863,0.06492789721311422,0.4538520427582829,False
24,65.0,17,14,1.5252208111709735,0.1452036852674575,0.5113699077523162,0.27809811492216374,0.21634868805488588,0.06550181445530175,0.4538520427582829,False
24,66.0,17,14,1.5278914652031812,0.14443866487761398,0.5124010949721972,0.27902040943320267,0.21542620886761343,0.06597923105667446,0.4538520427582829,False
24,67.0,17,14,1.53468424316914,0.14266657192913235,0.5148142098956848,0.2811847129006569,0.2148253672538586,0.06634197569814662,0.4538520427582829,False
24,68.0,17,14,1.5447810728353053,0.14012164858931297,0.5183252150649823,0.2843486398186029,0.21443459363256578,0.06657332571453933,0.4538520427582829,False
24,69.0,17,14,1.5560861819990195,0.13734479705246774,0.522217419617894,0.2878765532995205,0.21416768482232343,0.06667860598600835,0.4538520427582829,False
24,70.0,17,14,1.5657792395681795,0.13501328069639665,0.5255363042680009,0.29090160672089166,0.2139666384281786,0.06670173547269416,0.4538520427582829,False
24,71.0,17,14,1.5712046327642875,0.13372218920687165,0.5273944707807707,0.29260194685052476,0.21378860199905864,0.06671606339714976,0.4538520427582829,False
24,72.0,17,14,1.570873194236125,0.13378270282987417,0.5273058801246143,0.292520772524412,0.21359838615578564,0.06678973998930142,0.4538520427582829,False
24,73.0,17,14,1.565112452654795,0.13510858157079192,0.525395999256701,0.290773412814168,0.21336453744012218,0.0669475439869624,0.4538520427582829,False
24,74.0,17,14,1.5559231449683253,0.1372487905865389,0.5223466697602043,0.28799407244989805,0.21304426725392855,0.06715417417644336,0.4538520427582829,False
24,75.0,17,14,1.5460310278082627,0.13957617871525632,0.5190759963101916,0.2850274839875922,0.2125547771450179,0.06732673137916777,0.4538520427582829,False
24,76.0,17,14,1.537690542603942,0.14155006844862683,0.5163382327338454,0.2825559142614208,0.21174520545524847,0.06736139997055778,0.4538520427582829,False
24,77.0,17,14,1.5319726458162668,0.14289914992405314,0.5144859975511122,0.28088984852835985,0.21038307452826974,0.06715051575044136,0.4538520427582829,False
24,78.0,17,14,1.5288608176962817,0.14362009544295587,0.5135026974270298,0.2800073851603037,0.20815641304737992,0.06657924169903552,0.4538520427582829,False
24,79.0,17,14,1.5278613219986468,0.143836591723618,0.5132085719480287,0.2797436930746918,0.20468697315111956,0.065514669399913,0.4538520427582829,False
25,0.0,17,14,0.27139963020689395,0.7880913400874945,0.09353982965037211,0.05723128124964106,1.708621084213554,1.376320526824628,0.862614834249427,False
25,1.0,17,14,0.2524765475000092,0.8024949641180007,0.08725537934586862,0.05628884073635464,1.3854203851992526,1.1437731614817968,0.871491057141044,False
25,2.0,17,14,0.2297868172151155,0.819880284598552,0.07969369173336761,0.05524288314963397,1.0938305237088106,0.9285570660892762,0.8846492473510388,False
25,3.0,17,14,0.20550734072211627,0.8386117711555059,0.071579301519255,0.05422706417820969,0.8464780390218671,0.7394182816784644,0.8969497093366544,False
25,4.0,17,14,0.18521644153070946,0.8543647600063035,0.06482182636447162,0.05346506431753033,0.6479507499026054,0.5803545172301483,0.9055727424672491,False
25,5.0,17,14,0.18068410569402021,0.8579264813145281,0.06352952536112239,0.05332801113712951,0.49706547616077734,0.4521284484166555,0.9074395521144222,False
25,6.0,17,14,0.2135606157415434,0.8324970749254246,0.07533721800982858,0.05468381257401071,0.38859857366100065,0.3530807106844536,0.8921508096160196,False
25,7.0,17,14,0.31852127564922894,0.7525463964097133,0.11237059812635102,0.06045493847708104,0.3150987436573121,0.279798725470299,0.8424775295213138,False
25,8.0,17,14,0.5328477439231417,0.598282249190812,0.186768928895517,0.07916477158836976,0.26862775009590334,0.22788711382973745,0.7456251112458542,False
25,9.0,17,14,0.8225601111597158,0.4176926055762874,0.2838760262472937,0.1184847409640975,0.24183203665057107,0.19270445619116858,0.6377875001719079,False
25,10.0,17,14,1.0217455585657966,0.3176873908838118,0.3470304546669023,0.15343558605605995,0.228168513889726,0.16987969154580368,0.5850822902465691,False
25,11.0,17,14,1.070717708461817,0.29741015429678647,0.3608560575664052,0.1620798423376798,0.22176223773730197,0.1556014346493832,0.5682134866018967,False
25,12.0,17,14,1.049082555811964,0.307771893427381,0.35259899036278186,0.1568745509363112,0.2174919630847365,0.1467781138947422,0.5762148376203566,False
25,13.0,17,14,1.004569604506306,0.32847909229435934,0.33728080887586087,0.1475535033323108,0.21146257263998103,0.14111229802329373,0.5899980845201608,False
25,14.0,17,14,0.945300074392735,0.3572073828946327,0.3172339629772334,0.13601655736611323,0.20153342655858467,0.1370563823983232,0.6023989722214724,False
25,15.0,17,14,0.8640593398429061,0.3991134889483182,0.2899443286573094,0.12151931017617731,0.18744461845916333,0.13363321351237495,0.6289968681361864,False
25,16.0,17,14,0.7479114967272762,0.46425904674290086,0.25105966947991787,0.10326115142565549,0.1703593416285838,0.13019042082476756,0.6637916583217647,False
25,17.0,17,14,0.582945295202935,0.5670621987970884,0.1958895821846257,0.08212827007373016,0.1520442189791495,0.12621205463594093,0.7271867252030817,False
25,18.0,17,14,0.3608356110149814,0.7221822468591956,0.12150852926910381,0.06223657679323857,0.13411080351722326,0.12127363301404413,0.8232975625809423,False
25,19.0,17,14,0.08827847369076819,0.9305112683605645,0.02982965077385313,0.050732580992103295,0.11762409739287005,0.1151245700897883,0.9555372437932448,False
25,20.0,17,14,-0.20690017790835522,0.8379511933888472,-0.07024077372508307,0.05407007480761276,0.10310004406640484,0.10779685392705483,0.896470816106939,False
25,21.0,17,14,-0.48217504487594093,0.6339428759353358,-0.164565404307654,0.07256857861303756,0.09070367512336866,0.0996318989635954,0.7667559622544019,False
25,22.0,17,14,-0.6964010642085834,0.49225816489567187,-0.23889199610393522,0.0981227573772201,0.08043915146579565,0.09118462363975588,0.6795346894204838,False
25,23.0,17,14,-0.8212118560056415,0.41855411437707113,-0.2828847923299475,0.11799558255953489,0.07223478812839852,0.08304876467821762,0.6384060254509291,False
25,24.0,17,14,-0.8439994290924857,0.40575705057692957,-0.2915628909709821,0.12234031406302685,0.0659437403089814,0.07569089989512769,0.6323602842492813,False
25,25.0,17,14,-0.7696057383191386,0.4478659697189509,-0.2662255565596904,0.11004824662842512,0.06132710734080021,0.0693626166566785,0.6527601178089972,False
25,26.0,17,14,-0.6208866092484598,0.5396078164921856,-0.2147856721410029,0.08874342144999578,0.058065661698058074,0.0641060429956007,0.7099375687920897,False
25,27.0,17,14,-0.43203805932821515,0.6689805610124814,-0.14933097559140443,0.06854481761583307,0.0558050347422652,0.05982004113175988,0.7893327610270541,False
25,28.0,17,14,-0.23570336542437625,0.8153687742448961,-0.08138118031295881,0.05546798393250879,0.05421305096102075,0.056338899442738066,0.8812907188921887,False
25,29.0,17,14,-0.05278089235289857,0.9582813725759946,-0.018209169292277033,0.05027290954555321,0.05302494878450492,0.0534899384679402,0.9729528843237333,False
25,30.0,17,14,0.10941508459321965,0.9136553938981593,0.037738660553983894,0.05117286389178764,0.052062936211553945,0.051121546700645726,0.9451607523084407,False
25,31.0,17,14,0.2528237768611722,0.8022508792148298,0.0872291028563925,0.056285039784032403,0.051229759875414546,0.04911068048994644,0.871491057141044,False
25,32.0,17,14,0.38291919446153533,0.7046564258370587,0.13220199276303116,0.06450311398450193,0.05048547870612316,0.04736246954418827,0.8127383267532432,False
25,33.0,17,14,0.504466852401678,0.6178400612651374,0.17429590725957492,0.07535190532303838,0.04982013845202227,0.045808783406902934,0.7583813708661209,False
25,34.0,17,14,0.6196311736364248,0.5404404801971863,0.2142160457134108,0.08853458152024797,0.04923261996508416,0.044405881669431914,0.7103545788188295,False
25,35.0,17,14,0.7282879823763599,0.472387036046763,0.25187482597868716,0.10361513852162918,0.048719833689707094,0.04312918529660614,0.668960568045992,False
25,36.0,17,14,0.8295702754171009,0.4136790421554707,0.2869503892613478,0.12001354667856672,0.048274362300057695,0.041965544907202675,0.6346394612054066,False
25,37.0,17,14,0.9231852836376646,0.36366195060035567,0.31934598282153787,0.13719661432847355,0.04788575807508479,0.040905997862822445,0.6069060367635075,False
25,38.0,17,14,1.0095654963548752,0.3211985535966463,0.34923353372024385,0.15478925070471505,0.04754172730538785,0.03994161058171778,0.5869051866070516,False
25,39.0,17,14,1.0891314845639928,0.28521555435033535,0.37679210080907183,0.1724822510055511,0.04722854625094147,0.039062336259972186,0.5599516126735209,False
25,40.0,17,14,1.1616804284004822,0.25498434877960585,0.4019945178397007,0.18988170349487513,0.04693235147291166,0.03825707676788388,0.5339098952427144,False
25,41.0,17,14,1.2266222391489277,0.22995858132757574,0.4246825534847713,0.2065213281845617,0.04664262682145878,0.03751383389925534,0.5192739239144261,False
25,42.0,17,14,1.2839408590771517,0.20942192174345217,0.44488291667335195,0.2220948215761685,0.0463568533627417,0.03682031129287896,0.49882950269885257,False
25,43.0,17,14,1.3350960719759537,0.19228901155111944,0.46310213933166505,0.2367354697137577,0.04608317404417628,0.03616541534301513,0.47977060307804054,False
25,44.0,17,14,1.3830354109652194,0.17723542284105775,0.48032796026458596,0.25107919381029226,0.04583795377157015,0.03554097220431668,0.4686376134474036,False
25,45.0,17,14,1.431022745698564,0.16311711426199327,0.4976392599548361,0.26596660918977516,0.045637470363494026,0.03494253341364684,0.4645785671066477,False
25,46.0,17,14,1.480683073921185,0.14947507857086373,0.5155534966522131,0.2818494515959603,0.04548647821647539,0.03436925693561297,0.45713252184293274,False
25,47.0,17,14,1.5301569917464877,0.13682375237700137,0.5334078203624987,0.29813699376164443,0.04536931664627627,0.03382414572297686,0.4538520427582829,False
25,48.0,17,14,1.5734776632021348,0.12648770388448938,0.5491467120166807,0.312851909278912,0.04524962506116512,0.033315407568010026,0.45178019694722216,False
25,49.0,17,14,1.6020596412515156,0.12004948359796003,0.5598161380213691,0.3230067372695218,0.04508125790758712,0.03285730888927799,0.447563788741945,False
25,50.0,17,14,1.6082186004941716,0.11874881729493504,0.5627446318712352,0.32581830053692457,0.04482673113740839,0.03246720769379168,0.447563788741945,False
25,51.0,17,14,1.5891585309740952,0.12307856909400833,0.55690178847704,0.3202190273484056,0.044474257557318736,0.032157327823584526,0.44927341787840686,False
25,52.0,17,14,1.549096656185896,0.13251400069569913,0.5436567746319426,0.30768248109224433,0.04404404853528062,0.03192485928582235,0.4538520427582829,False
25,53.0,17,14,1.4981633910986156,0.14530950265229747,0.5264506301752232,0.2917376763192485,0.043579868695879424,0.03174769692237837,0.4538520427582829,False
25,54.0,17,14,1.448534669103169,0.15868803590512565,0.5094936210643954,0.27642393073597193,0.043129779725145444,0.031591073036429926,0.4614997159102095,False
25,55.0,17,14,1.40947511726706,0.1698740187717811,0.49604539421608956,0.2645766407421673,0.04272581382403747,0.03142298888047319,0.4660109598483706,False
25,56.0,17,14,1.3835239392746037,0.17763547012121547,0.48706901653747847,0.25682114485395374,0.04237252908418092,0.031229450301285117,0.46888496040550004,False
25,57.0,17,14,1.3659187997263296,0.1830630171913343,0.48100702514128757,0.25165437752026465,0.0420490964063797,0.031019859510706887,0.473031905004128,False
25,58.0,17,14,1.3478921284222036,0.1887749112909404,0.4748956042856544,0.2465042095609015,0.0417222872018489,0.030819167143492643,0.47702265640621644,False
25,59.0,17,14,1.3219587515500026,0.19724861557376158,0.46616150464583944,0.23924788459893623,0.04136289452924163,0.030651912852641187,0.48477243922289465,False
25,60.0,17,14,1.2856684323109537,0.20959113652174205,0.45391025991142986,0.22927972178280223,0.04095791492270538,0.030528206989476638,0.49882950269885257,False
25,61.0,17,14,1.2416917347028018,0.22531016747579513,0.43898862066748495,0.2174780446779422,0.04051424571619695,0.03043996270254128,0.5159305970368049,False
25,62.0,17,14,1.1952349035507372,0.2428374043575894,0.4231354244307392,0.20535774550968502,0.04005413352662059,0.030368580325179445,0.5253560929892347,False
25,63.0,17,14,1.1510972670243107,0.26037905419328095,0.40798695504394883,0.19418767914353133,0.039605998853651535,0.030297647951834327,0.5399887704700311,False
25,64.0,17,14,1.1119490560101255,0.2766713272681447,0.39448111807240127,0.18457399243687514,0.0391954949546354,0.030221506014045545,0.5544319407341594,False
25,65.0,17,14,1.0783760538849965,0.2912014960681239,0.3828584727697196,0.1765647749634966,0.038840425727300655,0.030144681509210656,0.5628510840361756,False
25,66.0,17,14,1.0501954754189802,0.30380594578478604,0.37309448559518626,0.17002693262584542,0.03854995393087556,0.03007454530417295,0.573261687291397,False
25,67.0,17,14,1.0276712005387596,0.31415555093635494,0.3652997883616874,0.16493344343906563,0.03832526336230888,0.030013758200717312,0.582969063593236,False
25,68.0,17,14,1.0115428426573407,0.3217182606277542,0.35972637305225336,0.1613602232549714,0.038158280181643744,0.029957254132231707,0.5872727394291493,False
25,69.0,17,14,1.0021321935277934,0.3261869526809218,0.35647060823135657,0.159299495187751,0.03802843236320319,0.029893786142999458,0.5886080349129416,False
25,70.0,17,14,0.9986429477877813,0.32784741044432697,0.35524594301379714,0.15852943229474895,0.037902038767448396,0.02980952701377149,0.5899146549944334,False
25,71.0,17,14,0.9993068555128809,0.3275150653910961,0.35544001620306426,0.15865127897078465,0.03773954579839924,0.02969214898355505,0.5897377383248033,False
25,72.0,17,14,1.0020613126597524,0.3261799162149045,0.3563458704766446,0.1592209335266615,0.037510034971302834,0.029535126021222748,0.5886080349129416,False
25,73.0,17,14,1.005050620641398,0.3247355784067536,0.3573296555450691,0.15984131921857392,0.03720448709678329,0.029341086932031586,0.588094615583916,False
25,74.0,17,14,1.0066188814291934,0.32397234206774184,0.35782742631072306,0.16015590249376394,0.03683720762872772,0.029121293410635882,0.588094615583916,False
25,75.0,17,14,1.0050745268231887,0.32469579468994314,0.3572668361477242,0.15980165098660623,0.036432154726905294,0.028889005354919586,0.588094615583916,False
25,76.0,17,14,0.9987831127210302,0.3277008324925649,0.3550987152453658,0.15843704360341151,0.03600208820312356,0.028648241106084455,0.5898614984866167,False
25,77.0,17,14,0.9868325291399592,0.3334775372912602,0.3510201659990849,0.15589366064115429,0.03553352915645533,0.028383194190353737,0.5927251186946515,False
25,78.0,17,14,0.9698619367481723,0.3418108212690577,0.34525447052163855,0.15235092143105008,0.0349850986114856,0.0280539953467055,0.5962745803869961,False
25,79.0,17,14,0.9502970569391086,0.3516031952959995,0.33863225465407404,0.14835826859168805,0.03429651197789422,0.027601273688658553,0.599029733873634,False
26,0.0,17,14,-0.086414540773723,0.931845519214573,-0.030733484812112875,0.05077766893753624,0.5398241557509573,0.5636079667129127,0.9563228297376193,False
26,1.0,17,14,-0.031828896047366495,0.9748740771805076,-0.011335463130447997,0.05010574818961691,0.4567943082723542,0.4635812043928719,0.9846423545069655,False
26,2.0,17,14,0.05039711495970329,0.9602364573397213,0.017974567462240344,0.050265921538814394,0.3803482886634291,0.37239275126039717,0.9743490527465664,False
26,3.0,17,14,0.17653894572211112,0.8614314718659619,0.06304527135904149,0.053277370661038444,0.31381327086730665,0.2940894093128411,0.9100009679741036,False
26,4.0,17,14,0.37324461959016497,0.712448115130949,0.13336101738452244,0.0647605883106396,0.2587278136535434,0.23041082542379704,0.8179103081614808,False
26,5.0,17,14,0.6778402893436349,0.5045908113455531,0.24181815624622435,0.09933360099096511,0.21533123898270687,0.18135886447606847,0.6883459057820956,False
26,6.0,17,14,1.1150914819552158,0.27529120925263967,0.3954366038298279,0.18524332570804153,0.1828764573716202,0.1455819785828716,0.5537621512229568,False
26,7.0,17,14,1.6086912725808629,0.11870717707349077,0.5635590232437545,0.32660199433998627,0.15996228335694754,0.12085883583140318,0.447563788741945,False
26,8.0,17,14,1.9263603837998033,0.06419178583648787,0.6652644134529827,0.4295604904752239,0.14490210015953658,0.10470661128415541,0.37272649840541344,False
26,9.0,17,14,1.9460826926890789,0.06278918491109026,0.6655955681331449,0.4299083398942197,0.13599474039939102,0.09489689817694079,0.37167427069695336,False
26,10.0,17,14,1.7916532442790132,0.08608301851493848,0.6097614096902787,0.37225220332606335,0.13161483064310975,0.089691543701546,0.40509091087344107,False
26,11.0,17,14,1.5942749510829524,0.1248477229093908,0.5412351379225211,0.3054145768918286,0.13019401513149026,0.08780907628187558,0.44927341787840686,False
26,12.0,17,14,1.405587233377817,0.1738557173066036,0.47656506752453476,0.2479051840951923,0.13022915479157848,0.08826169198713558,0.46832325773665534,False
26,13.0,17,14,1.2344007385144107,0.2302558897600936,0.4182902096046781,0.20174088988508784,0.13038258577645645,0.09019349135969926,0.519436777798477,False
26,14.0,17,14,1.0769521843008223,0.2933423811154367,0.36491730013252127,0.16468638813292721,0.12962864769173235,0.09278416863162472,0.5647233005430866,False
26,15.0,17,14,0.9290121454049926,0.3630519025949994,0.31488969636999153,0.13471650795045723,0.1273518644815576,0.09523148153203369,0.606818662049417,False
26,16.0,17,14,0.7891394814938197,0.4384289158195147,0.2676429913930689,0.11070435600048827,0.1233402321935843,0.09680100460670153,0.6478676722689346,False
26,17.0,17,14,0.6584681497331666,0.516942783282215,0.2235168114089982,0.09201818346823296,0.11769361024449353,0.09691753359603937,0.6966287774712202,False
26,18.0,17,14,0.5395484656270265,0.5947206951904289,0.18335406362015336,0.07809340550143892,0.11071435185917165,0.09526181352558068,0.743221048854636,False
26,19.0,17,14,0.4355429087975829,0.6671484380150419,0.1482222992861671,0.06826781232804305,0.1028335970959066,0.09183268236568524,0.7883770521912804,False
26,20.0,17,14,0.35034254903469636,0.729110193821066,0.11945255342318085,0.06182328061700741,0.09457478267816,0.08694314543691588,0.8278250454737943,False
26,21.0,17,14,0.28952196126857255,0.7745496753725367,0.09897141735642542,0.05809948668656605,0.08651577494109913,0.08114018101736077,0.8547835708587431,False
26,22.0,17,14,0.26097982793408125,0.7961282829858738,0.08953648132009577,0.05662323449457704,0.0792158241373893,0.07506738650092057,0.8683156343321368,False
26,23.0,17,14,0.2726478893200325,0.7871403080776334,0.09397581571863645,0.057299132219886875,0.07311441590640495,0.06931472406355477,0.862614834249427,False
26,24.0,17,14,0.32621997318178014,0.7466244912593838,0.11301259730293202,0.06057545609142252,0.06844639390796345,0.06430533460159789,0.8388291208085811,False
26,25.0,17,14,0.4128481157782734,0.6827546530374926,0.14365830520671927,0.06714999670316946,0.06521802372402975,0.06024994458229006,0.7996940393467262,False
26,26.0,17,14,0.5173217359140869,0.6088679671248955,0.18057206050334237,0.07723592607834931,0.06325363935137496,0.057166848887922006,0.7528691251985951,False
26,27.0,17,14,0.6261708992691956,0.5361439120836595,0.21895568777114477,0.09029018017754856,0.062283076637804635,0.054940814467190284,0.7081146008652107,False
26,28.0,17,14,0.7320228097077733,0.47010170638800564,0.256179340939828,0.10550474985402304,0.062025321939180526,0.05338958135661654,0.6683533427914099,False
26,29.0,17,14,0.8330153869281034,0.41173568618391765,0.2915941856934342,0.12235623629025573,0.0622380576059669,0.05231747858562606,0.6345716060615669,False
26,30.0,17,14,0.9297096547716542,0.3602965545613942,0.32541831248145225,0.14063590783972194,0.0627294240436872,0.051549503461571625,0.6047184268139472,False
26,31.0,17,14,1.0221060374260027,0.31528183014578737,0.35766293478484906,0.16005189563965674,0.06334813027983172,0.05094777989369648,0.5839839852755488,False
26,32.0,17,14,1.1084036041474636,0.2768859513547379,0.3876887100954073,0.1798634829397799,0.063972244817982,0.0504153612002735,0.5544319407341594,False
26,33.0,17,14,1.1856932730246428,0.24543962202387692,0.4144556747274161,0.19890783016213975,0.06450820825115366,0.04989294395322017,0.5271002533364808,False
26,34.0,17,14,1.2515001035624416,0.22080024823529407,0.437081801718501,0.21599722623296003,0.06489850337625823,0.04935361707565642,0.5118828201958979,False
26,35.0,17,14,1.3047300180487809,0.2022664925658494,0.45519695711522,0.23031494887106935,0.06512794628515645,0.04879875048741992,0.48822946481411916,False
26,36.0,17,14,1.345337730458118,0.18894804565744722,0.4688417072079694,0.24146147619058386,0.06521949241623397,0.04825454150374806,0.47702265640621644,False
26,37.0,17,14,1.3732875178245152,0.18018829694221636,0.47809922397560983,0.24919653285439441,0.06521890070932161,0.047765329808313016,0.47007787808765583,False
26,38.0,17,14,1.3881410083019305,0.17566848913268573,0.4829201355951691,0.25327873742649876,0.06517623330380734,0.04737916105372828,0.4686051916826489,False
26,39.0,17,14,1.390213869212017,0.1750471168685502,0.4834757521559353,0.2537515724252398,0.06513368200280857,0.047125180541384544,0.46844098557962865,False
26,40.0,17,14,1.3827761713514302,0.17729377638043353,0.48088240294122725,0.2515487650448638,0.06512263524547679,0.04699057453690241,0.4686376134474036,False
26,41.0,17,14,1.3732717705015687,0.18019651993360142,0.477625065043037,0.248797017960184,0.065164795254424,0.04691157275978166,0.47007787808765583,False
26,42.0,17,14,1.371621492717209,0.18070508206836255,0.4770146834085967,0.24828325187795888,0.06527047579651284,0.046790403161533024,0.47067370213154897,False
26,43.0,17,14,1.3859035079670674,0.17635148884021673,0.48174968426766085,0.2522842604992688,0.0654332141485883,0.04653537222518896,0.4686051916826489,False
26,44.0,17,14,1.4181269250231305,0.16683670596853994,0.49249120405288266,0.2614910516475925,0.06562666349646427,0.04610380133536981,0.46517824412467296,False
26,45.0,17,14,1.462927134133767,0.15430260557998515,0.5074275190876563,0.2745863317631558,0.06580979885854074,0.04552302482498063,0.4601687172326185,False
26,46.0,17,14,1.5098587774489005,0.14200993837927448,0.5230613040032828,0.2886442677097074,0.0659396147897998,0.04487915477197827,0.4538520427582829,False
26,47.0,17,14,1.5475317587107034,0.13273896946204275,0.5356063784516832,0.3001729049850464,0.0659836987904418,0.04428498896962834,0.4538520427582829,False
26,48.0,17,14,1.566930543146437,0.1281630412265488,0.5420883313119725,0.306212735846942,0.06592464894260312,0.0438481042542004,0.4532502276551417,False
26,49.0,17,14,1.562508793385209,0.12918599218694612,0.5406882700355715,0.30490348467717593,0.06575427016561022,0.04365076910419035,0.45351203883140845,False
26,50.0,17,14,1.5318255649721888,0.1365202880672906,0.5305968988461743,0.29554351953927027,0.06546309195372296,0.04373706322679797,0.4538520427582829,False
26,51.0,17,14,1.4754710004453717,0.15091038180702085,0.5119710265756594,0.2786355684308805,0.06503481967705123,0.04409808862314963,0.45751735055731396,False
26,52.0,17,14,1.3980261427837328,0.1727104427949158,0.48625999861523883,0.25612827690827505,0.06445270110877754,0.04465838667888822,0.4674181111186848,False
26,53.0,17,14,1.308930084374916,0.20085329617268047,0.4565419929398577,0.23140006336205443,0.0637161424640395,0.045280714819728105,0.48822946481411916,False
26,54.0,17,14,1.2213500073263113,0.231889055499118,0.42721145172599323,0.20843230488079542,0.06285696452059697,0.04580259105421198,0.5207682266882901,False
26,55.0,17,14,1.1485091975815436,0.2603658653341673,0.4027743904086586,0.1904384525076023,0.0619428098423474,0.04609472904312802,0.5399887704700311,False
26,56.0,17,14,1.0991701532003957,0.2810866411821123,0.38628522248955427,0.1789006185191108,0.061062498951354904,0.04610958991065937,0.5564323140447156,False
26,57.0,17,14,1.0748018171633538,0.29179018267855705,0.37831369380556634,0.17349991647429208,0.06029924136513456,0.04589049859848658,0.5628510840361756,False
26,58.0,17,14,1.0698967298569837,0.2940496697898185,0.37700569736976386,0.17262485166858632,0.05970515950464044,0.04553799572239533,0.5651904306934609,False
26,59.0,17,14,1.075256672739483,0.29176352910779235,0.37920472981085257,0.17409782502768,0.0592907101921534,0.04515732092762934,0.5628510840361756,False
26,60.0,17,14,1.0827211681160955,0.2885621318638185,0.3820914475414195,0.1760448675926501,0.05903511315814312,0.04481751747854671,0.5616754829765847,False
26,61.0,17,14,1.0890044684545652,0.2858876421991221,0.38451320158593427,0.17769004663173968,0.05891132983803488,0.04453836253344493,0.5599516126735209,False
26,62.0,17,14,1.0965483541875198,0.28266348344681846,0.3872803112843548,0.17958293054221283,0.05890807501331901,0.044302493415801295,0.5582382274968516,False
26,63.0,17,14,1.110787306514915,0.2765733102208919,0.39222718062200795,0.18300161834045175,0.0590311399169371,0.044080284065439526,0.5544319407341594,False
26,64.0,17,14,1.13526455837398,0.26627314866075724,0.4005341185860646,0.18884206734539738,0.05928083419887689,0.04385479058250881,0.5465225551621682,False
26,65.0,17,14,1.167513091396251,0.2530970541642364,0.41132332897420404,0.19661289870984056,0.059622514197682774,0.04363718414334773,0.5331423370492395,False
26,66.0,17,14,1.1984774201519608,0.2408705742030462,0.42149630059255894,0.20412955281717649,0.05997568192543179,0.043466502092726254,0.5243500915990251,False
26,67.0,17,14,1.2161776834479825,0.23403710238765796,0.42702228953198773,0.20828897701672774,0.06023445562754968,0.043392932368433404,0.5219232613406223,False
26,68.0,17,14,1.2113695508833926,0.23576883896858264,0.42485226028647977,0.20664921828121885,0.060307663733041805,0.043451869334113484,0.5219645178872445,False
26,69.0,17,14,1.1816085002089647,0.2471669368614876,0.4142398203113964,0.1987491245985686,0.060151669397518086,0.04364253532032486,0.5271778932636045,False
26,70.0,17,14,1.1316176775152103,0.26728174327108967,0.3968250661964819,0.18621890695310803,0.05977647643650135,0.04392394742264295,0.5472121776052443,False
26,71.0,17,14,1.0703820748017607,0.293528798740014,0.3756604640239736,0.17172814746547846,0.05922780064581441,0.04423082818894082,0.5648664168192709,False
26,72.0,17,14,1.0071245442199874,0.32251699301751047,0.3538767351105844,0.15767177634512286,0.05856374643558773,0.04449917861169313,0.5874979837779075,False
26,73.0,17,14,0.9486025166399266,0.35104772491619374,0.333775995579436,0.14548232206698064,0.057841575236234836,0.044685726265685934,0.599029733873634,False
26,74.0,17,14,0.8987145830093034,0.37667704139836167,0.3166890826250641,0.13571346838821408,0.05711425849208467,0.044771463706902395,0.6135915606489148,False
26,75.0,17,14,0.8594506461985928,0.39769986680171987,0.3032908783289295,0.12843548345967595,0.056425095049013316,0.04475091588973972,0.6287778320023588,False
26,76.0,17,14,0.8316185432174203,0.41306343986547267,0.2938477392377062,0.12350761499480827,0.0557916990923601,0.04461590514318696,0.6345716060615669,False
26,77.0,17,14,0.8147357280860721,0.42258179381086924,0.2881803453637255,0.12063011257131485,0.05518346522538876,0.04434185207331363,0.6395965811743666,False
26,78.0,17,14,0.8066827840391712,0.4271909872236709,0.2855418929490523,0.11931094736668336,0.05450670012589762,0.043880393225108685,0.6427654938431963,False
26,79.0,17,14,0.8039579949533783,0.42877625125233954,0.28470546168307154,0.11889546235817666,0.053610576784626274,0.043159757019583,0.6435010309480883,False
27,0.0,17,14,-0.7715491228367011,0.45375725778067544,-0.28353299074016974,0.11831525101680881,0.31997045256942097,0.5465105471583909,0.658679890326787,False
27,1.0,17,14,-0.7205301179723156,0.4835291170027748,-0.26474301302723396,0.10936598837311202,0.28733742681883795,0.4522650395982839,0.6757602696858039,False
27,2.0,17,14,-0.647969416516068,0.5278423273056191,-0.23800537630677593,0.09775897737133078,0.25638244489947404,0.36677561542576614,0.7037741401329695,False
27,3.0,17,14,-0.5420811134175798,0.5964605630129192,-0.19897368900207732,0.08316405814721171,0.22840538624749313,0.2939220827863361,0.744467864681801,False
27,4.0,17,14,-0.3812279917833756,0.7087034385096189,-0.13970907013448858,0.06621191988459552,0.20415932458098343,0.23531401638108473,0.8154943676001094,False
27,5.0,17,14,-0.12801370353473876,0.899813167896576,-0.0467292821093534,0.051798938036645564,0.1839856892431956,0.19079084562420906,0.9358327197992207,False
27,6.0,17,14,0.26259637326722524,0.7957964805153432,0.09493706696557812,0.057449861442032,0.1678549575233661,0.15878924911836595,0.8683156343321368,False
27,7.0,17,14,0.7568041588130975,0.45625175745519697,0.26864447307745387,0.11117017546018447,0.15543991614050956,0.13687614713135024,0.6600830819567866,False
27,8.0,17,14,1.1314621797732718,0.26713193862410645,0.3940866188443964,0.18429812096670337,0.14628176085833086,0.12244934415855235,0.5472121776052443,False
27,9.0,17,14,1.2466249825352287,0.22292049756274485,0.4298011791498546,0.21040080425175425,0.13998465256683817,0.11332891270620107,0.5132194590651368,False
27,10.0,17,14,1.2013870409829963,0.24018371331006766,0.4123627812648665,0.19737252792533394,0.13631429753715077,0.10799324739976822,0.5243500915990251,False
27,11.0,17,14,1.1037924543952333,0.2799166637658986,0.3778205376055449,0.1731696209855066,0.13512564412920758,0.10545701326124772,0.555627624506437,False
27,12.0,17,14,1.0070059505505895,0.32366527491615704,0.3438427059952377,0.15149288982506467,0.1361477096535283,0.10497486485116657,0.588094615583916,False
27,13.0,17,14,0.9316945329949072,0.3608420918512284,0.3173497183775819,0.1360810176861026,0.1387399970112202,0.10577750646755843,0.6050047049002631,False
27,14.0,17,14,0.8813160610221114,0.3873155216985461,0.29948826595328126,0.12643105525340936,0.14176907894337715,0.10696505039647199,0.6215041516918357,False
27,15.0,17,14,0.8507839582756185,0.4040432221932979,0.28852549140667344,0.12080363847078611,0.1437178503742201,0.10757613793736899,0.6323602842492813,False
27,16.0,17,14,0.8317505936463268,0.4147391355587796,0.28163982429699047,0.11738380547910102,0.14303338090799614,0.10676609301391285,0.6355382314430675,False
27,17.0,17,14,0.8150599516823115,0.424172858630089,0.2757502245969418,0.11452880085831094,0.1385862571296202,0.10399058036292326,0.6405457248078201,False
27,18.0,17,14,0.7912148157381066,0.43766535768903503,0.2676620075081614,0.11071318362744677,0.1300376557148717,0.09911049319015211,0.6473143184393467,False
27,19.0,17,14,0.7499490736261053,0.4614817848819396,0.25389821526440354,0.10449910997914676,0.11794904402000533,0.09238724768061636,0.6620746358681969,False
27,20.0,17,14,0.6798764237502862,0.5036759772786684,0.23054812729005406,0.09475627794680322,0.10359905495122751,0.08438735323453353,0.6877702311949222,False
27,21.0,17,14,0.5690576972482949,0.5748371777582575,0.1934290321567754,0.08131413079218817,0.08860381608828019,0.07583757956661356,0.7319806407027837,False
27,22.0,17,14,0.40741065692514566,0.6872915566189568,0.13889453897035867,0.06602180152932619,0.07449712218091557,0.06747128271772912,0.8020313209517449,False
27,23.0,17,14,0.19231785068994772,0.8490215377118991,0.06577976917579434,0.05356845324991495,0.062407663884523616,0.05989798153997467,0.902186074228963,False
27,24.0,17,14,-0.06131479528589007,0.9515686029970989,-0.02103814707916599,0.05036431537386013,0.052908680404280324,0.0535192818300792,0.9682830121351461,False
27,25.0,17,14,-0.31093088945799213,0.7582177735877041,-0.10695827978726724,0.05946680998183869,0.0460459033836978,0.04850267356377823,0.8471331365289356,False
27,26.0,17,14,-0.4960808241887707,0.623747783223427,-0.17094682855448662,0.0743750809571068,0.041492174306525687,0.04480956834075173,0.7621063824111691,False
27,27.0,17,14,-0.5797458738403359,0.5667230847811655,-0.20001198495179684,0.08351660851876432,0.03874639152755251,0.042259398622444946,0.7271599662161594,False
27,28.0,17,14,-0.5723211332824603,0.5716424932701571,-0.1976265194845841,0.08270951605476068,0.037300045055627284,0.04060354212567701,0.7296144970793067,False
27,29.0,17,14,-0.5052117772579557,0.6173199735593348,-0.17457713539010145,0.07543483333896092,0.03672976699926805,0.03958504781497093,0.7583813708661209,False
27,30.0,17,14,-0.4022181667382285,0.6905337831740175,-0.1390608146482078,0.06606051839790494,0.036717041878930476,0.038972107062403415,0.8033911050778042,False
27,31.0,17,14,-0.2757414088623869,0.7847391638081321,-0.09536088843624664,0.05751681424953446,0.0370250072094558,0.03856876015158147,0.8609241152792743,False
27,32.0,17,14,-0.13323697061280054,0.8949439954615824,-0.046075368976396046,0.051748890435497505,0.03746836602894116,0.038216062146218255,0.9323104045321156,False
27,33.0,17,14,0.018503991608096865,0.9853663591574291,0.006395701732491589,0.050033662920522845,0.03789949303460502,0.03779521419053821,0.9920588194473516,False
27,34.0,17,14,0.17283109001408392,0.8640202016518679,0.059675444406918195,0.05293578236264241,0.0382126434871062,0.037234322343216116,0.911780112295941,False
27,35.0,17,14,0.32388595772139983,0.7484462855182221,0.11165787390777822,0.060321966552975156,0.03835208134942027,0.03651196805650988,0.8393790117961369,False
27,36.0,17,14,0.46682008503418904,0.6443292798551645,0.16061769244839388,0.07148689030654093,0.03830844363441546,0.03565068406203784,0.7728271229105257,False
27,37.0,17,14,0.5976798851894506,0.5550879509979373,0.20520848657728458,0.0853101993004591,0.03809953551748442,0.03470036297542459,0.7178966571797804,False
27,38.0,17,14,0.7130365865905879,0.48215395176724984,0.24434709185109282,0.10039274817894459,0.03774551066189279,0.03371830676807833,0.6752030888877297,False
27,39.0,17,14,0.8092191416740956,0.4258487162041159,0.2769172930245302,0.11508940976548107,0.037252499575318225,0.03275355130458212,0.6417127035985907,False
27,40.0,17,14,0.881664328167076,0.3862468939567233,0.30149324452653703,0.12748454717408317,0.03661168150502114,0.03183907349969227,0.6207539367161624,False
27,41.0,17,14,0.9250971058260045,0.3636375992656322,0.31636146768029094,0.13553150038349393,0.0358103969132935,0.030990964188739832,0.6069060367635075,False
27,42.0,17,14,0.9345918675663855,0.3587146455470337,0.3198707075066824,0.1374910898338892,0.034846333527237226,0.030211473538098704,0.6030426329409773,False
27,43.0,17,14,0.9071295622184741,0.3726058366384115,0.3109682744090748,0.13256480687570046,0.033736939067491936,0.029492819147309012,0.6126473412227538,False
27,44.0,17,14,0.8434459929777376,0.4063992507139119,0.28983562325350115,0.12146434545151569,0.03252071176790353,0.02881989308998915,0.6327625034285189,False
27,45.0,17,14,0.7499689486242965,0.45956733786841286,0.2585503018142971,0.10656019049332316,0.03125120539960693,0.028172139528139715,0.6609632525068524,False
27,46.0,17,14,0.6397228121767276,0.5274475544714305,0.22141756144441577,0.09121817269313433,0.029986927366707865,0.02752679691764386,0.7037472617707403,False
27,47.0,17,14,0.530201305749131,0.6000122121477783,0.18431416029020742,0.07839252431342619,0.02878088282679539,0.026865356604078683,0.7463336464781597,False
27,48.0,17,14,0.437735008367918,0.6648341650818792,0.15283497202040283,0.06943437766489083,0.027672825618071068,0.026181940825831775,0.7865643643222233,False
27,49.0,17,14,0.3713019943119318,0.7131684765882447,0.1301570746680879,0.06405448428863128,0.026685864983161157,0.02548898084166732,0.8179394922163938,False
27,50.0,17,14,0.32968927206298027,0.7441137272242451,0.11596171936598049,0.06113809965556897,0.025827518399364067,0.02481562070304317,0.837314843762044,False
27,51.0,17,14,0.3034487532648942,0.7638713843445134,0.1070168967140155,0.0594772449291971,0.02509400152752955,0.02419827663451332,0.8500538308329945,False
27,52.0,17,14,0.2805310596704469,0.7812488977817658,0.09911598369977258,0.05812327583118258,0.02447564057279223,0.023667645364063964,0.8583110802400241,False
27,53.0,17,14,0.2527011332790901,0.8024699554764217,0.08936382228537741,0.056597617557144486,0.023960913319676293,0.023238454679752142,0.871491057141044,False
27,54.0,17,14,0.21875550574799987,0.8285341695875039,0.07735823804522322,0.05493922043919945,0.02353717980452971,0.022906247933744486,0.8903650777656759,False
27,55.0,17,14,0.18237587153031423,0.8566780097741631,0.06444452500510957,0.05342476261359569,0.023187998073456662,0.022651316781203717,0.9064191138828459,False
27,56.0,17,14,0.1469704666170121,0.8842549530453867,0.051871907289178294,0.05221723181526054,0.02288947922862918,0.02244648103171101,0.9255999992633742,False
27,57.0,17,14,0.11211120360651017,0.9115597407797896,0.03951942670905439,0.05128625052362436,0.02260967484325641,0.022264735407726884,0.9435738536722407,False
27,58.0,17,14,0.07360184769919521,0.9418618430434782,0.025920874338117572,0.05055310994821066,0.02231374669568061,0.022084638630858206,0.9619027405007397,False
27,59.0,17,14,0.025778835273130345,0.979620052751996,0.009076025828767311,0.05006779159287389,0.021973790661210264,0.021893552651922308,0.9878521540356262,False
27,60.0,17,14,-0.0360754647667263,0.9714842095061376,-0.012707556904594079,0.050132900216935936,0.021578320827748732,0.021689271360893016,0.982005699139778,False
27,61.0,17,14,-0.1141197793983732,0.9099873926402448,-0.04025146430528178,0.05133438218551973,0.021135774154874727,0.021479299928578135,0.942527015804939,False
27,62.0,17,14,-0.20692085573721924,0.8376590190972057,-0.07312998130461323,0.054412677777098614,0.02066979672486294,0.02127644681339374,0.896470816106939,False
27,63.0,17,14,-0.3088651946840908,0.759922101333545,-0.10942815951288871,0.05991155619715113,0.020209000767146806,0.0210913489290043,0.847942658591903,False
27,64.0,17,14,-0.4108916446814795,0.6846922285283734,-0.1459555272499057,0.06770810941392336,0.019776640900259684,0.020925788124872342,0.8011750218950885,False
27,65.0,17,14,-0.5034420566393487,0.6192737194594615,-0.17926822703404108,0.07683878496915977,0.019384602878795894,0.02077160782326191,0.7592166251704418,False
27,66.0,17,14,-0.5805385580363115,0.5671767890423243,-0.20714639852836664,0.08599152879674048,0.01903278657643285,0.020616736288377457,0.7271867252030817,False
27,67.0,17,14,-0.6424378030974058,0.5270871892526418,-0.22960327176277467,0.09438308961462359,0.018712293513068926,0.020454564690230628,0.7037472617707403,False
27,68.0,17,14,-0.6954475024732383,0.4940555644382466,-0.24886703633796237,0.10231506900354989,0.01841025247400725,0.0202903437307092,0.6808969222774851,False
27,69.0,17,14,-0.7491958065011635,0.4618319448325866,-0.268410544195036,0.11106120135179247,0.018114787251266407,0.020140529764017694,0.6623884467718374,False
27,70.0,17,14,-0.8123907880030979,0.42563471545459997,-0.29141166514121436,0.12226339868394547,0.017819020566014542,0.020025671293141197,0.6416987633536296,False
27,71.0,17,14,-0.8887541910106149,0.38440764225958357,-0.31926385316588385,0.13715056977880472,0.01752284676056573,0.01996046208240862,0.6193780425154416,False
27,72.0,17,14,-0.975324544766342,0.34105652772723516,-0.35092625202053895,0.15583545980483077,0.017231491150213402,0.01994482743087933,0.5961636508881453,False
27,73.0,17,14,-1.0643984340737827,0.30020641624854266,-0.3835819245132123,0.17705613183176758,0.016951245632190862,0.019959170544431453,0.5696688019174153,False
27,74.0,17,14,-1.1477773454158942,0.26533814883791734,-0.4141637998248103,0.19869325069266014,0.016684432017857756,0.019966301642238365,0.5458233192423795,False
27,75.0,17,14,-1.2200792461123082,0.2376109823574634,-0.44059743131689644,0.2187322800111524,0.01642611617208202,0.019920772600749554,0.5219645178872445,False
27,76.0,17,14,-1.2792078445541606,0.21653478175087704,-0.46203380862489846,0.23586174933921641,0.016163808585860157,0.019782365750010553,0.5068905248603903,False
27,77.0,17,14,-1.3249649772853787,0.20110509360356063,-0.47838619592737325,0.24943850213698487,0.01587933375197535,0.019526717580100522,0.48822946481411916,False
27,78.0,17,14,-1.3578221608724628,0.1904241774649199,-0.4898921307611099,0.25924690934429623,0.015550911503854736,0.019146569283014152,0.4776423579080321,False
27,79.0,17,14,-1.3787828561814421,0.18373199436670987,-0.4970379200121893,0.26544174399836223,0.015154156852007017,0.0186429280538789,0.47350992682738047,False
28,0.0,17,14,-0.550758218153024,0.5900952121345584,-0.20144952206183672,0.08400791808567501,0.4426665396391046,0.5903707041424624,0.7413182072620647,False
28,1.0,17,14,-0.5088580902775156,0.6184806870489534,-0.18619699556982847,0.07898388751909662,0.3857466962113444,0.4956113808651868,0.7586134491912205,False
28,2.0,17,14,-0.4480352259097228,0.6607674350405507,-0.1639945650764714,0.07241047369366115,0.3326337115458343,0.4075834250626859,0.7831758922448031,False
28,3.0,17,14,-0.3569832760083721,0.726273061419942,-0.13068394334064054,0.06416938417463747,0.28587149549848556,0.33036166214126944,0.8259061889793564,False
28,4.0,17,14,-0.21565616604575377,0.8322573423965455,-0.07892166246496832,0.05514149054884815,0.2468928738467222,0.2661420334279772,0.8921508096160196,False
28,5.0,17,14,0.009385364283371694,0.9926361534554495,0.0034298748008363142,0.05000968111979315,0.2161775211664146,0.2155982449095705,0.9950052134875628,False
28,6.0,17,14,0.365058110142038,0.7198243787002336,0.13287855260464673,0.06465312868520866,0.1933082455721361,0.17802810888429038,0.8220971830159024,False
28,7.0,17,14,0.881287811933947,0.38903638371490723,0.3177470215803425,0.13630245324925153,0.17716785579045013,0.15164822911392947,0.6222606708737329,False
28,8.0,17,14,1.4651600140833412,0.15519299542129478,0.5195741592992753,0.28547835606962657,0.16634308250290078,0.13414614131531752,0.4606145309863377,False
28,9.0,17,14,1.8558418152469216,0.07367444704232004,0.6469634212307069,0.41043094156297,0.15956331757965436,0.12327533701516331,0.38922349380848326,False
28,10.0,17,14,1.9205650657008417,0.06500579964704045,0.6627643366596975,0.42693619135002103,0.15594064231484225,0.11721593596816089,0.374433405966953,False
28,11.0,17,14,1.7806027697745581,0.08632569141714604,0.6115008381325159,0.3740122937456008,0.154916425155785,0.11461683224951436,0.40509091087344107,False
28,12.0,17,14,1.5828707855229722,0.12565549055416514,0.5419086014000031,0.30604452025195394,0.15599801118499995,0.1144347493851975,0.4501092198955169,False
28,13.0,17,14,1.4021829814011384,0.17328332804793184,0.47872991885387506,0.24972849493988,0.15846480544550795,0.11574046782780435,0.4674181111186848,False
28,14.0,17,14,1.2606376107039152,0.21966252479708662,0.4293629338636428,0.21006686570877653,0.16122129720235515,0.11760482329236648,0.5111287170249619,False
28,15.0,17,14,1.1566080739829758,0.25926929772990553,0.39322957112348006,0.183699762184653,0.16289708450256632,0.11909447856025916,0.5398357811305028,False
28,16.0,17,14,1.0821166990191329,0.2905603697671209,0.36757641658242035,0.1664095417319679,0.16216805499371506,0.11935272976603324,0.5627590686322551,False
28,17.0,17,14,1.0305424151276192,0.3135838572856272,0.35010330923327104,0.15532616278075323,0.15815244540420778,0.1177225534871997,0.5826493215858729,False
28,18.0,17,14,0.9991633630084649,0.3280073219929398,0.33983960980933,0.14908011142730884,0.15069219864065722,0.11386984796664089,0.5899768229460538,False
28,19.0,17,14,0.9897818634677764,0.33211735580495627,0.33736692366822935,0.14760468172649682,0.14039536600650834,0.10786461872448758,0.5915250594563995,False
28,20.0,17,14,1.0090336368163235,0.3225410557764822,0.344943159235328,0.15216139601370607,0.1284418159711762,0.10017794630163768,0.5874979837779075,False
28,21.0,17,14,1.0685116029406867,0.2949446955948797,0.3665679945043432,0.1657545307099033,0.11625461385639871,0.09157229268855772,0.5656473614148377,False
28,22.0,17,14,1.182839204114087,0.24698584593125705,0.40729643733665494,0.19368821945748774,0.10516375249134888,0.08290868365495856,0.5271106943998731,False
28,23.0,17,14,1.3616654986725294,0.18407804568269243,0.4702756907140863,0.2426506001057237,0.09615542825459712,0.07494005571159533,0.47350992682738047,False
28,24.0,17,14,1.595663554127423,0.12164498779638418,0.5515500172429603,0.3151269646774506,0.08975219641516256,0.06816793153074645,0.44927341787840686,False
28,25.0,17,14,1.8521350919221184,0.07460380539008085,0.6388008980508871,0.4019654714322311,0.0860281783827544,0.06280158392200104,0.3895878060827143,False
28,26.0,17,14,2.093780245966263,0.04588844051180326,0.7190180932490767,0.48655896133743787,0.08472778072876841,0.05880555063347047,0.37167427069695336,False
28,27.0,17,14,2.299825072372211,0.030038904852574374,0.7860066342771166,0.5578584860967218,0.08542875624837802,0.05598987392468329,0.3376899021132159,False
28,28.0,17,14,2.4678673819380754,0.02127745479283444,0.8399356046068774,0.6140333840636932,0.08768381917445386,0.054099014900605744,0.3346321985274807,False
28,29.0,17,14,2.604278947785436,0.016140662427935493,0.8834365158044055,0.6577190483463062,0.0910962637683758,0.05287548538931273,0.3346321985274807,False
28,30.0,17,14,2.715560174400569,0.012933968754010474,0.9187930877029673,0.6917610572456743,0.09532396741723492,0.05209402919119823,0.32308580943537474,False
28,31.0,17,14,2.804343453828083,0.0108864995444818,0.9468494366794789,0.7176634692364342,0.10004201475044854,0.05157326932640431,0.32308580943537474,False
28,32.0,17,14,2.8695176962649103,0.009646425661015593,0.9671890268349963,0.7357612405960816,0.10490839800598782,0.05117489158599944,0.32308580943537474,False
28,33.0,17,14,2.908851309745316,0.009035559877867326,0.9790507464053156,0.7460356375630914,0.10956339911187016,0.05079880686599243,0.32308580943537474,False
28,34.0,17,14,2.922081514035827,0.008940732218395815,0.9823553017368178,0.7488601464191096,0.11366214640951001,0.05037882670705097,0.32308580943537474,False
28,35.0,17,14,2.9127194831832535,0.009263387109494058,0.9782920284119387,0.7453847897926789,0.11691499136201988,0.04987937191672547,0.32308580943537474,False
28,36.0,17,14,2.8878269849972225,0.009888916733034126,0.9692328224846135,0.7375465289547496,0.11911067594500013,0.04929145593989794,0.32308580943537474,False
28,37.0,17,14,2.856182616557694,0.010670644142638389,0.9581150556862504,0.7277609269391546,0.12011921133247959,0.048626259057423564,0.32308580943537474,False
28,38.0,17,14,2.8259819563976736,0.011438544476643202,0.9476732693650923,0.718407949292663,0.11989106237657313,0.04790623101309783,0.32308580943537474,False
28,39.0,17,14,2.803165274425806,0.012033655518387585,0.9398824121251537,0.7113299070563789,0.11846635830598673,0.04715549810698931,0.32308580943537474,False
28,40.0,17,14,2.7907735236900884,0.012350506241943716,0.9357445689220116,0.7075368549370629,0.11598707610692746,0.046392383521367375,0.32308580943537474,False
28,41.0,17,14,2.7890306530809563,0.012365101879749369,0.935317630066915,0.7071441750405618,0.11269055821592619,0.04562647428217609,0.32308580943537474,False
28,42.0,17,14,2.79568287366151,0.012137280488952875,0.9378299622895887,0.7094513792469604,0.1088714453088293,0.04486075896553998,0.32308580943537474,False
28,43.0,17,14,2.806468728956171,0.011788261668809448,0.9418397778881958,0.7131160559092709,0.10482334706495347,0.04409676185880424,0.32308580943537474,False
28,44.0,17,14,2.8159662571251785,0.01146177742674856,0.9455199051578015,0.7164600043717722,0.1007879113889085,0.043339167083689324,0.32308580943537474,False
28,45.0,17,14,2.818953879555094,0.011284330061693939,0.9471101202360735,0.7178991459089361,0.09693275297651677,0.04259761150623636,0.32308580943537474,False
28,46.0,17,14,2.8118442209495877,0.011341374745530469,0.9453897777799425,0.716342083639524,0.09335833363022336,0.041886312626763234,0.32308580943537474,False
28,47.0,17,14,2.7934076253359432,0.011675266388804508,0.9399169037741782,0.7113614269441404,0.09011716838340796,0.04122405465675462,0.32308580943537474,False
28,48.0,17,14,2.7644251584945736,0.012297643210183182,0.9309227706711318,0.70308780735433,0.08722904421286852,0.04063557432999302,0.32308580943537474,False
28,49.0,17,14,2.7266793431476906,0.013205491417398253,0.9189955097124708,0.6919516292995647,0.08468833170034157,0.040151844064294576,0.32308580943537474,False
28,50.0,17,14,2.6820553808858287,0.014393140924978174,0.904793201037088,0.6784575093216085,0.08246959030339558,0.039805151826111315,0.3297337739176818,False
28,51.0,17,14,2.6322677611667817,0.01585472613041244,0.888942286685401,0.6631143598031831,0.08053715191548515,0.039617899251771,0.33440046428963005,False
28,52.0,17,14,2.5791575785698275,0.01757455076427214,0.8721045089933891,0.646513459559962,0.07885735500103952,0.03958980978952049,0.3346321985274807,False
28,53.0,17,14,2.5251001063092766,0.019508754720636304,0.8550756585232425,0.6294356437453347,0.07740784154184531,0.03969159858939293,0.3346321985274807,False
28,54.0,17,14,2.4730612045096114,0.021568220208368304,0.8387846077879727,0.6128547140299083,0.07618032591066709,0.03987041702341721,0.3346321985274807,False
28,55.0,17,14,2.426140251066399,0.023616714370949844,0.8241562911078488,0.5977874297111312,0.07517734780327218,0.0400650365672127,0.3346321985274807,False
28,56.0,17,14,2.386838208170337,0.025493925862114627,0.8119152654838537,0.5850653446879396,0.07440502962427956,0.040222554492305475,0.33635965011795216,False
28,57.0,17,14,2.35652573492033,0.027055431905231568,0.8024578952975789,0.5751741060773532,0.07386338348716985,0.04030849893559913,0.3376899021132159,False
28,58.0,17,14,2.3353719523839147,0.028208045831740546,0.7958461629868674,0.5682304512847934,0.07353685969723187,0.04030822104338551,0.3376899021132159,False
28,59.0,17,14,2.322537893146387,0.028929492095802364,0.7918518936423546,0.5640252894138406,0.07339078943774846,0.04022359294410303,0.3376899021132159,False
28,60.0,17,14,2.316368034376806,0.02927325768834408,0.7899857023060821,0.5620580547835984,0.07337943938507652,0.040069723582237614,0.3376899021132159,False
28,61.0,17,14,2.3146740832513726,0.029351048200218666,0.7895673193040585,0.5616168067597532,0.0734648777282508,0.039872202005603596,0.3376899021132159,False
28,62.0,17,14,2.315326685644797,0.029286538797946883,0.7899156442946561,0.561984173391736,0.07363621216488536,0.039662103018178345,0.3376899021132159,False
28,63.0,17,14,2.316978118470634,0.029161707483442295,0.7905908583846726,0.5626961467615231,0.07391482271460159,0.039467691321805345,0.3376899021132159,False
28,64.0,17,14,2.319371066930781,0.028994554761884887,0.791498378205945,0.5636527530961556,0.07433849711951614,0.03930601632211238,0.3376899021132159,False
28,65.0,17,14,2.3229076049072677,0.02876594698285383,0.7927452973876222,0.5649665091416023,0.07493174260424655,0.039179039394143564,0.3376899021132159,False
28,66.0,17,14,2.3277912120828477,0.02847238123171265,0.794357374178822,0.5666639325804987,0.07568000930738346,0.03907603462546845,0.3376899021132159,False
28,67.0,17,14,2.3333789837029713,0.028163198042052227,0.7960713686859495,0.5684673223285419,0.0765237583625814,0.03898021893128536,0.3376899021132159,False
28,68.0,17,14,2.3380549824962444,0.027943514303413797,0.797305746547437,0.5697652001761802,0.07737569785863156,0.038876379813791405,0.3376899021132159,False
28,69.0,17,14,2.3394929348129896,0.027955000630691822,0.797263545121802,0.5697208401350061,0.07815072038202008,0.03875723829532333,0.3376899021132159,False
28,70.0,17,14,2.3351698489367823,0.02834824227552731,0.7951173850882903,0.5674637561195544,0.07879237370011784,0.03862681847606514,0.3376899021132159,False
28,71.0,17,14,2.323170755629399,0.029245491143214827,0.7902827088837413,0.5623712463234145,0.07928392269028163,0.0384987067932181,0.3376899021132159,False
28,72.0,17,14,2.303133098220696,0.030693825578524556,0.782720873897633,0.5543857238449608,0.07964112158149136,0.03838813173436138,0.34224973653930035,False
28,73.0,17,14,2.276723455970608,0.03262864530907523,0.7730713957966023,0.5441639611538854,0.07989154652939441,0.03830056872613959,0.3536524136725573,False
28,74.0,17,14,2.24706655705968,0.03488105621479285,0.7624355912314889,0.5328638096643826,0.08004896083828028,0.038223091894988785,0.36402193906685537,False
28,75.0,17,14,2.2173291747128836,0.03724449148070612,0.7518955133434809,0.5216393283762045,0.08009114319349162,0.03812347024551425,0.37167427069695336,False
28,76.0,17,14,2.1894093917000466,0.03956744839979237,0.7420862973472637,0.5111777496027502,0.07994733195033125,0.03795609486667428,0.37167427069695336,False
28,77.0,17,14,2.16357703108476,0.04180605840690325,0.7330916295045152,0.5015781734473603,0.07949824929420123,0.03766881068121796,0.37167427069695336,False
28,78.0,17,14,2.1391377967827783,0.04399766043177933,0.7246745972141402,0.49259437510932763,0.07858872993347923,0.03720552587674458,0.37167427069695336,False
28,79.0,17,14,2.1155127772951423,0.046180292613953025,0.7166382357302837,0.4840205635247463,0.07705079166466788,0.03650487568480297,0.37167427069695336,False
29,0.0,17,14,0.6117704536297861,0.548099988435803,0.20574731787147463,0.08549896142755946,4.132537276819514,2.123756774209098,0.7154685163730761,False
29,1.0,17,14,0.6165119422833373,0.5450003265737267,0.207385805581031,0.08607616948904008,3.200819453710918,1.6838518664338171,0.7130845394422592,False
29,2.0,17,14,0.6253633266199871,0.5392591442319732,0.2104180233875182,0.08715714553894637,2.3954185000358046,1.2941643085964103,0.7099375687920897,False
29,3.0,17,14,0.6410864092358469,0.5291637585104993,0.21577466296567285,0.08910740827253376,1.7449779373434067,0.9700935996840522,0.7037741401329695,False
29,4.0,17,14,0.6680506181258692,0.5121190083313879,0.2249268219691263,0.09256003421768022,1.2499860567951284,0.7150647299835018,0.6943986553645938,False
29,5.0,17,14,0.7130064182289435,0.48442871302668555,0.24014379141289643,0.09863882520434404,0.8934544063412722,0.5244603274781483,0.6759470414325844,False
29,6.0,17,14,0.785988527009252,0.44142686216074345,0.2647930697276623,0.10938895767944538,0.6492140405950988,0.38860220579335936,0.6484937488668066,False
29,7.0,17,14,0.9009437962976383,0.3787111367451368,0.3035504713780638,0.1285733058233152,0.4889420554735221,0.29557680659317054,0.6155624036807245,False
29,8.0,17,14,1.0735156862220636,0.2962869082220363,0.36166463004690963,0.16259636046832487,0.38742886131405924,0.23380935723714016,0.5673579093613461,False
29,9.0,17,14,1.3058380205952194,0.20702445594586527,0.4398558614027436,0.2181535987002358,0.3250564029385765,0.19373124345709286,0.49614990868623915,False
29,10.0,17,14,1.5467753771439123,0.13829935167161433,0.5209043487458141,0.28668398964037506,0.2876546681572343,0.16825779082691222,0.4538520427582829,False
29,11.0,17,14,1.688492890804535,0.10767089182688783,0.5684308938078549,0.33130653707064084,0.26512128181601186,0.1524469123468189,0.4404672051291093,False
29,12.0,17,14,1.690082999479902,0.1075361412772801,0.5686829343102243,0.33155067409210004,0.25016522392347523,0.14291153732697418,0.4404672051291093,False
29,13.0,17,14,1.6134234117728252,0.12346490138314761,0.5426715198105264,0.306758852431421,0.2376897811029542,0.13732299663504827,0.44927341787840686,False
29,14.0,17,14,1.5135000423257794,0.1469637340500985,0.5090216347623067,0.27600359295998506,0.22459951981085838,0.1340585768132525,0.4541484458310366,False
29,15.0,17,14,1.404367492334234,0.1765537242996755,0.4725056521697715,0.24450638923866813,0.20960883835850208,0.1319363056418165,0.4686051916826489,False
29,16.0,17,14,1.2802908905025867,0.21570752835048124,0.43121592304002937,0.21148110129914519,0.1928203468675011,0.1300153634477519,0.5056585780867096,False
29,17.0,17,14,1.1334986621893834,0.2704230231706893,0.38251654509798333,0.1763328757505897,0.17512663679230675,0.12749801424710702,0.5484635962898486,False
29,18.0,17,14,0.9641458546993146,0.345835406527202,0.3263329437361652,0.1411599187095528,0.15763887574430896,0.12376167530303835,0.5977681990874191,False
29,19.0,17,14,0.7854803555177289,0.4402544535278564,0.26688404401941,0.11035258683105865,0.14130834803576375,0.11847931756773188,0.6484937488668066,False
29,20.0,17,14,0.6236319686328988,0.538643633256559,0.21275982632564264,0.08800336545659541,0.1267761616886574,0.11172170504408852,0.7096473400586435,False
29,21.0,17,14,0.5104129579769796,0.6141182784019575,0.1747180385223581,0.0754764351969719,0.11438112762022212,0.10394183042856883,0.7567618882997227,False
29,22.0,17,14,0.4696853237086339,0.6424438218480251,0.16108150342830338,0.07161255820057043,0.10422862529289778,0.09582148701123147,0.7717132593923011,False
29,23.0,17,14,0.5049208965591829,0.6177864832353341,0.17325110334344643,0.07504504059987173,0.09625531394285666,0.08805002636589476,0.7583813708661209,False
29,24.0,17,14,0.5996142626461911,0.5538742344991697,0.20567715587667973,0.08547435279970861,0.09027158696132759,0.08113946636418842,0.7172472101428097,False
29,25.0,17,14,0.729558984439639,0.47213100898777527,0.250099156275019,0.10284561564115971,0.08599316958872574,0.07534390423147719,0.668960568045992,False
29,26.0,17,14,0.87362470988484,0.3903237263959779,0.299295283891375,0.12633005167885816,0.08307673820508292,0.0706843631952784,0.6230621338808766,False
29,27.0,17,14,1.0169278068686936,0.318634019867801,0.348188010977497,0.15414571179818778,0.0811628677313274,0.06703257525468687,0.5857678195553679,False
29,28.0,17,14,1.150008004839331,0.2607618489677095,0.3935678357198568,0.1839357670705295,0.07991912148178833,0.06419950308001897,0.5403946212159769,False
29,29.0,17,14,1.2676394745024568,0.2163813111365824,0.4336754580619511,0.21336745693154896,0.07907406893569771,0.061995369233821,0.5067666394648584,False
29,30.0,17,14,1.3679712064415295,0.1832998631890996,0.4678816083579354,0.24066718294632924,0.07843626274690607,0.06025535836741748,0.473031905004128,False
29,31.0,17,14,1.451702434111107,0.1588694458540106,0.4963860401452932,0.26487338531496935,0.07789582516129796,0.05884331760381507,0.4614997159102095,False
29,32.0,17,14,1.5212001434605906,0.14068459233419559,0.5199264174603996,0.28579738622100126,0.07740989367469438,0.05764971549396425,0.4538520427582829,False
29,33.0,17,14,1.5795432621857652,0.12683908307149194,0.5394901900645768,0.3037851534313926,0.07697786502281512,0.05659293552438431,0.45178019694722216,False
29,34.0,17,14,1.629519325826707,0.11598994234356055,0.5560112397209485,0.31936924214908086,0.07661598490979198,0.05562254920853561,0.44726014451513435,False
29,35.0,17,14,1.6729198961297733,0.1073069151257236,0.570141858743892,0.33296528916176465,0.07633965659061404,0.05471786376071532,0.4404672051291093,False
29,36.0,17,14,1.710556885127179,0.10031101190091254,0.5822393932626547,0.34478775158682456,0.07615606885572793,0.05387821912041133,0.4321089743423925,False
29,37.0,17,14,1.7428440015190987,0.09468105315490374,0.592530632628827,0.3549691931310944,0.07606409388878534,0.05310917958660442,0.4219426641275907,False
29,38.0,17,14,1.770270647280167,0.09014526299907687,0.6012454225640367,0.36367496057340937,0.0760567863374824,0.05241293032171636,0.4145366108716673,False
29,39.0,17,14,1.7933627515669022,0.08648369446425051,0.6085935791183976,0.37107202433351294,0.07612338405131946,0.05178744427626283,0.40509091087344107,False
29,40.0,17,14,1.8123761918325916,0.0835665464483152,0.6146667809045258,0.37722270879280184,0.0762494468924382,0.051230954799496096,0.40159101388353535,False
29,41.0,17,14,1.8272189219020825,0.08134819813235468,0.6194231711649266,0.3820621633658826,0.07641503105399165,0.050743921852093817,0.39728189785568563,False
29,42.0,17,14,1.8377896247622476,0.07980272617177323,0.6228100634620581,0.38551974663204897,0.07659277972119818,0.05032411983954409,0.39268075428670646,False
29,43.0,17,14,1.844499032890594,0.07884284136292656,0.6249444177509491,0.38770344356406145,0.07674949627730067,0.049958097629611564,0.3920994274369567,False
29,44.0,17,14,1.8486003498599752,0.07827119406819992,0.6262265960318149,0.38901701185568077,0.0768531307231307,0.049616949649706435,0.39135597034099956,False
29,45.0,17,14,1.8520483294755266,0.07779803395701047,0.6272947791258587,0.390112334997567,0.07688228712698246,0.049262278083621165,0.391185760243823,False
29,46.0,17,14,1.85677318737327,0.07714353861113775,0.6287840142027925,0.3916408915726576,0.07683215610144863,0.048861402682407275,0.391185760243823,False
29,47.0,17,14,1.8635355703345988,0.0762032975065677,0.6309456735977994,0.3938626580384396,0.07671285359166968,0.04840438567553385,0.391185760243823,False
29,48.0,17,14,1.870871802409023,0.07519384987344671,0.6332951079835198,0.39628141747519635,0.0765412060357543,0.04791343497341595,0.38972975357819956,False
29,49.0,17,14,1.8747902982061388,0.07467839245889361,0.6345072973341443,0.397530974361607,0.07633029229179922,0.04743863466285584,0.3895878060827143,False
29,50.0,17,14,1.8696948554095516,0.07544053598624516,0.6327208149094604,0.3956897988963622,0.07608141888864106,0.04704055631026434,0.3898845087140644,False
29,51.0,17,14,1.8505055071004017,0.07826017539428008,0.6262409260434446,0.389031700032988,0.07578266859433687,0.04676658519588896,0.39135597034099956,False
29,52.0,17,14,1.815232116047566,0.0836549850619642,0.6143934908487646,0.3769452344208514,0.07541673852819306,0.046630695649382416,0.40159101388353535,False
29,53.0,17,14,1.7667444894199333,0.09159676123287229,0.5981148118766377,0.36053902322290565,0.07497618768414563,0.046604723683296226,0.4166495276296718,False
29,54.0,17,14,1.7126991618082177,0.10122899342772364,0.5799366222886055,0.34252489335425157,0.07447727624589158,0.04662426615532262,0.4334699463685022,False
29,55.0,17,14,1.663423637473285,0.11078997358627685,0.5632965967458541,0.3263493737110842,0.07396047830480311,0.04660718424878317,0.4421072580164967,False
29,56.0,17,14,1.628440945005515,0.11808234172138844,0.5513881082612969,0.3149734676491766,0.07347225976162065,0.04647926868822934,0.447563788741945,False
29,57.0,17,14,1.612957902680813,0.1215066149697889,0.5459825370063044,0.3098677481624236,0.07303675646303555,0.046199437698614274,0.44927341787840686,False
29,58.0,17,14,1.6158885389790005,0.1209842614286504,0.5467563956274413,0.3105964010877486,0.07263715047855414,0.04577528737781074,0.44927341787840686,False
29,59.0,17,14,1.6305214881196821,0.11794903468942321,0.5515040132047472,0.3150833474304276,0.07222391272042865,0.045260928479117654,0.447563788741945,False
29,60.0,17,14,1.6477403291053248,0.1144031832044008,0.5572055549351161,0.32050911140983435,0.07174936149596282,0.044735458540347106,0.44524482111983016,False
29,61.0,17,14,1.660341994701021,0.11182274572236504,0.5614614781650785,0.32458511661394657,0.07120723231154258,0.04427055499310167,0.44264461086039397,False
29,62.0,17,14,1.6662929271136309,0.11056618442358429,0.5635761619735257,0.3266184955023812,0.07064941631320987,0.04390303971299577,0.44198097885139914,False
29,63.0,17,14,1.669179331580298,0.10990208634855689,0.5647151060880982,0.3277158494112879,0.07016674280465811,0.04362659383292492,0.44173037311747676,False
29,64.0,17,14,1.6755788933148974,0.10854370412110194,0.5670422377607393,0.32996274729452824,0.0698454773511253,0.043405833468784245,0.4404672051291093,False
29,65.0,17,14,1.6909561298623703,0.10547354446030083,0.5723599740207715,0.3351207098320779,0.0697262187843965,0.04320263719379153,0.44041977140009625,False
29,66.0,17,14,1.7165774746876812,0.1005893938502156,0.5810776651251909,0.34364544214622006,0.06978695705981901,0.042998451815265945,0.4323811403358878,False
29,67.0,17,14,1.7489445679067281,0.09473125349382848,0.5920153973902831,0.35445685292580226,0.06995457738161161,0.042801585453087446,0.4219426641275907,False
29,68.0,17,14,1.7813742306378006,0.08917903207191998,0.6029301847183448,0.36536647479511175,0.07013409323333587,0.042639959819703595,0.41198512427479717,False
29,69.0,17,14,1.8063991271706323,0.08510313754002709,0.6113236701669569,0.37383289788814233,0.0702404095744412,0.04254733043750359,0.40359208765722543,False
29,70.0,17,14,1.8180430411674458,0.08327237836101173,0.6152082456208657,0.377772654736909,0.07022081655788137,0.04254975893834723,0.40085270958882435,False
29,71.0,17,14,1.813691956112685,0.08396387359328857,0.6137316406269767,0.3762735195455509,0.07006190540802316,0.04265386427208011,0.4022603829944623,False
29,72.0,17,14,1.7952684109163357,0.08690859473905585,0.607562132448025,0.37003069929535193,0.06978012946374858,0.04283681983878622,0.4051982585428691,False
29,73.0,17,14,1.7690183993142525,0.09124269602814775,0.5988089130022649,0.36123348786493814,0.06940122254574373,0.0430416321661763,0.4164214041053914,False
29,74.0,17,14,1.7434828593238012,0.09561741576269513,0.5903401199496404,0.352792853349648,0.06893836377757741,0.04318391373924314,0.42350693099464065,False
29,75.0,17,14,1.726307761706171,0.09862751162859336,0.5847177967332273,0.34722956305540764,0.0683786269938008,0.04317219889385582,0.4285195332828539,False
29,76.0,17,14,1.721383623372695,0.09944098921598225,0.5832436316975471,0.3457763729179384,0.0676812488625031,0.0429341995728764,0.429094679493622,False
29,77.0,17,14,1.7276502509315095,0.09820170899901862,0.5855580160127319,0.34805885874004344,0.06678417967471977,0.04243438719166178,0.4274064018610137,False
29,78.0,17,14,1.7400678390983149,0.09586754541787894,0.5899609972183473,0.35241668072317767,0.0656125693959216,0.04167141377901552,0.42350693099464065,False
29,79.0,17,14,1.752225695867918,0.09362262839512932,0.5942835217980202,0.35671423679001396,0.0640850714050186,0.0406566371217477,0.4198025330173058,False
30,0.0,17,14,-1.6059439413926826,0.13229199362171545,-0.5911538951503523,0.3536007930122683,0.706785079677314,59.695876775256,0.4538520427582829,False
30,1.0,17,14,-1.5940649969914225,0.13493367333625364,-0.5867809580504545,0.3492672304011728,0.6184848982779316,46.212741837136036,0.4538520427582829,False
30,2.0,17,14,-1.576152870488403,0.13900313862874322,-0.5801870498210338,0.3427707019145525,0.5346375488359412,34.28220106478721,0.4538520427582829,False
30,3.0,17,14,-1.5506144265822435,0.14498758192564473,-0.5707856323409719,0.3335902881005878,0.4591210476968963,24.406052910654743,0.4538520427582829,False
30,4.0,17,14,-1.5163757950289276,0.15335561074745518,-0.5581812008859832,0.3214415733721645,0.3943666765714128,16.714163358185683,0.45897403691637423,False
30,5.0,17,14,-1.4737756639824264,0.1643365715208986,-0.5424979709025477,0.3065962893484476,0.34155318604584683,11.071592180784018,0.46508535341265483,False
30,6.0,17,14,-1.425455455311263,0.1775846442276909,-0.5247072525520667,0.2901445150635491,0.3005557199759709,7.163520758512475,0.46888496040550004,False
30,7.0,17,14,-1.3763163815630566,0.1919541357159753,-0.5066110380391721,0.2738618792975019,0.2700633352287074,4.587678247667438,0.4796474189432402,False
30,8.0,17,14,-1.3319106082992538,0.20574192162995544,-0.49024869738716265,0.25955416708536005,0.2480706285095764,2.9486604736254707,0.49425132746185674,False
30,9.0,17,14,-1.2961879249886656,0.21739218991987924,-0.477065635070472,0.24832611584775743,0.23255873277131747,1.9243432350089829,0.5079539347223883,False
30,10.0,17,14,-1.270264754623935,0.22613863535921225,-0.46745631677196503,0.24031581646247818,0.22199598329445466,1.2873491620973387,0.5160661085380185,False
30,11.0,17,14,-1.252273696075991,0.23229743238064676,-0.46069916265991295,0.23477286534915925,0.2154353238932493,0.8918770202526193,0.5210409698257498,False
30,12.0,17,14,-1.2368411557237415,0.2375481029005757,-0.45473988100319157,0.2299468865951365,0.2122583128214175,0.6481046793567499,0.5219645178872445,False
30,13.0,17,14,-1.2141520162260167,0.24530714520569852,-0.44580705611328925,0.22282402768847803,0.21178944703028582,0.4999678359619998,0.5271002533364808,False
30,14.0,17,14,-1.1722510480412844,0.2602090780784223,-0.4292747617503564,0.2099997197767565,0.21301856222432192,0.41111061319185666,0.5399887704700311,False
30,15.0,17,14,-1.105656522037973,0.2855998621934885,-0.40304819373782236,0.19063417895346443,0.21456929304205904,0.35738499789016587,0.5599516126735209,False
30,16.0,17,14,-1.0219308397894642,0.32065697085634,-0.3702182258765411,0.16813439368291133,0.21491111909809923,0.3229363565231175,0.5866102116573335,False
30,17.0,17,14,-0.9358372463751093,0.3605290056809606,-0.33672174389183457,0.1472215851114912,0.21270270212357648,0.2978641750238135,0.6047184268139472,False
30,18.0,17,14,-0.8600035980028821,0.39895662677565347,-0.3075445095260789,0.13070969715344138,0.20711943235245306,0.27656825440582355,0.628946324350733,False
30,19.0,17,14,-0.8026858024210206,0.43008088329663197,-0.2858115537192649,0.11944517560478149,0.1980521160141207,0.2564724091612247,0.6437630552959123,False
30,20.0,17,14,-0.7689576534858761,0.4492734233430914,-0.2733283706512438,0.11337353445180268,0.18612392417091667,0.23698450980154603,0.6538660276203236,False
30,21.0,17,14,-0.7601060468741621,0.45456778434589795,-0.2704800474495459,0.11202879263229855,0.172526144193397,0.21860547664652147,0.6590971326534308,False
30,22.0,17,14,-0.7715806063206336,0.44828398427190697,-0.27551673599898324,0.11441694740721751,0.15871924971356782,0.20218131622189575,0.6529916996330668,False
30,23.0,17,14,-0.7928296852571879,0.43671019438496783,-0.2844180625866717,0.1187530022724537,0.1460892490804251,0.1883653414926691,0.6470278415708562,False
30,24.0,17,14,-0.8108227838916784,0.4272627708858311,-0.2921477077867977,0.12263816128286709,0.13567054431145967,0.17735340235745148,0.6427654938431963,False
30,25.0,17,14,-0.8143151644238801,0.42589860982882655,-0.2943392757165589,0.12376000961247426,0.12801809561725744,0.16887954220548643,0.6417127035985907,False
30,26.0,17,14,-0.7951954378715533,0.43698089712231736,-0.2879127388878489,0.12049572355217185,0.12323983776169625,0.16238114675584006,0.6470500160769055,False
30,27.0,17,14,-0.7475970884398028,0.46451660180305376,-0.2707467127062132,0.1121540500186724,0.12113055929636338,0.15721598954819435,0.6639715465364127,False
30,28.0,17,14,-0.6672639301914463,0.5130389758748898,-0.24139945042712624,0.099159376569548,0.12132381942125461,0.1528398594534674,0.694524963311696,False
30,29.0,17,14,-0.5522442871488863,0.5872746945239298,-0.19934138549465233,0.08328868695403771,0.12340224577524053,0.14890112276418294,0.7397811698076996,False
30,30.0,17,14,-0.40458665136831795,0.6900727310408115,-0.14556170396440038,0.06761177871087334,0.12694950262284166,0.14525013706490447,0.8032255345140161,False
30,31.0,17,14,-0.23178296940687307,0.8188944195752792,-0.08304655134119336,0.05569481704615931,0.13156027415589522,0.14188768742756955,0.8839052793097679,False
30,32.0,17,14,-0.04637482004052237,0.9634071944124651,-0.016538936221036617,0.05022513396420307,0.13683705293073173,0.13888863100482465,0.9761906433129923,False
30,33.0,17,14,0.1368126112446891,0.8922758051583297,0.04856263674208619,0.051943032134958766,0.14239676662311723,0.1363354472393299,0.9302999706243239,False
30,34.0,17,14,0.30442887653482226,0.7631868270906478,0.10758872350071903,0.05957934734772227,0.14789315737857617,0.13428172837203906,0.8500467643175391,False
30,35.0,17,14,0.44720669961927106,0.6582359023166193,0.15747218249095976,0.0706445746839706,0.15304308583699228,0.13274481546922692,0.7812953763485487,False
30,36.0,17,14,0.5604531206780354,0.5796178837071396,0.19681679486550357,0.08243787781504691,0.1576394628416333,0.13171293181097832,0.7347268948400362,False
30,37.0,17,14,0.6430757275335933,0.5253388390263599,0.2254608096098842,0.09276618522090503,0.16154489498392022,0.1311521058407788,0.7030556953512623,False
30,38.0,17,14,0.6964131213682896,0.49181717905061595,0.2440136204347232,0.10025241335654608,0.16467691342867283,0.13100545920932163,0.6792832313135416,False
30,39.0,17,14,0.723721078003871,0.4751521996151107,0.25366012109259234,0.10439469972303102,0.16699996578481754,0.13118365259326528,0.6709910580162952,False
30,40.0,17,14,0.7302549269655723,0.4712474738157383,0.256200961920581,0.10551432752923688,0.16852666872474997,0.1315520990368839,0.668960568045992,False
30,41.0,17,14,0.7230729837938558,0.4756353691633799,0.25401821946248093,0.10455177451509638,0.16931599631560515,0.13193103051417823,0.6714852270541833,False
30,42.0,17,14,0.7096838852964084,0.4838353323528878,0.24964970349797472,0.10265175849091239,0.169456222960379,0.13212809586572022,0.6757602696858039,False
30,43.0,17,14,0.6956757212273863,0.492489251540807,0.24499670971644227,0.10066671444607563,0.16903490998042037,0.13200500937961882,0.6796675322468969,False
30,44.0,17,14,0.6825433580866896,0.5006705450680533,0.24057437121597722,0.09881700195145562,0.16811072322076975,0.13154718138139915,0.6858815860618905,False
30,45.0,17,14,0.6670043370872034,0.5104313634300292,0.23526227996850593,0.09664261464737571,0.16670086099955245,0.13089006302912887,0.6939773595056236,False
30,46.0,17,14,0.642269693435884,0.5261644486485975,0.22672939579986526,0.09325801945241606,0.16478800141946987,0.13027982876706481,0.703600111750844,False
30,47.0,17,14,0.6007300158136016,0.5531511619455382,0.21234401202285377,0.08785238476858098,0.16234255658928193,0.1299909797459707,0.7169936316950304,False
30,48.0,17,14,0.5368441751592318,0.5959915946446872,0.1901478339815192,0.08024531537962526,0.15935242127430813,0.13024824985227887,0.744251148912097,False
30,49.0,17,14,0.44908037044488747,0.6572839084004716,0.1595141806560583,0.07118941408114023,0.1558500535257167,0.13118516039975875,0.780931376317392,False
30,50.0,17,14,0.34048239866529134,0.7365238517862294,0.12136742428538239,0.0622079803747473,0.15192608383567255,0.13283726721923786,0.8326783788700305,False
30,51.0,17,14,0.21803926827765863,0.8294090038171716,0.07802772515978706,0.05502533503472971,0.14772352701305125,0.13514843561424503,0.8905614233436618,False
30,52.0,17,14,0.09110482215199622,0.9282926359085754,0.03273191972211239,0.050882148075019895,0.14341562661326865,0.13797493621482085,0.9538419745115637,False
30,53.0,17,14,-0.030836625347095258,0.9757178881555099,-0.011119043623637784,0.05010174854724179,0.13917625985069493,0.14109031129436042,0.9851928587507891,False
30,54.0,17,14,-0.14037013100383933,0.889913421671034,-0.050768958633484004,0.052123826035879076,0.13515132576074654,0.14420530122743155,0.9287049340539834,False
30,55.0,17,14,-0.2334359149435457,0.8181549306187168,-0.08463120832811037,0.0559149786707361,0.13143710584450646,0.14701389219684793,0.8835979124734026,False
30,56.0,17,14,-0.309313928643603,0.760892155247094,-0.11234016391434809,0.060449242726740494,0.12807159121576617,0.14926052201529852,0.8488039978852044,False
30,57.0,17,14,-0.36964911230701414,0.7163821580217522,-0.13442447794844248,0.0649988709550292,0.1250442066384867,0.15080462893256558,0.8198274991418971,False
30,58.0,17,14,-0.41718052515081994,0.6820587472096475,-0.15184593502806826,0.06918112243621946,0.12232260303327591,0.15165396779835225,0.7992504268627352,False
30,59.0,17,14,-0.4547225263552651,0.6554579212928493,-0.1656180253466309,0.072861624517635,0.1198839137676978,0.1519556184785565,0.7802358949449264,False
30,60.0,17,14,-0.48467752416243454,0.6345799852381255,-0.1766171200397827,0.07604057017684515,0.11773198298428585,0.1519566549933878,0.7671583414728119,False
30,61.0,17,14,-0.5090454801652007,0.6178393336293471,-0.18557803108877505,0.07878878576005284,0.1158896300297852,0.15194981801816296,0.7583813708661209,False
30,62.0,17,14,-0.529585982825259,0.6039094984448665,-0.19314849281134364,0.0812219952765044,0.11437253781542638,0.15220552906311116,0.7493116376568506,False
30,63.0,17,14,-0.5477291290012231,0.5917512808828536,-0.19985355874244878,0.08346269014711902,0.11316521507585335,0.15289034125963943,0.7417953413228882,False
30,64.0,17,14,-0.5642041685886044,0.5808327963523527,-0.20595770560105192,0.08557280606194215,0.11221768231345504,0.153997468468737,0.7353421988484948,False
30,65.0,17,14,-0.5788132814663386,0.5712490271564876,-0.21138172883706138,0.0875041831136915,0.11146514001021914,0.15533888951180894,0.7296144970793067,False
30,66.0,17,14,-0.5907319748424389,0.5634999134825809,-0.21581502165796138,0.0891222994899072,0.11085572977205348,0.15663119565431807,0.7246847573238601,False
30,67.0,17,14,-0.5992146587030509,0.5580259088217143,-0.21897794660449854,0.0902985212033739,0.11036743004210965,0.15764738442979406,0.7199557263486227,False
30,68.0,17,14,-0.6042395245896549,0.5548046601071219,-0.22086113121669196,0.09100746499837452,0.11000536310451972,0.15834807828939113,0.7177144473665027,False
30,69.0,17,14,-0.6066831090714266,0.5532516336630899,-0.2217893512322911,0.09135927503397795,0.10978453498316189,0.1588994386685758,0.7169936316950304,False
30,70.0,17,14,-0.6078648264566684,0.5525115649161898,-0.2222511441326544,0.09153488569575341,0.10970948101230539,0.15954725754044477,0.7169936316950304,False
30,71.0,17,14,-0.6086721079804944,0.5520116905876,-0.22257343826327253,0.0916576776778999,0.10975997759311891,0.160413084101184,0.7169936316950304,False
30,72.0,17,14,-0.6088832555087659,0.5518912409291501,-0.22267082262883992,0.09169481768450541,0.1098865403065968,0.16134412496474895,0.7169936316950304,False
30,73.0,17,14,-0.6072726058232372,0.552934003640047,-0.22208582054643833,0.09147197182989578,0.11001531435246058,0.16193115794942428,0.7169936316950304,False
30,74.0,17,14,-0.6024526104041883,0.556035285899608,-0.22030242755133742,0.0907964628689505,0.11005889952571926,0.16170702253995897,0.7183844760148742,False
30,75.0,17,14,-0.5939043643052554,0.5615505302248871,-0.21712897344771348,0.08960872443606145,0.1099265030657951,0.1604134995120756,0.7231003250724146,False
30,76.0,17,14,-0.5827171469536616,0.5688105541185919,-0.21297219013474258,0.08808059474163567,0.10952583736455646,0.15816375241917519,0.7283180591751619,False
30,77.0,17,14,-0.571704617417096,0.576005546579961,-0.20887902828612506,0.08660642314092692,0.10875388256730997,0.15538082972771436,0.7323212615236716,False
30,78.0,17,14,-0.5645195189104958,0.5807247200785934,-0.20620673213440924,0.08566031580112485,0.1074827383087759,0.15253045791867884,0.7353421988484948,False
30,79.0,17,14,-0.5637877561396637,0.5812035618387432,-0.20593071173608216,0.08556332693919148,0.10555313844627083,0.14979804407693267,0.7356268085553154,False
31,0.0,17,14,-0.584574363346224,0.5653861677512524,-0.21035297887250534,0.08713378301787697,18.467737754466977,33.39094914761944,0.726219222262093,False
31,1.0,17,14,-0.5504105679505801,0.5878997022313792,-0.19759981990770908,0.0827005403962481,15.391459901693665,26.834495067240294,0.7400868621397517,False
31,2.0,17,14,-0.5085175167074504,0.6161760784988322,-0.18202541238219797,0.07768216766717893,12.452423210162738,20.77395546143445,0.7581854090903599,False
31,3.0,17,14,-0.45871556058107404,0.6507025304905261,-0.16361511458558722,0.07230569442108967,9.7760250507743,15.48304500211805,0.7769582453618221,False
31,4.0,17,14,-0.4010723701315801,0.6918104293139525,-0.1424607802637179,0.06686268825249875,7.442462825396627,11.10235132973997,0.8037631543896544,False
31,5.0,17,14,-0.33620875415979884,0.739381794390311,-0.11886592914945024,0.06170668227566134,5.498096703833774,7.668946989348917,0.8338519229642354,False
31,6.0,17,14,-0.2656495573745568,0.7924787532041839,-0.09345637280554264,0.05721832971978966,3.954794915663421,5.128694957861951,0.8662096977117951,False
31,7.0,17,14,-0.1921042649723398,0.8490181915775461,-0.06725341857108268,0.05373048770828253,2.7890466232948494,3.354438469616163,0.902186074228963,False
31,8.0,17,14,-0.11947021618171562,0.90572727674106,-0.04164320676753529,0.05142833384909188,1.9490860672381425,2.179256284524953,0.9396594225555666,False
31,9.0,17,14,-0.05219135155712117,0.9587346993324846,-0.018131975752884114,0.05027060019800935,1.3689158701211888,1.4344777143607639,0.9730920876110573,False
31,10.0,17,14,0.006513611405747192,0.9948478176884785,0.002258737342175585,0.05000419854754678,0.9824330511416082,0.9770334504478531,0.9962272105300329,False
31,11.0,17,14,0.057523179862509016,0.9545259344900111,0.019941564135228424,0.0503273190073269,0.7324830236560737,0.7001031283847211,0.9703127692274418,False
31,12.0,17,14,0.1079713870351309,0.9147655150365037,0.03746152024887696,0.05115568893717707,0.5741883838824203,0.5311741669184914,0.945920844436598,False
31,13.0,17,14,0.16949977876063088,0.8665830994645223,0.05886857212656056,0.05285679552600712,0.4745429382119807,0.4245479053412514,0.9141018880915012,False
31,14.0,17,14,0.25242352959405945,0.802498015117378,0.08767754698229793,0.05635006741909242,0.41041728897141166,0.35317306271321136,0.871491057141044,False
31,15.0,17,14,0.3607434614518262,0.7209214233873327,0.12511406452436435,0.06297884951895448,0.3662990015365231,0.3018789311151844,0.8224615730232018,False
31,16.0,17,14,0.4917443275185601,0.6266783069825017,0.17001279320223484,0.07410618365510425,0.3323398055678196,0.262465907312225,0.7636155494229888,False
31,17.0,17,14,0.6390171477836837,0.5281028986946812,0.2199906276851362,0.09067895407504002,0.3028334013143826,0.23050447138488522,0.7037741401329695,False
31,18.0,17,14,0.7966606230774178,0.4328342868645011,0.27302021276068644,0.11322732021959689,0.27503767321886785,0.20350620570796124,0.644646810223725,False
31,19.0,17,14,0.9631639659796544,0.3448173233390053,0.3287677082988011,0.14256246692615124,0.24821353182096378,0.18004882236797254,0.5974195391678175,False
31,20.0,17,14,1.1430352711537632,0.26453038467561124,0.38903596261992385,0.18079113865157714,0.22280786707967765,0.15941709094258333,0.5450666961427149,False
31,21.0,17,14,1.343632708530021,0.1922488651789719,0.45659023279069877,0.231439037034465,0.19977864876026255,0.14140334354343884,0.47977060307804054,False
31,22.0,17,14,1.5648487878989,0.13139695539059806,0.5316677812923011,0.29653029756043403,0.1800927812307157,0.12608399222661204,0.4538520427582829,False
31,23.0,17,14,1.7840009932023144,0.08748380639684308,0.606796771168213,0.3692586356734717,0.1644182983813501,0.1135668952675308,0.40638254985242844,False
31,24.0,17,14,1.956553994276658,0.06217290413862799,0.6665970987785358,0.4309606975289179,0.15300410879083895,0.10379666135286546,0.37167427069695336,False
31,25.0,17,14,2.055227160132376,0.05076587310059668,0.7008544637587578,0.4672072302619163,0.14571068616990623,0.09648786054881467,0.37167427069695336,False
31,26.0,17,14,2.100001706514334,0.046400027032044884,0.7157003595610019,0.4830203870342698,0.14213262067747076,0.09118237351427098,0.37167427069695336,False
31,27.0,17,14,2.1295247379692235,0.04397813579212527,0.7244579841928938,0.4923632096403397,0.14174628477777867,0.08736875297916842,0.37167427069695336,False
31,28.0,17,14,2.167089324302405,0.041141782295073474,0.7355155863324349,0.504165444108045,0.14402810633698024,0.08459289461930204,0.37167427069695336,False
31,29.0,17,14,2.217072072648981,0.03757926200672358,0.7507119853099983,0.5203777254212555,0.1485167958083789,0.08251825654556243,0.37167427069695336,False
31,30.0,17,14,2.2740628743688815,0.033834734615971404,0.7684132677732279,0.5392187019725028,0.15482353441937471,0.08093033772151517,0.3612861492891862,False
31,31.0,17,14,2.3304773921044424,0.030465870558273957,0.7861440380754611,0.5580036152058253,0.16261461450059364,0.07970431603487226,0.3412177502526683,False
31,32.0,17,14,2.3805047751713317,0.027752300841408062,0.8019542602867005,0.5746459786237451,0.17159435904170042,0.07876264544716911,0.3376899021132159,False
31,33.0,17,14,2.4213857615657934,0.02572451669835593,0.8148766306978493,0.5881518238635117,0.18150312474268143,0.07804445853731297,0.3376899021132159,False
31,34.0,17,14,2.453050659676715,0.024277300405515713,0.8248344810643818,0.5984893841127322,0.19212504790836266,0.07749574118715188,0.3346321985274807,False
31,35.0,17,14,2.47697282742406,0.023264130317184002,0.8322824198031292,0.6061769224567046,0.2032877875966156,0.07707507482961562,0.3346321985274807,False
31,36.0,17,14,2.4949685372913146,0.022553428446867196,0.837815005875347,0.6118609909775791,0.21484201225981708,0.07676181709839418,0.3346321985274807,False
31,37.0,17,14,2.508422922310718,0.022053065834361788,0.8419018506970484,0.6160444640393702,0.22662683128540914,0.07655537693027133,0.3346321985274807,False
31,38.0,17,14,2.5180780364635758,0.021711878186679905,0.8448021342704439,0.6190051650022208,0.23844194447808503,0.07646245878959698,0.3346321985274807,False
31,39.0,17,14,2.524237340761168,0.02150714885260792,0.8466199234423232,0.6208572855952221,0.2500451797867574,0.07647793060213791,0.3346321985274807,False
31,40.0,17,14,2.527089822366288,0.021428981704394733,0.8474069353772139,0.6216583036476288,0.26117773178325326,0.07657065782159654,0.3346321985274807,False
31,41.0,17,14,2.5268489874184348,0.021472437560474875,0.8472119506409457,0.6214598974531436,0.27160159676676576,0.07668599428556992,0.3346321985274807,False
31,42.0,17,14,2.5235619101466162,0.021642693700311997,0.8460269037903502,0.6202533687255831,0.28112584413508696,0.07676922984198029,0.3346321985274807,False
31,43.0,17,14,2.516729093707952,0.021968552715915624,0.8436724457887195,0.6178527614826481,0.2896048068874021,0.07680064412832552,0.3346321985274807,False
31,44.0,17,14,2.5050900298623278,0.02251229636422085,0.8397346105321747,0.6138276330799951,0.2969091187058295,0.07682177404080993,0.3346321985274807,False
31,45.0,17,14,2.4868491474217302,0.02336663800307846,0.8336389304788354,0.607572721821015,0.3028898157321931,0.07693414640186984,0.3346321985274807,False
31,46.0,17,14,2.460280297825378,0.024640211878001965,0.8248425443367298,0.5984977280226988,0.30736313174811786,0.07726685034996365,0.3346321985274807,False
31,47.0,17,14,2.4243761040895335,0.02644003259985038,0.8130393509182453,0.5862375506755414,0.31013225477910444,0.07792794249781555,0.3376899021132159,False
31,48.0,17,14,2.379222473368031,0.02885728236824446,0.798276965314798,0.5707858528484421,0.3110388003658799,0.07896459140824928,0.3376899021132159,False
31,49.0,17,14,2.3259636742456693,0.031958893327089295,0.7809424327124904,0.5525043109519743,0.3100168991751276,0.0803517898385329,0.3501583094968045,False
31,50.0,17,14,2.2663978337166224,0.03578802532218786,0.7616300586728482,0.5320067720504252,0.3071204698692703,0.0820116612570746,0.36961403201603854,False
31,51.0,17,14,2.2024024138063276,0.040376304441861625,0.7409558314950284,0.5099714862675678,0.3025123545313453,0.08384538317452607,0.37167427069695336,False
31,52.0,17,14,2.1355288041078224,0.045760070609352534,0.7194256156314637,0.48699369167386675,0.2964305446189613,0.08575226145597863,0.37167427069695336,False
31,53.0,17,14,2.0670705709202135,0.051974798340668794,0.6974526954446936,0.46359035590622577,0.28916001554007953,0.0876238363484786,0.37167427069695336,False
31,54.0,17,14,1.9986024085263743,0.05899707117481124,0.6755256560305019,0.44036357436393336,0.2810253460293758,0.08932648394455081,0.37167427069695336,False
31,55.0,17,14,1.9325621457066646,0.06663605108278074,0.6543961382351757,0.4181767792462124,0.2723914347813855,0.09070131544513065,0.37670994472380653,False
31,56.0,17,14,1.8722540765868516,0.07444599384148483,0.6350912730308511,0.39813333545562635,0.26364632876052796,0.0915985662859927,0.3895878060827143,False
31,57.0,17,14,1.8209703210035433,0.08178038044917592,0.6186469312271429,0.38127105976796427,0.25515581954316,0.09193339978935387,0.3982348961003349,False
31,58.0,17,14,1.7805995069093719,0.08804161321915739,0.6056675423745701,0.36812050147060804,0.24720657163161608,0.09172961544051499,0.40746531737791847,False
31,59.0,17,14,1.7505037167312065,0.09300868592727625,0.5959596687953708,0.35838575445894233,0.23996503061721364,0.09112623821684426,0.41860644829649407,False
31,60.0,17,14,1.7272429911182108,0.09703100328926632,0.5884344790963852,0.3509035379647585,0.23346726226085496,0.09034728775432328,0.4249991060176848,False
31,61.0,17,14,1.7052809118096617,0.10097342272870224,0.5813295403088956,0.3438929835259862,0.22763850846944683,0.0896497757345552,0.4334699463685022,False
31,62.0,17,14,1.6785475032243535,0.1059588100185872,0.5727070816841672,0.3354585131280584,0.22233539160811608,0.08926146509624593,0.44044808734393104,False
31,63.0,17,14,1.6425352057195028,0.11301787287026205,0.5611194420298706,0.32425673267884225,0.21740229760615065,0.08931661561832006,0.44431363437294913,False
31,64.0,17,14,1.5962055759295388,0.12272215482922529,0.546214960391124,0.31008651371116586,0.21272525799460473,0.0898086787712609,0.44927341787840686,False
31,65.0,17,14,1.542630589307248,0.13487558480577166,0.5289517763971957,0.29403064619517433,0.20825806161924476,0.09058986528855047,0.4538520427582829,False
31,66.0,17,14,1.4875838946942617,0.14846571763837094,0.5111684224794684,0.2779180866989594,0.20400490361100937,0.09143451688718195,0.4554687606767046,False
31,67.0,17,14,1.4365192304728909,0.16212439194092307,0.4946287323160232,0.26334444707524945,0.1999738526267214,0.09214480574883266,0.46418795885475583,False
31,68.0,17,14,1.3917476822397832,0.1749682446660678,0.4801021158122018,0.25088805985082563,0.1961404552849911,0.09264129635044585,0.46844098557962865,False
31,69.0,17,14,1.3517592081738226,0.18715045331095775,0.4671171110955442,0.2400357832288753,0.19245321431782922,0.09297975820920554,0.4766236911001653,False
31,70.0,17,14,1.3132417746669653,0.19953954262304355,0.45459715687777474,0.22983202885241438,0.188875439057136,0.0932781048320445,0.4870117650460724,False
31,71.0,17,14,1.274485087533508,0.2126737279950066,0.4419707066828791,0.21980639187893358,0.18542505593749312,0.09359928588382024,0.5018632502008639,False
31,72.0,17,14,1.2377049364358113,0.2257719339570037,0.42995211941463796,0.21051589649710983,0.18217596021773477,0.09387342917812871,0.5160661085380185,False
31,73.0,17,14,1.2083406997395663,0.23667952735161982,0.42033615398936963,0.20326310929434124,0.17921735532552127,0.09392134171347193,0.5219645178872445,False
31,74.0,17,14,1.1916350936665216,0.24306565860879337,0.4148754080297756,0.19921667273302254,0.17659844055675689,0.09356805284424766,0.5253560929892347,False
31,75.0,17,14,1.1889775043862083,0.24409411545001425,0.4140507927857352,0.19861021116630956,0.1742882828104084,0.09276195335925023,0.5261909075569169,False
31,76.0,17,14,1.1965751802717508,0.2411635404419062,0.4166138094858923,0.20049912118890673,0.17215986869050567,0.09160389954655834,0.5243500915990251,False
31,77.0,17,14,1.207321054808357,0.23706388124591415,0.420211180161479,0.20316991511708127,0.16998939156360837,0.09025632620728523,0.5219645178872445,False
31,78.0,17,14,1.2146862229356223,0.23428457304198208,0.4226865618332432,0.2050209447596711,0.16746319137352494,0.08879384955720837,0.5219232613406223,False
31,79.0,17,14,1.216088606658289,0.23375791984160152,0.42319481947373117,0.20540233861151738,0.16419709060270785,0.08710070779700897,0.5219232613406223,False
32,0.0,17,14,-0.9809429474035811,0.3443905669396601,-0.36094110982708544,0.16213411700137492,0.41935802272086314,1.952556958305102,0.5974195391678175,False
32,1.0,17,14,-0.9744241320079938,0.34746246600115127,-0.3585047151740183,0.1605846758066866,0.36176756462989873,1.4245800092087983,0.5977681990874191,False
32,2.0,17,14,-0.9607643877282745,0.35397686868665257,-0.35341370604745104,0.15738252763789393,0.3086822867362614,0.9901533013233058,0.6009777395106346,False
32,3.0,17,14,-0.931247564686338,0.3683716975129582,-0.34243422001483553,0.15064055044928445,0.2624573243274383,0.6617289969110626,0.6103453831771803,False
32,4.0,17,14,-0.8651613697541366,0.4021137052531153,-0.31788646703817747,0.13638024270138346,0.22425461537770486,0.43242750584358997,0.630962974618836,False
32,5.0,17,14,-0.7131452740412658,0.48750705050839616,-0.2615186472069297,0.10789622458612934,0.19432886935354318,0.2844587771520231,0.6774291520712205,False
32,6.0,17,14,-0.37036983925208455,0.7161280805672968,-0.13508542196722834,0.0651479475025409,0.1721665390135848,0.1960259871187697,0.8197332559752841,False
32,7.0,17,14,0.28273741191772445,0.7803187427360122,0.10179430902021173,0.05857040529752852,0.15668909510715934,0.1467345195227053,0.8582396610975798,False
32,8.0,17,14,1.0865347659722127,0.2871497972114947,0.38429557071753395,0.17754176490336496,0.14660064274834078,0.12085071047508963,0.5609323915856729,False
32,9.0,17,14,1.6394401537698178,0.11200867600042971,0.5730836095480495,0.33582510222453527,0.1407583262781317,0.1080651768028601,0.44264461086039397,False
32,10.0,17,14,1.8572105830034311,0.07346973475112198,0.6457722903536959,0.40919284769189956,0.1383699812494095,0.10246583217379027,0.38862713948796695,False
32,11.0,17,14,1.8471318763838769,0.07505749200522135,0.6399394634864322,0.4031435853448136,0.13892062046966308,0.10093976539901126,0.3895878060827143,False
32,12.0,17,14,1.7198850218686033,0.09653239868707268,0.5930908389407705,0.35552655611680156,0.14189066186883262,0.1018509534177134,0.42380077472373373,False
32,13.0,17,14,1.5592941432640068,0.13083893609318017,0.534841084544002,0.29946349069323713,0.14644560400784332,0.10421510781619947,0.4538520427582829,False
32,14.0,17,14,1.4083039682742298,0.17148085256447923,0.4808272656510786,0.25150204615858185,0.15129898835672265,0.10724846604274642,0.4660109598483706,False
32,15.0,17,14,1.2791997703928373,0.21328407436686286,0.43542999801382715,0.21471950165041168,0.15486504577615168,0.11013886285593476,0.5025469941134343,False
32,16.0,17,14,1.1729046515319839,0.25283418420313225,0.39871077462697735,0.18754944223204684,0.15565586251765032,0.11198249154278427,0.5331423370492395,False
32,17.0,17,14,1.0900520979993942,0.2869682813172142,0.37055880697120264,0.16835769664295286,0.15273119446141786,0.1118869393763779,0.5609323915856729,False
32,18.0,17,14,1.0344356264095753,0.31149343432562865,0.3520009618838869,0.15650246362654038,0.14597843926892612,0.10920576920990055,0.5804683912976604,False
32,19.0,17,14,1.0131076497779892,0.32110995357095035,0.3452445927940169,0.15234490512680604,0.13610672148977476,0.10378777349551215,0.5869051866070516,False
32,20.0,17,14,1.0346147852160694,0.31094593046796215,0.35303186339729353,0.15714429459023185,0.12439634463011101,0.09608805331895721,0.5800027718573387,False
32,21.0,17,14,1.103773556963374,0.2803407059990811,0.3767800872167999,0.17247423301423745,0.11234061785925839,0.08705362057474304,0.555627624506437,False
32,22.0,17,14,1.2109164891763284,0.23760186887142143,0.41289385076734786,0.19776137323099896,0.1013135309277112,0.07782710728686372,0.5219645178872445,False
32,23.0,17,14,1.325620608039452,0.19783247108257881,0.45091322509142123,0.22687916057028185,0.09234050150447415,0.0694124561764024,0.4849298349539143,False
32,24.0,17,14,1.4187661545380337,0.16985962010275135,0.4813350731166837,0.2519325026480621,0.0859981166659688,0.06244817118936071,0.4660109598483706,False
32,25.0,17,14,1.490161039132361,0.1508210552441685,0.5045134003216569,0.2720051867013562,0.08243678771087216,0.057151827288735677,0.45751735055731396,False
32,26.0,17,14,1.5555852565813697,0.13499137179734835,0.5258199096903716,0.2911608147358955,0.08149446408739026,0.05340531135651448,0.4538520427582829,False
32,27.0,17,14,1.6250726033873553,0.11974837253414505,0.548524308510878,0.31226390848632846,0.08284781830345656,0.050902360567890874,0.447563788741945,False
32,28.0,17,14,1.7002905933257122,0.10497260664208974,0.573117412721433,0.3358580209754192,0.08614261759822699,0.049286423478842115,0.4400947712762131,False
32,29.0,17,14,1.7787010264880847,0.09133994115492626,0.5987344882628595,0.36115900173012,0.0910640543883734,0.048240730182681414,0.4164214041053914,False
32,30.0,17,14,1.856050939751183,0.0795090505636051,0.6239691282848282,0.3867051530052931,0.09734112796645883,0.047525791572113084,0.3920994274369567,False
32,31.0,17,14,1.92751678659771,0.0698768491335135,0.6472386581275529,0.4107171601252398,0.10471005032377056,0.046979449259557306,0.3796461701408563,False
32,32.0,17,14,1.9887565002797887,0.06253282279830094,0.6671243977856167,0.43151495774940124,0.11287635142936472,0.04649989435947145,0.37167427069695336,False
32,33.0,17,14,2.0369754216922753,0.05730542822592042,0.6827194033832242,0.44796474706010897,0.12150723015390043,0.04602697861626348,0.37167427069695336,False
32,34.0,17,14,2.071574565089225,0.053852954080829206,0.6938398828604789,0.4597524645110243,0.1302591248564377,0.04552825346105451,0.37167427069695336,False
32,35.0,17,14,2.0941448592112906,0.05174862001038252,0.7010224055657297,0.46738586593260567,0.13881797959000844,0.04498956350540045,0.37167427069695336,False
32,36.0,17,14,2.1079348676166116,0.05053583722001763,0.7053485370562352,0.47198968215512294,0.14692234528053702,0.044408053545342566,0.37167427069695336,False
32,37.0,17,14,2.1170665439438263,0.04976308086392615,0.7081864023807473,0.4750118286670557,0.15435823880750987,0.04378654278702001,0.37167427069695336,False
32,38.0,17,14,2.125710631357749,0.049020479947762145,0.710918244040628,0.4779224646889774,0.16094192731847096,0.04312960545822179,0.37167427069695336,False
32,39.0,17,14,2.1373159406276714,0.04799168503997712,0.7146849419475373,0.4819376431760193,0.16651605798591468,0.04244185552986661,0.37167427069695336,False
32,40.0,17,14,2.153919516769399,0.04651508112360949,0.7201566153427872,0.48777353614685137,0.17096621774056442,0.04172802983284741,0.37167427069695336,False
32,41.0,17,14,2.175591334552754,0.044628287181740854,0.7273474747337989,0.4954470158615142,0.17423680539225533,0.040993603359714394,0.37167427069695336,False
32,42.0,17,14,2.2001961195046964,0.04256107309501168,0.7355362714310519,0.5041875223411824,0.17631614598253198,0.04024483807739586,0.37167427069695336,False
32,43.0,17,14,2.2238064412382355,0.0406567260488753,0.743404460979479,0.5125841701907998,0.17718386351796034,0.03948824408700402,0.37167427069695336,False
32,44.0,17,14,2.2420077231066813,0.03924187681963545,0.749472830979271,0.5190566113262463,0.17675129666852119,0.03873023900488182,0.37167427069695336,False
32,45.0,17,14,2.2517355028208406,0.03850461974221502,0.7527161630032814,0.5225139898538594,0.17484445338329485,0.03797750668462902,0.37167427069695336,False
32,46.0,17,14,2.2525638322386015,0.038441740307637515,0.7529939065112927,0.5228099892787124,0.17125874488194076,0.037237811113536134,0.37167427069695336,False
32,47.0,17,14,2.246513868035343,0.03889414334692686,0.7509854440445413,0.5206692419965325,0.16586837307910604,0.03652092867991147,0.37167427069695336,False
32,48.0,17,14,2.2365829592945548,0.0396435608159643,0.7476974889451936,0.5171634900733055,0.15873563212980563,0.03583976559456462,0.37167427069695336,False
32,49.0,17,14,2.225058934980836,0.04052196645006763,0.7439001085760987,0.5131129652324437,0.1501633308807748,0.035211454471628545,0.37167427069695336,False
32,50.0,17,14,2.212531668971296,0.04148667110535776,0.7397960792546718,0.5087338818057403,0.140665200724855,0.03465716274998772,0.37167427069695336,False
32,51.0,17,14,2.1979164304487635,0.0426306164830426,0.7350280021189585,0.5036450180867308,0.1308699151400204,0.03419907288169092,0.37167427069695336,False
32,52.0,17,14,2.179373491157873,0.044123251215887026,0.7289840861649529,0.49719383359543434,0.12139932229980363,0.03385461946652451,0.37167427069695336,False
32,53.0,17,14,2.1556963389662824,0.04610588573600967,0.721260067868714,0.48895081202840396,0.11276227060790012,0.03363028719746001,0.37167427069695336,False
32,54.0,17,14,2.127420249326007,0.04858949697778854,0.7120285656307637,0.479105810438303,0.10528980618611102,0.03351770889613552,0.37167427069695336,False
32,55.0,17,14,2.096902495251305,0.051412649068682495,0.7020668382019468,0.46849695336015135,0.09911850303523105,0.033493102915989975,0.37167427069695336,False
32,56.0,17,14,2.0673103922108074,0.05429199831154595,0.6924210277213053,0.45824624095547817,0.09421473318815604,0.033519502456141055,0.37167427069695336,False
32,57.0,17,14,2.041341807827309,0.05693216138569551,0.6839805567675258,0.44929941846271243,0.09042563819321575,0.03355159445322553,0.37167427069695336,False
32,58.0,17,14,2.0205775828976362,0.0591147606873107,0.6772625435880371,0.44219689369210347,0.08754065241875232,0.03354405950360283,0.37167427069695336,False
32,59.0,17,14,2.0055705950155973,0.06072344258782929,0.6724424501726961,0.4371124198948117,0.0853486372443895,0.0334632596993863,0.37167427069695336,False
32,60.0,17,14,1.996163345027784,0.061731728816264236,0.6694621007064063,0.4339738284655758,0.08367910369494615,0.03329859003465451,0.37167427069695336,False
32,61.0,17,14,1.9916799617407097,0.06218957890091495,0.668095653686594,0.4325362334128476,0.0824214144204631,0.033067181470957115,0.37167427069695336,False
32,62.0,17,14,1.991053880535867,0.06220776696703982,0.6679918930280123,0.43242710704428855,0.08152250103741569,0.03280758461071377,0.37167427069695336,False
32,63.0,17,14,1.9930575375653763,0.06192596030935294,0.6687476552421564,0.4332220711125723,0.0809694126954499,0.03256422703530345,0.37167427069695336,False
32,64.0,17,14,1.9966319319942087,0.06146906419897982,0.6700133646909345,0.43455404861322355,0.08076556905606304,0.03237034799874271,0.37167427069695336,False
32,65.0,17,14,2.0011352276121714,0.060915582338907766,0.6715732850550886,0.4361966806525236,0.08090852787099224,0.03223818581388229,0.37167427069695336,False
32,66.0,17,14,2.0063070256321436,0.0603007597840018,0.6733347570836925,0.43805289807466036,0.08137435195066972,0.03216055796851668,0.37167427069695336,False
32,67.0,17,14,2.0119528690083457,0.059651288070494725,0.6752275257552398,0.44004902171354465,0.08211125691244103,0.03212084234854117,0.37167427069695336,False
32,68.0,17,14,2.0176460170779698,0.05901667264983794,0.6771088508639195,0.4420346164897929,0.08304322801844008,0.032103508842468084,0.37167427069695336,False
32,69.0,17,14,2.0227839424707525,0.05846134449470803,0.6787829829590264,0.44380278506991216,0.0840818884947608,0.03209802505671694,0.37167427069695336,False
32,70.0,17,14,2.02701144181827,0.05801932147417572,0.6801384153111658,0.4452351897134892,0.08514235480422509,0.03209482079621425,0.37167427069695336,False
32,71.0,17,14,2.0306347014237343,0.05765265727185468,0.6812812681772362,0.4464435101415882,0.08615751576632479,0.03207884072791775,0.37167427069695336,False
32,72.0,17,14,2.0345865856830305,0.057258269352793476,0.6825222447289764,0.44775614905218336,0.08708592562652612,0.03202847157353035,0.37167427069695336,False
32,73.0,17,14,2.0398390047859736,0.05673252081916577,0.6841833267179913,0.4495140637326967,0.08791059556927253,0.03192284496948555,0.37167427069695336,False
32,74.0,17,14,2.0466265094319627,0.05605361474723979,0.6863433591082749,0.45180152170765137,0.08862814402146278,0.03175224182981986,0.37167427069695336,False
32,75.0,17,14,2.054065350421907,0.055317257086040295,0.6887140481764421,0.45431394035211614,0.08922971761443421,0.03152181281623077,0.37167427069695336,False
32,76.0,17,14,2.0605150102467094,0.05469157749639638,0.690759811547247,0.45648351167665185,0.08967753091716975,0.031242641510553625,0.37167427069695336,False
32,77.0,17,14,2.0644909488121455,0.054321078714948345,0.6919979344164342,0.4577972124040678,0.0898839216142971,0.03091364581239513,0.37167427069695336,False
32,78.0,17,14,2.065526759779866,0.054244898802062354,0.6922811114137661,0.4580977418525172,0.08970177329180305,0.030505248180535564,0.37167427069695336,False
32,79.0,17,14,2.064433319955725,0.05437641248756354,0.6918811870984634,0.45767331823268276,0.08893348692996773,0.029955416225313898,0.37167427069695336,False
33,0.0,17,14,-1.2117167909022637,0.24692100678863005,-0.4457371629037125,0.2227688267732143,0.3388887846742741,0.9235139816331758,0.5271106943998731,False
33,1.0,17,14,-1.1963934137711179,0.25257868202513745,-0.440024436134414,0.21828506274261414,0.3027491353668773,0.7196851241846184,0.5331423370492395,False
33,2.0,17,14,-1.1543817572393562,0.26869504543727607,-0.42444944489275005,0.20634574100260067,0.26924206085352076,0.5446467920364786,0.5473819842376199,False
33,3.0,17,14,-1.0580575923227595,0.30870875735780007,-0.3888210792874155,0.18064295872385489,0.23999308253462992,0.4046558756993465,0.5774073976819136,False
33,4.0,17,14,-0.858013103043023,0.4056206354814905,-0.3149271147881478,0.13473717816992603,0.21587360879968243,0.29966935503336184,0.6323602842492813,False
33,5.0,17,14,-0.476357504527725,0.6408824222706585,-0.17428919421594843,0.07534992750308665,0.1970587480331352,0.22570979370465888,0.7712625139073827,False
33,6.0,17,14,0.16723869287216228,0.8691461222255578,0.06068143973275544,0.05303577841564234,0.18303698974327323,0.17669353571691296,0.915244245996006,False
33,7.0,17,14,1.0155323011128936,0.32050569267861806,0.362628785959646,0.16321384659391772,0.17279320422533623,0.14600937325619906,0.5866102116573335,False
33,8.0,17,14,1.7475808283512007,0.09146398697314848,0.6136377127084213,0.3761782225832145,0.1652291537880447,0.12777860291913545,0.4164214041053914,False
33,9.0,17,14,2.113988751234479,0.043236550387060285,0.735514561651148,0.5041643504145153,0.15962783016347143,0.11754944291692804,0.37167427069695336,False
33,10.0,17,14,2.150660694360656,0.04003866718254944,0.745521728159055,0.5148428722531279,0.15586448771104328,0.11237460947600401,0.37167427069695336,False
33,11.0,17,14,1.9802353385787999,0.0574707992497372,0.6842534321706041,0.4495882784519561,0.15421399004726807,0.11048325097233415,0.37167427069695336,False
33,12.0,17,14,1.72972911175064,0.09500010504558792,0.5949393639471013,0.35736793483234863,0.15486147006410506,0.11082228179803008,0.4219426641275907,False
33,13.0,17,14,1.4926733859449175,0.14773843533496087,0.5108285766280662,0.27761456631612785,0.15740323560874847,0.11264625203455814,0.45499807121749514,False
33,14.0,17,14,1.3018257041161065,0.2052865504727378,0.4437250665180768,0.2211832489080452,0.16063480580806816,0.1152269497678801,0.49362796487719396,False
33,15.0,17,14,1.1521150646433305,0.26104784565623596,0.3917505783614073,0.18267031366769457,0.16277005560890942,0.11770359378667787,0.5407649577095887,False
33,16.0,17,14,1.0299465100904777,0.3138401072608335,0.3499323341208824,0.1552205088476434,0.16200049262697197,0.11908670658451971,0.5826493215858729,False
33,17.0,17,14,0.9253168722151545,0.3643912723915598,0.3145726738617,0.1345414874120884,0.1571175830636915,0.11841566830712658,0.6071180207780037,False
33,18.0,17,14,0.8332169245493957,0.41302390467537353,0.2837564583395145,0.11842563890703028,0.14789911020004337,0.11501928234834821,0.6345716060615669,False
33,19.0,17,14,0.7518398823308909,0.45922639026707157,0.2567246313343893,0.10574656692261289,0.1351121840203178,0.1087609941447105,0.660741745995495,False
33,20.0,17,14,0.6805250091156675,0.5021846829304066,0.23315758870558428,0.09579541149046399,0.12019539345289791,0.10012969214690388,0.6864235403684469,False
33,21.0,17,14,0.6182683430668446,0.5415357024674388,0.21265317394220676,0.08796461051467855,0.10480842568745363,0.09010602591744717,0.7111359928181061,False
33,22.0,17,14,0.5635091276574292,0.5775374875737547,0.1946324956314858,0.08171097421447825,0.09042991735580902,0.07985840748471128,0.7330646386449607,False
33,23.0,17,14,0.5163883221444557,0.6095223019616853,0.17909326804685907,0.07678572292516021,0.07810179052561678,0.07041267618064681,0.7529393141879642,False
33,24.0,17,14,0.483034974484604,0.632697715769807,0.16811389936770382,0.07356425917230103,0.06834030551766342,0.062432879104260944,0.7661692665737212,False
33,25.0,17,14,0.47601417027298,0.6376395393030498,0.16609216738779975,0.0729942605958842,0.06118890792321746,0.056167499582581104,0.7699337034229446,False
33,26.0,17,14,0.5071578762456092,0.6159064670322221,0.17725879522578827,0.07623262768850866,0.05636308708864235,0.05152772656420753,0.7581854090903599,False
33,27.0,17,14,0.5815709574999317,0.565400329791441,0.20348475266376,0.08470985889162769,0.05342394613483653,0.048225254543106506,0.726219222262093,False
33,28.0,17,14,0.6986661430441609,0.4904007527624038,0.24456431657245933,0.10048427292674716,0.051921575258363134,0.04590675917983778,0.678585410057319,False
33,29.0,17,14,0.8545475435492247,0.39988963886219164,0.299034244347857,0.12619353874671652,0.05147444080722092,0.04425059947256056,0.629266610579046,False
33,30.0,17,14,1.0413301535172312,0.306387531067398,0.36396064524983346,0.16406965250048616,0.0517849793712291,0.04301556614415395,0.5759765597089467,False
33,31.0,17,14,1.2452380656873716,0.22302962030211892,0.4343308841499747,0.21387190528758573,0.05261725057809602,0.042047126404937914,0.5132194590651368,False
33,32.0,17,14,1.447484180085628,0.15848946870077257,0.5034535501852188,0.2710695563837114,0.053769681029277906,0.04125623109799131,0.4614997159102095,False
33,33.0,17,14,1.629319258666229,0.11414472486998291,0.5648093615087588,0.32780673158260293,0.05506498662189355,0.040589425029628735,0.4447293241154772,False
33,34.0,17,14,1.7782864157827798,0.08612699078665512,0.6142385035434322,0.3767879029182847,0.05635920207170611,0.04000553111160127,0.40509091087344107,False
33,35.0,17,14,1.8913480266731182,0.0691910483187955,0.6509438756057512,0.4145748649604863,0.05755552949997034,0.03946544208590066,0.37756204633930146,False
33,36.0,17,14,1.9734018026157458,0.05900766067658646,0.6768732572145595,0.44178588305010896,0.058606390259646736,0.03893254235819694,0.37167427069695336,False
33,37.0,17,14,2.0330172345519735,0.05266055091655821,0.6951808130594923,0.4611765075252334,0.05949819277507339,0.038376707353766686,0.37167427069695336,False
33,38.0,17,14,2.0782828691801747,0.04840360664013885,0.7087745233515464,0.4756383308338959,0.060227506072551895,0.03777614753791445,0.37167427069695336,False
33,39.0,17,14,2.1147545655114386,0.045290818335446625,0.7196170828883134,0.4871979477119034,0.06078313187537514,0.03711615036494257,0.37167427069695336,False
33,40.0,17,14,2.145618414696014,0.04284252092377097,0.7288016565289109,0.4969991157582491,0.061142797501851094,0.03638761650577959,0.37167427069695336,False
33,41.0,17,14,2.1726910347017254,0.04080957116137825,0.7369204379544478,0.5056648824012431,0.061282106325559645,0.03558820298866454,0.37167427069695336,False
33,42.0,17,14,2.1969440096081057,0.03906387272782836,0.744270344252916,0.5135079465932153,0.061186119849729645,0.034725633203237787,0.37167427069695336,False
33,43.0,17,14,2.2184190882939268,0.03757174174111828,0.7508422058189091,0.5205165463868202,0.060854945931428456,0.03381983314020175,0.37167427069695336,False
33,44.0,17,14,2.236185251505989,0.0363767455543272,0.7563108762201366,0.5263439751279191,0.06030129560373697,0.032900875859906906,0.37167427069695336,False
33,45.0,17,14,2.248736575348026,0.03556072629042694,0.7601663406342541,0.530449090961888,0.05954395796740661,0.032002902120087155,0.3680206581185868,False
33,46.0,17,14,2.2546219389031696,0.03520113130912603,0.7619223493338646,0.5323177687577103,0.058602455631143364,0.03115721504109275,0.36655723511982474,False
33,47.0,17,14,2.252889980374783,0.03534996623243108,0.761263942160837,0.5316171974437066,0.0574954734229553,0.030387932759895635,0.3672309855990158,False
33,48.0,17,14,2.243151365927852,0.03603980935919939,0.7580648629364338,0.528211906936749,0.05624246029892825,0.029711059010263236,0.3706951819803366,False
33,49.0,17,14,2.225367353246595,0.03730533648752727,0.7523103369282924,0.5220814670729331,0.05486648686042971,0.029135189351788878,0.37167427069695336,False
33,50.0,17,14,2.1996588927213825,0.039201018567589604,0.7440262554611865,0.5132475449045198,0.05339670778502415,0.02866166765350654,0.37167427069695336,False
33,51.0,17,14,2.1664005871401413,0.04179509913701343,0.7333079266997432,0.5018090472047982,0.05186923729155095,0.028283789731360347,0.37167427069695336,False
33,52.0,17,14,2.1265866825894872,0.0451314898739694,0.7204482873778335,0.4880847112641893,0.0503255469901557,0.027986545556770905,0.37167427069695336,False
33,53.0,17,14,2.082120491098492,0.04917549990054805,0.7060482721472316,0.4727347088548816,0.04880829726697493,0.02774851590647474,0.37167427069695336,False
33,54.0,17,14,2.0356385607339997,0.053781441329172334,0.690970964478441,0.4567075199438438,0.04735586011249301,0.027545921142274474,0.37167427069695336,False
33,55.0,17,14,1.989845404972397,0.05871665852277418,0.6761206636049937,0.44099147210277423,0.045997603926334917,0.0273571513824535,0.37167427069695336,False
33,56.0,17,14,1.9467551043129083,0.06373873941451233,0.6621767223738118,0.4263198531124465,0.04475144490131846,0.02716595919595219,0.37224014675451,False
33,57.0,17,14,1.9072906875633682,0.06867918693842268,0.6494418634774844,0.4130100036840176,0.04362376805084158,0.02696277615286826,0.3767982227964955,False
33,58.0,17,14,1.8713653855775672,0.07348445712937153,0.6378597388317242,0.4009923047818533,0.04261087300602719,0.026744832199399306,0.38862713948796695,False
33,59.0,17,14,1.8382140548646795,0.07820878540606817,0.6271319749176414,0.3899453366182509,0.041701237697534504,0.026515750997823575,0.39135597034099956,False
33,60.0,17,14,1.806707645915544,0.0829861566086988,0.6168422937886372,0.37943382645557105,0.040878645807950385,0.026284434471293215,0.40062282500751145,False
33,61.0,17,14,1.7756599528559402,0.08798805452659776,0.6065789322086326,0.36903898730748025,0.04012661758154854,0.02606261949795341,0.40746531737791847,False
33,62.0,17,14,1.7442963380479382,0.09334338518501772,0.5960994876646055,0.35852531310825003,0.0394339097657182,0.025861167252376246,0.41967052750445083,False
33,63.0,17,14,1.7128171079318553,0.09902217893244394,0.5855106530201954,0.34801209168014763,0.038799276073984514,0.025686334657073328,0.4288850081539885,False
33,64.0,17,14,1.682678353821574,0.10474334187214998,0.5753425018681579,0.33802772116010454,0.03823251669344178,0.025537788770797237,0.4400947712762131,False
33,65.0,17,14,1.656256215068388,0.10999100947091149,0.5664179368035851,0.3293593482552243,0.03774975372259636,0.02540932468895443,0.44173037311747676,False
33,66.0,17,14,1.6359269343314673,0.11418248916774354,0.5595379818835071,0.3227402234481733,0.037364074868933735,0.025291653894662,0.4447293241154772,False
33,67.0,17,14,1.622998414070498,0.11692757322251973,0.5551300848434935,0.3185293794231477,0.037076126449257014,0.025175524739126258,0.447563788741945,False
33,68.0,17,14,1.6171009188724819,0.11821793613637688,0.5530564975799569,0.3165567472501763,0.036870104378496214,0.025053715355101664,0.447563788741945,False
33,69.0,17,14,1.6164024101630434,0.11840848292313354,0.5526960574850895,0.3162144001139129,0.03671787874727245,0.024921683393597054,0.447563788741945,False
33,70.0,17,14,1.6184848419296454,0.11801266178132336,0.5532386591314188,0.316729826381267,0.03658935371457487,0.02477754937479178,0.447563788741945,False
33,71.0,17,14,1.621348419953476,0.11746193595712816,0.5540149789532688,0.3174679017574109,0.036463578765958196,0.024621904977817483,0.447563788741945,False
33,72.0,17,14,1.624055290037009,0.11696004334154785,0.554704590289882,0.3181241666541813,0.03633476412311062,0.024457285162003423,0.447563788741945,False
33,73.0,17,14,1.6267798872126953,0.11647560743348516,0.5553513174127779,0.31874015486882923,0.03621020075282521,0.024286967738746452,0.447563788741945,False
33,74.0,17,14,1.63026476137423,0.11585986758424267,0.5561873418563958,0.3195372063380804,0.03610107007157941,0.024113048883882698,0.44711618118268226,False
33,75.0,17,14,1.6349388955567914,0.11503101435869334,0.5573484706045837,0.32064562879780134,0.03600984820705297,0.0239338082959889,0.44620634109983337,False
33,76.0,17,14,1.6402474702006036,0.11410851666553025,0.5586580141218699,0.3218977033001838,0.03591865378838563,0.0237401988481042,0.4447293241154772,False
33,77.0,17,14,1.6447402803128295,0.11338522096486883,0.55965722577702,0.3228544649081936,0.03578227151174401,0.023511692666929176,0.4447171312552054,False
33,78.0,17,14,1.6469354548518766,0.11314688433890419,0.5598871387898458,0.323074781240028,0.03552845681515129,0.023213016724215108,0.44447412086366106,False
33,79.0,17,14,1.6463126147379423,0.11347919699945333,0.559210676798137,0.3224267375587604,0.03506631481383787,0.022794449304092673,0.4447293241154772,False
34,0.0,17,14,-0.9174632736373888,0.3750876464800029,-0.33714189902056546,0.14747097776561302,0.33630444800654963,0.6285934994129814,0.6132826795952279,False
34,1.0,17,14,-0.8945348460848289,0.38678952211037343,-0.3287136964638069,0.14253123319447214,0.30135511304169116,0.5289936839151578,0.6214278582838004,False
34,2.0,17,14,-0.8588811405741134,0.40544689941174217,-0.31557665985084776,0.1350964092212669,0.2689967819939913,0.43686169392016944,0.6323602842492813,False
34,3.0,17,14,-0.8018714245787661,0.43646991465464524,-0.29452614399344784,0.12385608133946613,0.24073738485896054,0.35642030323586343,0.6470278415708562,False
34,4.0,17,14,-0.7077150822261414,0.4909167358198331,-0.2597020987627043,0.10707667028319008,0.2173555416157249,0.28985400050042603,0.678585410057319,False
34,5.0,17,14,-0.5490044791626474,0.591407768999495,-0.20098816291935437,0.0838498337275035,0.19900424117406063,0.23770769183092105,0.741650946941392,False
34,6.0,17,14,-0.28682527621513015,0.7779126369448972,-0.10440865716335514,0.05901857262087708,0.1852542666936498,0.19905510560811848,0.8572210984367595,False
34,7.0,17,14,0.10023433420742693,0.9211578012344549,0.03606663853927262,0.05107117241868317,0.17525447738586675,0.17182429734003266,0.9501083452363693,False
34,8.0,17,14,0.5414666606111826,0.5928203526434604,0.1916939200060318,0.08074653814540804,0.1680639296600181,0.1534135002712201,0.7417953413228882,False
34,9.0,17,14,0.8852151531028902,0.3833448245074115,0.3089760984341908,0.13148271187527938,0.16301624693334024,0.1413769630063075,0.6184631906368913,False
34,10.0,17,14,1.0571686745740287,0.2993118006537938,0.36571493972599045,0.16520190212294744,0.1598969894368024,0.13386245446459116,0.5690424274972165,False
34,11.0,17,14,1.0893513642827741,0.28553039213137577,0.37474183728045146,0.17111771850461457,0.15881296711359663,0.12966553228344596,0.5599516126735209,False
34,12.0,17,14,1.044377746055527,0.3059553486890507,0.3577161454134687,0.16008553486509544,0.15981399226222415,0.12799438025699575,0.5753787154450805,False
34,13.0,17,14,0.9731879591107125,0.33995749176113965,0.3320855767297279,0.14449156150632514,0.16247204200041437,0.12814403684322606,0.5961636508881453,False
34,14.0,17,14,0.902337871763668,0.3761077600466455,0.3069613214701482,0.1303958922926069,0.1656618049343234,0.12925926477549204,0.6134250654732615,False
34,15.0,17,14,0.8391554810010379,0.41025112029466715,0.28483274412852405,0.11895860387273906,0.16769894423449438,0.1302836893948178,0.6345716060615669,False
34,16.0,17,14,0.7820487923833629,0.4425758220838323,0.265107294385226,0.10953325077378344,0.16680929882169507,0.13009874595325271,0.6488022522694923,False
34,17.0,17,14,0.7268208781497117,0.47510265985290523,0.24629463024516163,0.10121641842952094,0.16171920867986594,0.1277784032056858,0.6709910580162952,False
34,18.0,17,14,0.6685613412095222,0.5107587397921717,0.22666371371813537,0.09323248229178313,0.15209004768731424,0.12284244042412772,0.6941650857003505,False
34,19.0,17,14,0.6013370800521785,0.5536397333223422,0.2041381707080955,0.08493680076070297,0.13861306707270646,0.11539373473855753,0.7171277964391171,False
34,20.0,17,14,0.5173843552055674,0.6097599583868635,0.17601309651751934,0.07586044846294084,0.12276167370509494,0.10607517822793133,0.7530483191055604,False
34,21.0,17,14,0.4072531261965584,0.6873498915245562,0.13897784396185586,0.06604119290541499,0.10634350694175644,0.09586199203076343,0.8020313209517449,False
34,22.0,17,14,0.26335530799954504,0.7943416288945171,0.09026271747838366,0.056731533678282285,0.0910358702744074,0.08577739923471815,0.8678694579727653,False
34,23.0,17,14,0.09049476388836407,0.9285437715462759,0.03118940450289851,0.05080092417843271,0.07804586189726008,0.0766445047686511,0.9539055459831289,False
34,24.0,17,14,-0.07955406583831379,0.9371426992436586,-0.027575980617688765,0.050626027287617295,0.06796469673124164,0.06895343392512546,0.9599998382496014,False
34,25.0,17,14,-0.19285801145267603,0.8484145731503316,-0.06710715700189986,0.05371424373785143,0.0608151538225138,0.06285753550265728,0.902186074228963,False
34,26.0,17,14,-0.2111765598117065,0.8342266020789169,-0.07354165227262963,0.0544626290750987,0.056232078554169285,0.058258674742194635,0.8936242453725273,False
34,27.0,17,14,-0.1363137930899233,0.8925156303539047,-0.04739826545808213,0.05185087204973335,0.05368254366343878,0.05492355871022919,0.9303575547018985,False
34,28.0,17,14,0.006152280881478352,0.9951336269705341,0.0021333585715980286,0.05000374537413309,0.05263953699660089,0.052584849197100804,0.9962272105300329,False
34,29.0,17,14,0.1881282271383956,0.8521156656631779,0.06502506345386483,0.0534868715132186,0.052665900795165574,0.05100338109694124,0.9043299547151856,False
34,30.0,17,14,0.38530267906996335,0.7029602577877049,0.13274021397515742,0.06462239047628825,0.053417223674825265,0.04998813859908151,0.8120375198831153,False
34,31.0,17,14,0.5766104807060087,0.5690123198657757,0.19804158155271817,0.08284921295154817,0.05460594748513772,0.04938520886011203,0.7283180591751619,False
34,32.0,17,14,0.7455870724539307,0.46261453942994923,0.25540991800974244,0.10516447302517859,0.05597244364484051,0.049054805861522076,0.6626393008468316,False
34,33.0,17,14,0.883765068090691,0.3851723101666107,0.3021130059528898,0.12781171425004495,0.057287459786216376,0.048855165046103696,0.6200377051912457,False
34,34.0,17,14,0.9919193112210783,0.3308973705552546,0.33852640475884155,0.14829511362031514,0.05837973048877593,0.04864409655648881,0.591391045247689,False
34,35.0,17,14,1.077561396290946,0.291923161442572,0.3672388037032139,0.16619003958690928,0.05916170802548289,0.04829724421235941,0.5628510840361756,False
34,36.0,17,14,1.150641981526988,0.2614486256020008,0.39162487550621977,0.18258300138809025,0.05962826311939435,0.04773228349644273,0.5411503380016771,False
34,37.0,17,14,1.2196246435619638,0.23497535404512376,0.4145672266564031,0.19898988036103918,0.059824860851087236,0.046924880634681435,0.5219645178872445,False
34,38.0,17,14,1.288998852200823,0.21049371952594037,0.4376349223202491,0.2164261320067221,0.05980476817583343,0.04590670076570623,0.5004375265388927,False
34,39.0,17,14,1.3587511451472605,0.18792507787457746,0.4608862288768135,0.23492530826183686,0.05960055584846295,0.044745644738435016,0.47677425995219336,False
34,40.0,17,14,1.425666023031205,0.16809489146197323,0.48327942118618095,0.25358443750627296,0.05922088966413906,0.04351801348521282,0.46517824412467296,False
34,41.0,17,14,1.4854738673511674,0.15179552843184183,0.5033836853243212,0.27100793871868434,0.05866392692125494,0.04228554088106775,0.4584048785785354,False
34,42.0,17,14,1.5346365976756118,0.13934868973093137,0.5199867819065933,0.28585207418961456,0.05793032877538982,0.04108554855790503,0.4538520427582829,False
34,43.0,17,14,1.5710840977376415,0.13064202052189677,0.5323602049806379,0.29716916871954485,0.057025992425100876,0.03993389400186908,0.4538520427582829,False
34,44.0,17,14,1.5939433158500538,0.12538213097084722,0.5401849175582873,0.3044334075502566,0.05595743717871437,0.03883423672892259,0.44997254716019536,False
34,45.0,17,14,1.6028160167217378,0.12334070043075332,0.5433166988703547,0.3073635342044238,0.05472924900213467,0.037786838643783065,0.44927341787840686,False
34,46.0,17,14,1.5972439561404026,0.12449225384063475,0.5416039806553044,0.30575951113873967,0.05334924802013034,0.03679389866181049,0.44927341787840686,False
34,47.0,17,14,1.5766799897131085,0.12903861692564972,0.5348685927791724,0.29948897676172037,0.051838560030064984,0.03586191075845324,0.45351203883140845,False
34,48.0,17,14,1.54090755755127,0.13734791998710283,0.5230361335835735,0.2886213547718495,0.05023859496493545,0.035002124884238046,0.4538520427582829,False
34,49.0,17,14,1.490676350831562,0.14981594252424416,0.5063443529237732,0.2736254661059841,0.04860883474086891,0.03422903868152308,0.45726674950143176,False
34,50.0,17,14,1.428245739343996,0.16664572844859807,0.4855299738253681,0.25550393674637223,0.047015979038871725,0.03355669397523894,0.46517824412467296,False
34,51.0,17,14,1.3574898349776896,0.1875860913020333,0.46187600256719247,0.23573284879057607,0.04552079624494799,0.032994086859941964,0.4767419610157134,False
34,52.0,17,14,1.2834069693675534,0.21173760303883635,0.4370586607835058,0.2159792935380044,0.044169564582882355,0.03254211081494087,0.5015729333271333,False
34,53.0,17,14,1.2112587332914206,0.23754151764098186,0.41286090127017494,0.1977372332708679,0.042992286029779794,0.03219321468304404,0.5219645178872445,False
34,54.0,17,14,1.1457585529703023,0.26298357920093995,0.39089203916500065,0.18207454926160666,0.042004341983521175,0.031932463750191056,0.5434912685640811,False
34,55.0,17,14,1.0905735326038026,0.28593942753164875,0.3724082396094451,0.16957400988578958,0.041206880800512935,0.031737901821155844,0.5599516126735209,False
34,56.0,17,14,1.048127791744909,0.3045485436249536,0.3582371273807715,0.160415171622279,0.040584701357985434,0.03158012875036315,0.5733749196375667,False
34,57.0,17,14,1.0195296764573916,0.31754531434556765,0.3487498955310965,0.1544913096008839,0.040104691053310534,0.03142357134646168,0.5850822902465691,False
34,58.0,17,14,1.0044485242940204,0.3245293076315122,0.34382155431259803,0.15148006263912972,0.03971877985013437,0.031231957512122745,0.588094615583916,False
34,59.0,17,14,1.0009385574561596,0.3261335195129973,0.342776562554606,0.15084737758526706,0.03937267769077409,0.030977503525772745,0.5886080349129416,False
34,60.0,17,14,1.0054525633112275,0.3239696481090111,0.3443998321028735,0.15183105235951624,0.0390182139425444,0.030649819635351988,0.588094615583916,False
34,61.0,17,14,1.0133695584291897,0.32024311247020143,0.34712074766133855,0.15349088842226177,0.03862509185760235,0.03025955830243482,0.5866102116573335,False
34,62.0,17,14,1.020114276253219,0.3171075691993981,0.34939458670687473,0.15488856253742353,0.03818764076839463,0.029834288206231647,0.5850822902465691,False
34,63.0,17,14,1.0224974262209876,0.316020447839254,0.3501546883773956,0.15535792310030572,0.037723609216268376,0.029408281395041057,0.5847696140239772,False
34,64.0,17,14,1.019602585366272,0.3173859814927681,0.34910786139013417,0.1547117895284067,0.03726512745444923,0.02901103946380501,0.5850822902465691,False
34,65.0,17,14,1.012691437618797,0.320630468977392,0.3466961794221596,0.15323098227164897,0.03684544783918444,0.02865954305826271,0.5866102116573335,False
34,66.0,17,14,1.0041644280215947,0.32465770197598764,0.343740126738699,0.15143068963661221,0.03648673641573947,0.028356563387155993,0.588094615583916,False
34,67.0,17,14,0.9961908543689333,0.3284558521189479,0.3409732676570894,0.14976036721026773,0.03619305581841241,0.02809394302455168,0.5899980845201608,False
34,68.0,17,14,0.9897578654834465,0.3315489931544291,0.3387230309173126,0.14841244657987018,0.03595004088544396,0.027857868158457966,0.5914667282866679,False
34,69.0,17,14,0.9844998879427647,0.334101621385929,0.33685822458326203,0.14730256021414004,0.035730424291625484,0.027633659024563058,0.5929127365440431,False
34,70.0,17,14,0.9791157054074158,0.3367348476309575,0.3349346869464882,0.1461645174497856,0.0355029719419404,0.02740929064166118,0.5950306791250162,False
34,71.0,17,14,0.9719070794034964,0.3402749518720809,0.3323788710798043,0.14466307973620457,0.03524130925133377,0.02717782012316022,0.5961636508881453,False
34,72.0,17,14,0.9611249382617993,0.3455983152444412,0.32860295691566155,0.14246721225269388,0.03492913164530275,0.026938512141301642,0.5977681990874191,False
34,73.0,17,14,0.9451550804313886,0.35356355570327824,0.323064131795627,0.13929434382886358,0.03456013095866916,0.026695769168497967,0.6007957925638983,False
34,74.0,17,14,0.9227697771686332,0.36491382827657515,0.3153473507942819,0.13496949965056418,0.03413375414296041,0.02645522182569416,0.6077877377772435,False
34,75.0,17,14,0.8935684848023046,0.3800634590860218,0.305315162765627,0.12951355114595112,0.03364949876863292,0.026217549787743426,0.616394745701796,False
34,76.0,17,14,0.8584537300633163,0.39880618108933297,0.2932718583267431,0.12321248532124837,0.03310187007219617,0.02597188613753817,0.628946324350733,False
34,77.0,17,14,0.8197890485304951,0.4201095024053362,0.2800197374237935,0.11659202051864329,0.032476622635755285,0.025691260542028516,0.6392016061252701,False
34,78.0,17,14,0.7809687018197502,0.4421971161059318,0.26671403014321504,0.11027393263457805,0.03174822923619471,0.02533222806436483,0.6484937488668066,False
34,79.0,17,14,0.7454762467957419,0.4629976966777226,0.25454274285815615,0.10478227691780405,0.030879020279964572,0.024839622128787577,0.6628620022195041,False
35,0.0,17,14,0.7018932738846417,0.4900185978471565,0.23816818623626676,0.09782567016530419,1.166375048050925,0.7875168200472343,0.678585410057319,False
35,1.0,17,14,0.7363979341336397,0.46922312995965776,0.24979592839162104,0.10271478706025271,0.9627776539100049,0.6505610864385784,0.6680464901120552,False
35,2.0,17,14,0.7811393073734295,0.4430456170986642,0.2648895931535676,0.10943326209632301,0.7764448737742164,0.5258128032363149,0.6493020965912379,False
35,3.0,17,14,0.8384419850779518,0.41083999758863976,0.2842542398515231,0.11867186635228212,0.6154403065403211,0.41862580240371156,0.6345716060615669,False
35,4.0,17,14,0.9114450149925413,0.3719913468618897,0.3089922230570347,0.13149144051974168,0.48326948638685086,0.3311461333653881,0.6120915403799949,False
35,5.0,17,14,1.0037284105779232,0.3264028320014738,0.3404035497459617,0.14941820625509772,0.3800689914160112,0.2631897157719304,0.5887867835674402,False
35,6.0,17,14,1.1177171300713538,0.2754704036856501,0.37949994300066214,0.1742962414784986,0.30334460045198214,0.21285432486342473,0.5537621512229568,False
35,7.0,17,14,1.2507528465834268,0.22330446082232047,0.42574894190936524,0.2073257886063434,0.24884104733166879,0.17719017524378342,0.5132194590651368,False
35,8.0,17,14,1.388605433378069,0.1770406892974686,0.47484838125569495,0.2464646459231244,0.21167011344922368,0.15294748843918507,0.4686376134474036,False
35,9.0,17,14,1.50049037919205,0.14489841057778452,0.5165292381469979,0.2827280012669199,0.18733679185773344,0.1371687262689805,0.4538520427582829,False
35,10.0,17,14,1.5479667100693708,0.13257161576872467,0.5364384729966584,0.3009451307492566,0.17228445431614023,0.12746147653795833,0.4538520427582829,False
35,11.0,17,14,1.5145212944238529,0.140729655955381,0.5263801542571563,0.2916731912097872,0.1639036609897715,0.1220057232045434,0.4538520427582829,False
35,12.0,17,14,1.4223156095109812,0.16568545649148766,0.493031723782843,0.26195906173665096,0.16021279678860867,0.11944555119323834,0.46517824412467296,False
35,13.0,17,14,1.306859518352494,0.20201331572894254,0.45026293652189436,0.22636028285744375,0.15947437045705093,0.1187581236561271,0.48822946481411916,False
35,14.0,17,14,1.1898074560729495,0.24497111141708378,0.40735257557413046,0.19372879311091348,0.15995250635964375,0.11911641051500087,0.5271002533364808,False
35,15.0,17,14,1.0780699639088145,0.2917284769352596,0.36735393029411423,0.16626486658557676,0.15992189888238134,0.11975543460628801,0.5628510840361756,False
35,16.0,17,14,0.9727738499168915,0.3408545679612893,0.33054620910176247,0.14359397580646072,0.15791162412377865,0.11989187576257497,0.5961636508881453,False
35,17.0,17,14,0.8751461655837326,0.3908059605408931,0.2970116439933048,0.125140119251635,0.15303722591072355,0.11875978736135154,0.6233793962384591,False
35,18.0,17,14,0.7889263386089851,0.438467585339154,0.26771450886011555,0.11073755919659105,0.14521988241720435,0.11576998104144134,0.6478676722689346,False
35,19.0,17,14,0.7214099647376297,0.4780961791580235,0.24491373492838314,0.10063167785736592,0.1351603312531886,0.11071038211400797,0.6721184579104499,False
35,20.0,17,14,0.684099203382639,0.5008362494984018,0.23237639584144532,0.09548302058329165,0.12407881566454734,0.1038567570765405,0.6858815860618905,False
35,21.0,17,14,0.6922562163971113,0.4957655435828354,0.23520468792807425,0.09661932412223836,0.11334557800080694,0.095906382084306,0.6821344088609038,False
35,22.0,17,14,0.7601793631943468,0.4549754515637029,0.2582089177278434,0.10640758142033294,0.10414641135689981,0.08775403552721961,0.6592406674933616,False
35,23.0,17,14,0.889186356679961,0.38334900943445405,0.30182596144068186,0.12766009646169485,0.09727477403840196,0.08022032740526534,0.6184631906368913,False
35,24.0,17,14,1.0581717908352946,0.3014108309192103,0.3589123057072797,0.16084312000992537,0.09307356762464215,0.0738548035479052,0.5710942059521878,False
35,25.0,17,14,1.2356563949246782,0.22977812221168564,0.41874858289324696,0.20208128666372907,0.09150110091276009,0.06887479386158953,0.5192739239144261,False
35,26.0,17,14,1.4004257898902503,0.17582239236088493,0.4740340237689595,0.24578293618678604,0.09226965891544833,0.06522169471372148,0.4686051916826489,False
35,27.0,17,14,1.5452707687559266,0.13748432531044424,0.5222914831011918,0.28794389177170604,0.09499580853690673,0.06267266459271661,0.4538520427582829,False
35,28.0,17,14,1.6701906437585197,0.11049323799785833,0.5635976044493537,0.32663914080010925,0.0993096807138129,0.060949657780737534,0.44198097885139914,False
35,29.0,17,14,1.7769721083840042,0.09133720056153989,0.5986747942072995,0.36109926231773926,0.10489671821690837,0.05979597061064316,0.4164214041053914,False
35,30.0,17,14,1.8668535759360962,0.07767007121416934,0.6280460105217783,0.3908831869868041,0.11148120198254208,0.05901541021444774,0.391185760243823,False
35,31.0,17,14,1.9402113030148964,0.06799482958212327,0.651912890851094,0.41558516183879973,0.11878845101895627,0.05848051398161843,0.37670994472380653,False
35,32.0,17,14,1.9972853676947595,0.06130496610292728,0.6704006567083153,0.434961769816778,0.12652519480453348,0.058119184879532555,0.37167427069695336,False
35,33.0,17,14,2.0390331386222496,0.05685309291577806,0.683849286904255,0.4491604687781458,0.13439378742654132,0.05789077566352332,0.37167427069695336,False
35,34.0,17,14,2.0674858028760013,0.05403913187497892,0.6929397870390075,0.4587968739503352,0.14212469179325277,0.05776354492007172,0.37167427069695336,False
35,35.0,17,14,2.0854780871179326,0.05237046238382101,0.6986117358727696,0.4648223564938974,0.14949844664283707,0.05770211334367516,0.37167427069695336,False
35,36.0,17,14,2.096047409703904,0.05145276375273517,0.7018693289590773,0.4682868197155201,0.1563414024272665,0.05766602792355159,0.37167427069695336,False
35,37.0,17,14,2.101922933393407,0.05098358057377047,0.7036147063966619,0.4701440647686959,0.16250258182895647,0.0576140488627065,0.37167427069695336,False
35,38.0,17,14,2.105306503865991,0.05073829467191931,0.7045758132941109,0.4711670593312784,0.16783021037673335,0.05750832664061865,0.37167427069695336,False
35,39.0,17,14,2.1078440112852,0.050555862419021165,0.7052961877802458,0.47193394848614606,0.17216109890165238,0.057317182259554664,0.37167427069695336,False
35,40.0,17,14,2.1106093692708257,0.050333954079864664,0.7061290113404934,0.4728206803848325,0.1753260264445883,0.05701877394863632,0.37167427069695336,False
35,41.0,17,14,2.114059143511428,0.05003118863426691,0.7072221920174019,0.4739848312842505,0.17716900425038506,0.05660647841822874,0.37167427069695336,False
35,42.0,17,14,2.1180230990666797,0.049666586371876625,0.7085157646927737,0.47536267768065305,0.17757564238948115,0.0560926737081255,0.37167427069695336,False
35,43.0,17,14,2.12178131680913,0.049310370343134916,0.7097676627918738,0.47669642298566245,0.176501951396173,0.055506424901446506,0.37167427069695336,False
35,44.0,17,14,2.124221233276599,0.04906774668938938,0.7106054538503529,0.4775891384820323,0.17399313794582824,0.05488441216240346,0.37167427069695336,False
35,45.0,17,14,2.124028308565313,0.04906179655838692,0.7105890412223704,0.4775716487381722,0.17018644161195992,0.05425947530059001,0.37167427069695336,False
35,46.0,17,14,2.1198592687682125,0.049421364432110114,0.7092677163782632,0.47616375777945286,0.16529919016363936,0.053652527403156125,0.37167427069695336,False
35,47.0,17,14,2.1104887342278333,0.05027453721216619,0.7062286088887175,0.4729267341822727,0.1596063499008009,0.053070970869328056,0.37167427069695336,False
35,48.0,17,14,2.0949679801699888,0.05174228998711473,0.7011496672100371,0.4675212355694451,0.15341102299866916,0.05251350199340978,0.37167427069695336,False
35,49.0,17,14,2.0728062531183955,0.053927593359936195,0.6938612343742547,0.4597751353420322,0.14701204899814235,0.05197929436824875,0.37167427069695336,False
35,50.0,17,14,2.0440857944760684,0.056903821738971974,0.6843868323624701,0.4497295029268613,0.1406759967786759,0.051477907132190505,0.37167427069695336,False
35,51.0,17,14,2.0093952066493586,0.060712616639363205,0.6729234119638797,0.43761930183572506,0.1346206205247686,0.05103434383021045,0.37167427069695336,False
35,52.0,17,14,1.9696112173146079,0.06537380123765459,0.6597686250904746,0.4237959720547024,0.12901003694891583,0.05068411708800839,0.3745270779600481,False
35,53.0,17,14,1.9257304669431197,0.07089247770980955,0.6452609937996419,0.4086616742088378,0.12395431269995083,0.050458383442223455,0.3811827131930065,False
35,54.0,17,14,1.8789160103344678,0.07724145545386712,0.6297896301129974,0.39267402649859995,0.11950675783464147,0.05036646254564308,0.391185760243823,False
35,55.0,17,14,1.8307036544665274,0.08431206371196795,0.6138596117578241,0.37640336830156795,0.11566165148786209,0.050385690135591396,0.40232961400724976,False
35,56.0,17,14,1.783177106864227,0.09184862742171852,0.5981530707597773,0.3605772899309004,0.11236331006930729,0.05046351704174889,0.4170786141171027,False
35,57.0,17,14,1.7389951330055375,0.0993923496256402,0.5835456878664498,0.3460739428345379,0.1095335931772799,0.05052902794464433,0.429094679493622,False
35,58.0,17,14,1.7012521542812535,0.10626684012107543,0.5710659856109542,0.333862613516445,0.1071097903289971,0.050508135968519455,0.44044808734393104,False
35,59.0,17,14,1.6730901554040736,0.11165808649358964,0.5617652076134,0.32487684028955965,0.10507173879824967,0.05033953095316363,0.44264461086039397,False
35,60.0,17,14,1.656930238377669,0.11484033438995613,0.5564555982709954,0.31979313934315473,0.10344005640386567,0.04999077566614598,0.44620634109983337,False
35,61.0,17,14,1.6534516561840193,0.11550023880328705,0.5553652133549092,0.31875339599657293,0.10224663325379689,0.0494714333047363,0.4468500279075229,False
35,62.0,17,14,1.6608754154366387,0.11395737576363085,0.5578988194193254,0.32117157140916136,0.10149813463034842,0.04883648372742784,0.4447293241154772,False
35,63.0,17,14,1.675176326072157,0.11107827695871235,0.5627125621590645,0.3257874557892663,0.10115606039642508,0.04817500213363994,0.44255692954301207,False
35,64.0,17,14,1.6913147104558275,0.1079141692559373,0.5681293509143781,0.331014546549636,0.10114167601637843,0.04758644104879795,0.4404672051291093,False
35,65.0,17,14,1.7048924939819945,0.1053083916982367,0.5726928108385494,0.33544462212816367,0.10135636282863351,0.04715364709657875,0.4400947712762131,False
35,66.0,17,14,1.7134016258236597,0.10368480354285979,0.5755810948476621,0.3382607041425166,0.10170277948506361,0.04692271397390786,0.4382931335490076,False
35,67.0,17,14,1.7165414762788307,0.10305235976522063,0.5767073779615258,0.33936136076499507,0.10209947033564594,0.04689558947526625,0.43797758295837375,False
35,68.0,17,14,1.7156156803202813,0.10315067281182334,0.5765129334228173,0.33917123981475966,0.10248947310193278,0.04703600299335904,0.43797758295837375,False
35,69.0,17,14,1.7124550859475436,0.1036448367719569,0.5756039847573021,0.338283059183501,0.10284440736811827,0.047285222130276326,0.4382931335490076,False
35,70.0,17,14,1.708469268220738,0.10428700536472574,0.5744349543996571,0.3371420940186975,0.10316282543340567,0.04758139987280855,0.4400947712762131,False
35,71.0,17,14,1.7042743104704723,0.10497852129496103,0.573188269749477,0.3359270282964177,0.10346170586862297,0.047874948759276593,0.4400947712762131,False
35,72.0,17,14,1.6999760308819387,0.10571422298153184,0.5718763333787328,0.33465026127514247,0.10376307639648677,0.048133995675431016,0.44044808734393104,False
35,73.0,17,14,1.695772849555219,0.10646544061551659,0.5705507874395521,0.3333622370988487,0.10407940492152468,0.04833921722963956,0.4404672051291093,False
35,74.0,17,14,1.6923341518646549,0.10710400044968361,0.5694338583329134,0.33227848552202627,0.10439995908815451,0.04847332190039944,0.4404672051291093,False
35,75.0,17,14,1.6906240296210227,0.10743470195285217,0.568859284540247,0.33172153799808957,0.1046786827500936,0.04851219142570219,0.4404672051291093,False
35,76.0,17,14,1.691330428186526,0.10731055877446859,0.5690763647798214,0.3319319140945968,0.10482455182097687,0.048420781297591316,0.4404672051291093,False
35,77.0,17,14,1.6943657597819195,0.10673783588674328,0.5700751597614028,0.3329005625069847,0.10469656797173206,0.04815192039637763,0.4404672051291093,False
35,78.0,17,14,1.6987837477244276,0.10589486343828557,0.5715518674636647,0.33433479471705596,0.10410571557993403,0.047645723104712996,0.44044808734393104,False
35,79.0,17,14,1.7031088991743395,0.10506346405239259,0.5730165578680664,0.3357598086978315,0.10282590647638724,0.04683098685090791,0.4400947712762131,False
36,0.0,17,14,0.47325909821679035,0.6401822233327248,0.16156658383562175,0.071744392668529,0.7720742315523391,0.6591087559022487,0.7709721399275825,False
36,1.0,17,14,0.5257084368300637,0.603516646382779,0.18020058872027886,0.07712247024260604,0.6599236254610218,0.5618899386209164,0.7490085933930574,False
36,2.0,17,14,0.6026017832736861,0.5516657560531063,0.20768177538834476,0.08618095053600637,0.5557742601963671,0.47096818102880617,0.7169936316950304,False
36,3.0,17,14,0.7131689685266565,0.4814696143428323,0.2474208873230514,0.10169593195534951,0.46380270925015027,0.3900407595488602,0.6748207308339257,False
36,4.0,17,14,0.8660419570069928,0.39361207552331823,0.3025050212256595,0.12801902682243846,0.38586108662313917,0.32097783097754684,0.6250905535020284,False
36,5.0,17,14,1.063087827013233,0.2967686303530158,0.3731135405149664,0.17003952123859253,0.3222293415674739,0.26440208389517317,0.5680346045408328,False
36,6.0,17,14,1.2903692862985106,0.20743165140216824,0.4530093868678923,0.22855656013856107,0.27208941017626875,0.21996073933661306,0.4966534551386831,False
36,7.0,17,14,1.5091291496180548,0.1421437508081676,0.5271931344650196,0.2924174809663501,0.23393785789226088,0.18653754604283942,0.4538520427582829,False
36,8.0,17,14,1.6568827879970256,0.1084067400740354,0.5743765277534614,0.33708511018176884,0.20599186172401385,0.16253232411169086,0.4404672051291093,False
36,9.0,17,14,1.6824722594912906,0.10374676752459644,0.5795525034038065,0.34214799200309387,0.18649499107373632,0.14616269655623298,0.4382931335490076,False
36,10.0,17,14,1.5965031472064035,0.12216348617036622,0.548062819745219,0.31182824537484644,0.17384291076485403,0.13569596064193004,0.44927341787840686,False
36,11.0,17,14,1.4579540582685238,0.156839163333359,0.499459072765991,0.26755831872749897,0.16654748018899598,0.12958207142316172,0.4614997159102095,False
36,12.0,17,14,1.3164786927700383,0.1999030081873367,0.44991095369771644,0.22607972565367385,0.16312242237763167,0.12651149059927572,0.487330725131833,False
36,13.0,17,14,1.1897545218488965,0.24577288208224596,0.40544689105123893,0.1923546187568715,0.16198827571062607,0.1254190097002818,0.5271002533364808,False
36,14.0,17,14,1.0744298080813903,0.29379218071960117,0.36519240101410877,0.16486405294401227,0.16148353220727232,0.12543906923099507,0.5651574774148053,False
36,15.0,17,14,0.9604600323477875,0.3471564008515593,0.32587582683118493,0.14089783163413128,0.16002611039302275,0.1258280798627705,0.5977681990874191,False
36,16.0,17,14,0.8386009705304759,0.4107366649160177,0.2843348544143558,0.11871178579348166,0.1563873535101636,0.12589594316296496,0.6345716060615669,False
36,17.0,17,14,0.7027984816856522,0.4895139089811622,0.23838957007477787,0.09791643495329647,0.14995853933410627,0.12499834722644805,0.678585410057319,False
36,18.0,17,14,0.5508146556999334,0.5871399143746407,0.1871032210284258,0.07927076740698447,0.14087092124286574,0.12261221656553296,0.7397811698076996,False
36,19.0,17,14,0.38524790900980815,0.7035003392923733,0.13115801959351064,0.0642731794948441,0.12989818834617917,0.11846097503460191,0.8122890515540805,False
36,20.0,17,14,0.2160043354344556,0.8307571966896597,0.07374264957177958,0.054487120596207514,0.11818012300150578,0.11261256680569941,0.8912409303078086,False
36,21.0,17,14,0.06376589559898066,0.949649311337734,0.021829756476334592,0.05039225425097818,0.10688453195855936,0.10547757473374204,0.9672088847211879,False
36,22.0,17,14,-0.03988007408011427,0.9684880521956623,-0.013682082046248746,0.050154067673665065,0.09693088262123317,0.09768998199297142,0.9800022971451849,False
36,23.0,17,14,-0.06361912310592424,0.9497453909692776,-0.02185070884710174,0.050393007769146736,0.08884817591691407,0.089921859532504,0.9672088847211879,False
36,24.0,17,14,0.003677771947205392,0.9970927678054722,0.0012632807053603633,0.0500013133079603,0.08277357711273507,0.08271654531426989,0.9978847398212033,False
36,25.0,17,14,0.14608852781073509,0.8849513708289972,0.05014734695395546,0.05207207235193241,0.07855026486847551,0.0764027697143886,0.9257274613902337,False
36,26.0,17,14,0.33475440220705366,0.7404687221286128,0.11477829675992525,0.060910540335730345,0.07586398939152461,0.07109833316724791,0.8347041734574387,False
36,27.0,17,14,0.5436014127733085,0.5913888316814502,0.186112207414473,0.0789571213756226,0.07436434515066262,0.06676856226114893,0.741650946941392,False
36,28.0,17,14,0.7547597039452563,0.4573947775353988,0.2579887970716142,0.10630929514161555,0.073739321816735,0.06329563298102722,0.6605092768355517,False
36,29.0,17,14,0.9574086707173741,0.34768197034739323,0.32674319512025274,0.1413954681363567,0.0737389200875889,0.060532354055513694,0.5977681990874191,False
36,30.0,17,14,1.1450872210190093,0.263442295456756,0.39025672797013394,0.1816345500832401,0.07416469630400384,0.058335519018081525,0.5434912685640811,False
36,31.0,17,14,1.3134244135226478,0.20165991524051893,0.4471418597913224,0.2238798293625098,0.07485009324765013,0.0565841749167151,0.48822946481411916,False
36,32.0,17,14,1.458878084213047,0.15794418818604283,0.4962868158511396,0.2647869305385929,0.07565071313010772,0.05518708874247087,0.4614997159102095,False
36,33.0,17,14,1.5787253214276908,0.12797051637736712,0.5368405207135662,0.301318582144822,0.07644988323249242,0.05407983950825813,0.45292935571764764,False
36,34.0,17,14,1.6721763746218767,0.1079741520128254,0.5685755589891682,0.3314466568621801,0.07717170953235385,0.053212393828600976,0.4404672051291093,False
36,35.0,17,14,1.741860931105915,0.09478832954025763,0.5923680202147862,0.3548074653982731,0.07778844290842069,0.05253316743182803,0.4219426641275907,False
36,36.0,17,14,1.7943716901414577,0.08575424685286356,0.6103678959642136,0.3728655867786529,0.0783131733090266,0.051979979716269574,0.4050622344315205,False
36,37.0,17,14,1.83869004381868,0.07873756746485994,0.6254915540323349,0.38826381545523303,0.07877879658852548,0.05148564084647676,0.3920994274369567,False
36,38.0,17,14,1.882743042774886,0.07233017381418357,0.6403226041459192,0.40354023659666904,0.07921324880016908,0.05099550749417635,0.38575509556400883,False
36,39.0,17,14,1.9302741896133622,0.06600633380204596,0.6561168998801724,0.4199747671885233,0.07962338530677483,0.0504839145159473,0.37515081204231615,False
36,40.0,17,14,1.980401641460496,0.059917127031715665,0.672663789458793,0.43734567466292834,0.07999388387067186,0.04995604751677759,0.37167427069695336,False
36,41.0,17,14,2.0299385477107,0.054407305253495776,0.6890197555605999,0.45463806216284797,0.08029742534348104,0.04943334692668034,0.37167427069695336,False
36,42.0,17,14,2.076155961807229,0.04966091402029809,0.7043734699997553,0.4709516702948489,0.08050620956888972,0.048933909739387944,0.37167427069695336,False
36,43.0,17,14,2.1178307895561583,0.04566474462281201,0.7183636912092152,0.4858609036429107,0.0805975366359165,0.048462273780482054,0.37167427069695336,False
36,44.0,17,14,2.1545087148302478,0.042345331889211114,0.7308341750657237,0.49916857798377046,0.08055410238492093,0.04801346346109098,0.37167427069695336,False
36,45.0,17,14,2.1852062282607605,0.039694239027194066,0.741419346945951,0.5104660915713998,0.0803642209072604,0.04758423936714381,0.37167427069695336,False
36,46.0,17,14,2.2075200229144447,0.03781776836203126,0.7492751475508235,0.5188458333625277,0.08002448901916492,0.04718136611227353,0.37167427069695336,False
36,47.0,17,14,2.2174788218351655,0.03693315529749488,0.753059308167252,0.5228796879458855,0.07954215057880773,0.046823523081130865,0.37167427069695336,False
36,48.0,17,14,2.2100921254647057,0.037358051860413445,0.7511327765347355,0.5208262990786979,0.07893344433677084,0.04654060757156492,0.37167427069695336,False
36,49.0,17,14,2.180476572630179,0.039522439656053863,0.7419313966062872,0.51101246839787,0.07821858633802663,0.046372254260225045,0.37167427069695336,False
36,50.0,17,14,2.1257202691835335,0.0439712364898875,0.7245535583211318,0.49246520427544577,0.07741870266585218,0.04635928261481175,0.37167427069695336,False
36,51.0,17,14,2.0476816823304325,0.05122604279922963,0.6996281822085106,0.46590307115658425,0.07655940851014167,0.04652099135860483,0.37167427069695336,False
36,52.0,17,14,1.9557686882358594,0.06128966283142785,0.6701805574831847,0.4347300519543457,0.07567894097591994,0.04682504707318995,0.37167427069695336,False
36,53.0,17,14,1.8670590835519811,0.0727802770532781,0.6416953602523198,0.4049622269975749,0.07483141001483755,0.047173300773912484,0.38652539130508073,False
36,54.0,17,14,1.8016383559331146,0.08251251930366892,0.6206817883639463,0.38334594747340367,0.07407629900473785,0.04742544191863513,0.3998683627793186,False
36,55.0,17,14,1.7746206267544689,0.08685687289118066,0.6121050937527386,0.3746243571564602,0.07345630436323744,0.04745764393203745,0.4051982585428691,False
36,56.0,17,14,1.7891544498119083,0.08444718165299081,0.6170366749327314,0.37963158601647307,0.07297798789912775,0.04722427759982367,0.40232961400724976,False
36,57.0,17,14,1.834175742217417,0.07741110883987382,0.6318645683167846,0.3948081757005063,0.07261055771212274,0.04678285281380718,0.391185760243823,False
36,58.0,17,14,1.8887972368016042,0.06959509940077717,0.649760820016804,0.413342189637204,0.07230487061180725,0.04626378011774152,0.3787897418789599,False
36,59.0,17,14,1.9323238970119738,0.06389106458584429,0.6639928298776241,0.42822532138687797,0.0720192322316557,0.04580222679317099,0.3724578396068788,False
36,60.0,17,14,1.954291857201517,0.0611772529043584,0.6711766831717622,0.4357789422947973,0.07173458220968822,0.0454737460811633,0.37167427069695336,False
36,61.0,17,14,1.957572177672878,0.060780613793737,0.6722526768291227,0.43691244810059454,0.07145145331778013,0.045270989516587666,0.37167427069695336,False
36,62.0,17,14,1.9530342532034188,0.06133369665851343,0.6707434083278965,0.4353226599426595,0.07117517629932016,0.045129066438342115,0.37167427069695336,False
36,63.0,17,14,1.9510152138228303,0.06159568522226188,0.669992372099547,0.4345319507091118,0.07090325200369574,0.04497507577012325,0.37167427069695336,False
36,64.0,17,14,1.9560549540916157,0.061016607238730425,0.671468032563504,0.43608581175544925,0.07062558672721822,0.04476742357198985,0.37167427069695336,False
36,65.0,17,14,1.9671175149648263,0.05973998202055038,0.6748510508324199,0.43965186392609096,0.07033770471579781,0.04450653113817399,0.37167427069695336,False
36,66.0,17,14,1.9810124001954008,0.058166351221525886,0.6791501868551129,0.4441907686784199,0.07005625068160815,0.044221539391174625,0.37167427069695336,False
36,67.0,17,14,1.995584205398672,0.05654887468497792,0.6837217242205686,0.44902544924735577,0.06982240018583845,0.04394790573665813,0.37167427069695336,False
36,68.0,17,14,2.010915543831654,0.05487459289642359,0.6886315172422425,0.4542264434395136,0.0696858410088901,0.04370742858275416,0.37167427069695336,False
36,69.0,17,14,2.0287763130829672,0.052962524265760806,0.6944530124388374,0.4604035324603655,0.06967608784543543,0.04349722282745816,0.37167427069695336,False
36,70.0,17,14,2.051171470777105,0.05064519276077506,0.7017886335338336,0.4682009689970905,0.06977886367726004,0.043292783121039145,0.37167427069695336,False
36,71.0,17,14,2.078514127547122,0.04795544378712243,0.7106899830873539,0.47767921584449047,0.06993395954045106,0.04306622983382603,0.37167427069695336,False
36,72.0,17,14,2.108084746993761,0.045225382400107254,0.7201916330839593,0.487810894993786,0.07005758568110283,0.04281047711114923,0.37167427069695336,False
36,73.0,17,14,2.134028120733963,0.04299301674822411,0.7283551686750616,0.49652255670830003,0.07007655821134308,0.04255194444146051,0.37167427069695336,False
36,74.0,17,14,2.149647830531332,0.041754756140667794,0.7330454562504864,0.5015288884629588,0.06995447736545513,0.042339533887877555,0.37167427069695336,False
36,75.0,17,14,2.150804488216192,0.0417503988398301,0.7330265144986684,0.5015086701745535,0.0696947763273178,0.04221423533057039,0.37167427069695336,False
36,76.0,17,14,2.137790458005085,0.042914127429793676,0.7285287411291036,0.4967078187265232,0.06931793443796863,0.04217778749324106,0.37167427069695336,False
36,77.0,17,14,2.1141127729601368,0.04499158331271043,0.7208093705837835,0.4884699493285512,0.06882335338289636,0.0421785330867368,0.37167427069695336,False
36,78.0,17,14,2.083304045025836,0.04776045670550184,0.7110865888461115,0.47810186864929966,0.068154440016732,0.04211959327415947,0.37167427069695336,False
36,79.0,17,14,2.0464604866425673,0.051239740012581574,0.6997165452969308,0.4659970335759437,0.06718465645646765,0.04188030311942343,0.37167427069695336,False
37,0.0,17,14,-0.8344641692207531,0.41828480523929523,-0.30625657799483896,0.13001752922592152,0.32431006113497896,0.570983835749354,0.6383379572595639,False
37,1.0,17,14,-0.7888039210352211,0.44359506381377733,-0.2894720397034588,0.1212806669579359,0.28597114254056505,0.469354192731033,0.6495407093612544,False
37,2.0,17,14,-0.7217960411875886,0.4824272895294772,-0.2647997907145308,0.10939204206413596,0.25038577883840096,0.37677007081368824,0.675398205341268,False
37,3.0,17,14,-0.6204890901891098,0.5448619387632794,-0.22745319163781533,0.0935399521342599,0.21910414224317368,0.2974011164804708,0.7130845394422592,False
37,4.0,17,14,-0.4612897390094644,0.6513950942031916,-0.16876960913374844,0.07375067338869509,0.19290665130522638,0.23308338232448547,0.7772355858173627,False
37,5.0,17,14,-0.20402837901105453,0.8409133842419998,-0.07429946383157818,0.05455532115514508,0.17199839347043766,0.18385563940593233,0.8978717969022316,False
37,6.0,17,14,0.20203390915177977,0.8419799751594059,0.07278513851759996,0.05437105329186036,0.1561134441200513,0.1483001787045796,0.8984892956249115,False
37,7.0,17,14,0.7493252736777486,0.46023831965170137,0.2646614983430473,0.10932859402066451,0.14465139587609696,0.12401999404042562,0.6614203396192115,False
37,8.0,17,14,1.2538284405765445,0.22015548624203624,0.4332768751336747,0.2130610506573251,0.1368802713501346,0.10830614707117224,0.5111334556479206,False
37,9.0,17,14,1.5151765931945276,0.1424871506286311,0.517079326800805,0.2832238969254605,0.1321298545415849,0.09875290551933677,0.4538520427582829,False
37,10.0,17,14,1.5560603503503092,0.13336627187805533,0.5289067760516382,0.29398931537517775,0.1298808916465499,0.09357028075534639,0.4538520427582829,False
37,11.0,17,14,1.4812399115730968,0.15228216249395818,0.5031646582735724,0.27081481381496325,0.12972252042431545,0.09155480310688255,0.4584048785785354,False
37,12.0,17,14,1.362390243752389,0.1864067449153473,0.4628410784621092,0.23652179131809525,0.13122112196027272,0.09185496919056502,0.4754192055454563,False
37,13.0,17,14,1.2391751966569862,0.22792603730975902,0.4209490441306351,0.20372054510894472,0.133776133725141,0.09370331899397896,0.5172304105737887,False
37,14.0,17,14,1.1324761672013228,0.2693310946976513,0.3845423040760892,0.177709882020003,0.13654201757817003,0.09624157552553661,0.5475710840162011,False
37,15.0,17,14,1.0515255615549721,0.3042847305004878,0.35682687006369973,0.15952403297134077,0.13847743501639329,0.09850207013070077,0.5732926021688836,False
37,16.0,17,14,0.998524038046463,0.3288774704225259,0.33861368708351475,0.14834718880389072,0.13853367250629975,0.09954068642707067,0.5902928956301747,False
37,17.0,17,14,0.9719620331496778,0.3417398814711109,0.3294263922101879,0.14294380646129118,0.1359236252479329,0.0986499105295732,0.5962745803869961,False
37,18.0,17,14,0.9686859649054844,0.3434017764882997,0.32820883491210184,0.14223954768078967,0.13036161585765335,0.09554309384846842,0.5968086046555279,False
37,19.0,17,14,0.9849967896181924,0.33553067736587683,0.333699373259772,0.14543729799237656,0.12217088297869265,0.09041867906603406,0.5940741368144629,False
37,20.0,17,14,1.0172056442060244,0.3203123900048746,0.3446139373865369,0.15196116303640775,0.11221430963386786,0.08387660925529293,0.5866102116573335,False
37,21.0,17,14,1.0616900882184102,0.3001099570457671,0.35967030638751907,0.16132456983018095,0.10167506580422617,0.07672763320410418,0.5696688019174153,False
37,22.0,17,14,1.1139917393340106,0.2775721494363667,0.37732464565205037,0.17283794264686522,0.091763892118158,0.06977295794405809,0.5546791331905806,False
37,23.0,17,14,1.1675775465770246,0.2557855036308725,0.39542252374889325,0.18523345040027592,0.08344899403917092,0.06362842909223422,0.5349711357266188,False
37,24.0,17,14,1.2163540083609208,0.23700396218886854,0.412031206299083,0.1971300051482344,0.0772918240094711,0.05863754529067761,0.5219645178872445,False
37,25.0,17,14,1.261702452003394,0.22039373788186997,0.4276386878380847,0.20875625051244545,0.0734273107206338,0.054878523056803394,0.511175535630292,False
37,26.0,17,14,1.3123371956270082,0.20292192764452466,0.44504354977650984,0.22222146750298166,0.0716651905639355,0.05223707407806886,0.48910880694806513,False
37,27.0,17,14,1.3749912932438806,0.18291728347227976,0.4663760914855262,0.23942468207627282,0.07164309458269258,0.05050059974481409,0.47301339594678804,False
37,28.0,17,14,1.4500786082295167,0.16114514654555923,0.49172995269519265,0.2608326809228852,0.07295826481589904,0.04943584728667737,0.4637119708175286,False
37,29.0,17,14,1.5342029430711723,0.13938313837788416,0.5199757147377345,0.2858420473559177,0.07523860710834518,0.04883321078303201,0.4538520427582829,False
37,30.0,17,14,1.6227811801010892,0.11922902176556406,0.5495974939176148,0.31327808091855924,0.07815681232812961,0.04852184603504158,0.447563788741945,False
37,31.0,17,14,1.7107776518085354,0.10176870894919546,0.578920691556203,0.34152840211191104,0.08141784496595916,0.04836951320948692,0.43491927011026504,False
37,32.0,17,14,1.7929403779512019,0.08756576371820185,0.6061946246446235,0.36865159410117954,0.08475225349719488,0.04827880389878113,0.40638254985242844,False
37,33.0,17,14,1.8646283031113888,0.07668917105340775,0.6298798568315381,0.3927667601117545,0.08793115541649257,0.048183869870638,0.391185760243823,False
37,34.0,17,14,1.9230787816851942,0.06879206709585968,0.6490757345386987,0.412628766945253,0.09079499252118445,0.04804628745381358,0.3767982227964955,False
37,35.0,17,14,1.9682755019382154,0.06325700742727422,0.6638044817161288,0.42802762561064894,0.09327163573941265,0.04784840587192407,0.37167427069695336,False
37,36.0,17,14,2.002669745162789,0.05937382171668792,0.6749100289029256,0.4397140780709736,0.09536202586057675,0.04758547404050551,0.37167427069695336,False
37,37.0,17,14,2.029663862257882,0.056521969909722136,0.6835493166132847,0.4488429728888229,0.09709308471604994,0.04725963463604882,0.37167427069695336,False
37,38.0,17,14,2.0516651543350912,0.05431762968606651,0.6905463201463934,0.4562570369187211,0.09846274253201169,0.04687729773578153,0.37167427069695336,False
37,39.0,17,14,2.0689662931433688,0.05265680502697595,0.6960222832458223,0.46207039421363855,0.09941075676270124,0.04644866614091477,0.37167427069695336,False
37,40.0,17,14,2.080080831350197,0.051631975750339905,0.6995073117664582,0.4657745446298649,0.09983353355741788,0.04598782949290175,0.37167427069695336,False
37,41.0,17,14,2.082975312043621,0.05139839461990539,0.7003481636970078,0.4666687320828297,0.09963227550530611,0.045513827817917886,0.37167427069695336,False
37,42.0,17,14,2.076109101349902,0.0520895098171273,0.6980530070118988,0.4642284125493138,0.09876294665390649,0.04505363871259325,0.37167427069695336,False
37,43.0,17,14,2.058677619580118,0.05381544133040208,0.6923725226831511,0.458194759829346,0.09725878932038756,0.0446448960593128,0.37167427069695336,False
37,44.0,17,14,2.030256158372097,0.05671427559599469,0.6831806839470661,0.44845284881834346,0.09521788027983241,0.04433234285167098,0.37167427069695336,False
37,45.0,17,14,1.9905073571672023,0.060998657723160384,0.670374531652333,0.43493426447512556,0.0927711112949386,0.04415330147373115,0.37167427069695336,False
37,46.0,17,14,1.9395490223049112,0.06693353637776937,0.653991693035014,0.41775443398515827,0.09005350623772633,0.044115859193691355,0.37670994472380653,False
37,47.0,17,14,1.8789431086382224,0.07470423148128985,0.6345336414069781,0.39755814247954463,0.08719230587408264,0.04418354018491597,0.3895878060827143,False
37,48.0,17,14,1.812405742013432,0.08421341540363769,0.6131993647246565,0.3757335874082977,0.08430963687339703,0.044281885642357154,0.40232961400724976,False
37,49.0,17,14,1.7451788516650895,0.09496144020106663,0.5916818520635626,0.35412532520045714,0.08152756522068717,0.04432992360290817,0.4219426641275907,False
37,50.0,17,14,1.6820910246226035,0.10618911909715227,0.5715324987258716,0.33431596697919863,0.0789636852349952,0.044279952867091396,0.44044808734393104,False
37,51.0,17,14,1.6257281687684568,0.11724363082348627,0.5535552936916149,0.31703077198210505,0.07671367906180075,0.04413917985710198,0.447563788741945,False
37,52.0,17,14,1.576193069736461,0.12783688207127275,0.5377242920559726,0.3021402493294358,0.07482717206361528,0.04395780709737752,0.45292935571764764,False
37,53.0,17,14,1.5323759769794758,0.13795995123175903,0.5236155866664285,0.289149062460254,0.07328888526753685,0.04379288847572468,0.4538520427582829,False
37,54.0,17,14,1.4931756055572614,0.1476605422222236,0.5108421092870666,0.27762664928199476,0.07201675466970517,0.04367502006388271,0.45499807121749514,False
37,55.0,17,14,1.4574352627638878,0.15705198286576527,0.4990597821193232,0.2672086491048086,0.07088362591214023,0.04360086997078436,0.4614997159102095,False
37,56.0,17,14,1.4229844146719506,0.1665885560615123,0.4876450976417763,0.25731513927948435,0.06975993356349852,0.04355247193799614,0.46517824412467296,False
37,57.0,17,14,1.3861902491914677,0.1772784943148748,0.47550324634327,0.2470136128886846,0.06856232845482772,0.04352239510077226,0.4686376134474036,False
37,58.0,17,14,1.3430781007385215,0.19048191611613113,0.46137919648755926,0.23532731091421644,0.06728410526555141,0.043520297057910044,0.4776423579080321,False
37,59.0,17,14,1.2918603718620063,0.20718515733727558,0.4446562658381685,0.2219162006319664,0.06598806758164877,0.04355440530894359,0.49629904609309355,False
37,60.0,17,14,1.2351931325867025,0.22702899711463706,0.4261211438069958,0.20760703759326357,0.06476349476068426,0.04360569172119226,0.5169438434240549,False
37,61.0,17,14,1.1798463628772895,0.2478452553587302,0.4079260629139291,0.19414360091000665,0.06367274359922982,0.043620358686683826,0.5276645374942022,False
37,62.0,17,14,1.1334084749657127,0.26642974564155697,0.3925612034145696,0.18323405591602698,0.06272069984356067,0.043529925981617035,0.5465225551621682,False
37,63.0,17,14,1.100818675465581,0.28008962669311566,0.38170700844556205,0.17578469031225152,0.061864962091389586,0.043284063740529524,0.555627624506437,False
37,64.0,17,14,1.083620669079539,0.28750482357536866,0.37594429754678205,0.17191706854774938,0.06105735414317896,0.04287288708201463,0.5609850216104755,False
37,65.0,17,14,1.0816132166633694,0.2883801231530074,0.37526354537500056,0.17146420429626147,0.06028685037329097,0.04232779183994535,0.5616754829765847,False
37,66.0,17,14,1.0943568539351827,0.2828589869012158,0.3795448201688761,0.17432641795115877,0.059593296184630606,0.04170656747213835,0.5584055205570418,False
37,67.0,17,14,1.1207962580125042,0.2716503310343933,0.3884230203019012,0.180368685720072,0.059041035114544206,0.041073463383524536,0.5495160770082967,False
37,68.0,17,14,1.157570507878585,0.25661213376145897,0.4007310470756804,0.1889820340894812,0.05866963117832975,0.04048018551424209,0.5362837254336592,False
37,69.0,17,14,1.1982633585710978,0.2407157610430905,0.414279977514721,0.19877864366974315,0.058455896775991535,0.039951472593404515,0.5243500915990251,False
37,70.0,17,14,1.235198057343515,0.2269605248515525,0.4264971790681695,0.20789142887800807,0.058313343572931005,0.03948177805866138,0.5169438434240549,False
37,71.0,17,14,1.2624075253479092,0.217237145462584,0.4354275376559735,0.21471760198648027,0.058127010136768735,0.039048655838087525,0.5078270932891574,False
37,72.0,17,14,1.2766290256017792,0.2122995211130631,0.44003854885535704,0.21829607084083444,0.057796894592529735,0.03863827008298127,0.5018019745875842,False
37,73.0,17,14,1.2755323528262783,0.212694425085128,0.4395979307189348,0.21795254401302383,0.05726298018352778,0.03826709415243627,0.5018632502008639,False
37,74.0,17,14,1.2555805048335091,0.21969255398642118,0.4329392738991957,0.21280173821729428,0.05650580489163703,0.03798360944320455,0.5111287170249619,False
37,75.0,17,14,1.2119471770890837,0.23561021143471972,0.4184146463133645,0.20183326232394322,0.055534996891914476,0.03784615175516776,0.5219645178872445,False
37,76.0,17,14,1.1409306822826772,0.2633941977081856,0.3946876219247987,0.1847185118834335,0.0543775560149489,0.037887704385198166,0.5434912685640811,False
37,77.0,17,14,1.0434285390576417,0.3054191608237293,0.36191822875901253,0.16275860913966939,0.05306584276374866,0.03808527408258799,0.5747993168601925,False
37,78.0,17,14,0.9268052501459295,0.3616780189819513,0.3224591596045564,0.1389512654499388,0.051620776683048986,0.03834845907105226,0.6060030637197589,False
37,79.0,17,14,0.8030449338072029,0.4285029480130542,0.2803066564956682,0.11673189007763334,0.050033129843640126,0.03853210676287882,0.6435010309480883,False
38,0.0,17,14,-0.8549309267017348,0.40757606412505754,-0.31415017538947804,0.13430852839714139,0.24273709750118797,0.44007079973579627,0.6330918888043886,False
38,1.0,17,14,-0.7931699121066353,0.44141980504264244,-0.2914082176170132,0.12226164572723851,0.22052011635451485,0.36456349675390437,0.6484937488668066,False
38,2.0,17,14,-0.7078239155567967,0.49103194255536553,-0.25995495495483084,0.10719038282603151,0.19906512003558752,0.2961129709214392,0.678585410057319,False
38,3.0,17,14,-0.5886556437221331,0.5656126580472156,-0.21600973647677973,0.08919418526057896,0.17915755180883772,0.23765470775732234,0.726219222262093,False
38,4.0,17,14,-0.41908149866048994,0.6813933715192302,-0.1534994897841203,0.06960549438521944,0.16127743724707913,0.19033212873089944,0.7988421941048895,False
38,5.0,17,14,-0.17518844423873553,0.863206644973095,-0.0639012654591174,0.053367150515129164,0.14573141020833663,0.15397615883824917,0.9113032029041472,False
38,6.0,17,14,0.16462672946930365,0.8710420207320281,0.0595154296263597,0.052920032037060555,0.1326984709768262,0.12742956912320827,0.9160848890747986,False
38,7.0,17,14,0.5758604744153698,0.5700506904398601,0.2049149246647129,0.08520757960810932,0.12224455422656619,0.10893162864885184,0.72901686876856,False
38,8.0,17,14,0.9338603111329287,0.3581239696227575,0.32616126701148385,0.14106144239330248,0.11434253632500326,0.09658814281626286,0.60241922435577,False
38,9.0,17,14,1.1121076816862474,0.27560212182457605,0.3834215440338395,0.17694712153891332,0.10889195543902763,0.0887656367100317,0.5537621512229568,False
38,10.0,17,14,1.1264181356390932,0.27022075272341284,0.3860791173833699,0.17875952189230532,0.10571479653538624,0.08426112254836089,0.5484635962898486,False
38,11.0,17,14,1.0579270453155565,0.3000836728934486,0.36173871188249807,0.16264374462066358,0.1045206575379549,0.0822441376218179,0.5696688019174153,False
38,12.0,17,14,0.9634514334043056,0.34462740257088575,0.32897759701227003,0.1426838922248745,0.10485835759815242,0.0820742427605236,0.5974195391678175,False
38,13.0,17,14,0.870515179188649,0.39254156077076163,0.29686184902291013,0.1250624065150448,0.10608181522788268,0.08311032695144116,0.6245118289255872,False
38,14.0,17,14,0.791048490181696,0.43674379306032796,0.26939784344009093,0.11152181838513832,0.10736039067981282,0.0845973145507335,0.6470278415708562,False
38,15.0,17,14,0.729490433593074,0.47300288214132724,0.24809531856130135,0.10198419536468688,0.10776059213080685,0.08567791192168492,0.669456480200025,False
38,16.0,17,14,0.6861060741275381,0.49960219123493055,0.23304209704296325,0.09574915723529617,0.10640571616742511,0.08552754814677359,0.6855418033825348,False
38,17.0,17,14,0.6582196320049266,0.5171585913689122,0.2233260527900026,0.09194515522986522,0.10267928803393979,0.08355117750096375,0.6967333067359843,False
38,18.0,17,14,0.640616186192447,0.528420215876789,0.21718275829734499,0.0896287023202895,0.09640022676243484,0.0795439242983674,0.7037741401329695,False
38,19.0,17,14,0.6256778508749495,0.5380374039080813,0.21204337568192763,0.08774341970689489,0.08789417522057341,0.07373596446199553,0.7093142860833717,False
38,20.0,17,14,0.6038319676416272,0.5521836142431615,0.20467203424410665,0.08512279043142709,0.07792363883009144,0.06670536726198267,0.7169936316950304,False
38,21.0,17,14,0.5649169550231445,0.5778253427700215,0.1916037997085744,0.08071720495093512,0.06749638964877853,0.05920449035965748,0.7331922778350727,False
38,22.0,17,14,0.500581297687188,0.6215302609433158,0.1699491222742302,0.07408790961667804,0.057617261002325,0.05196961846743777,0.7610439524080025,False
38,23.0,17,14,0.4074172990033772,0.6874709850034662,0.13848744803133742,0.06592721333765211,0.04906613317837719,0.04557113373409345,0.8020313209517449,False
38,24.0,17,14,0.2918865648176623,0.7729197949019045,0.09937578713481622,0.05816611669169379,0.042270597336699106,0.0403347681156618,0.8543091945310916,False
38,25.0,17,14,0.17774797380776683,0.8603791261563645,0.06065682068439245,0.05303331118440222,0.0373007616094853,0.03633869358677744,0.9090798314104983,False
38,26.0,17,14,0.10304162685066261,0.9187323745108376,0.035263486327111855,0.05102396752379213,0.03396310634024587,0.03346986733365509,0.9490492247457719,False
38,27.0,17,14,0.09381191074818535,0.9259649850523854,0.03218572837352297,0.050852938193882286,0.03193545041741343,0.031508722403083535,0.9528100295353251,False
38,28.0,17,14,0.14946696596716477,0.882296853365351,0.05136441682659807,0.05217400318437486,0.0308828132228258,0.03020912510316035,0.9242157773581201,False
38,29.0,17,14,0.25716464553073426,0.7989861387927104,0.08844635313517696,0.05646233695680295,0.03051996248708103,0.029351621479354568,0.8699265801501967,False
38,30.0,17,14,0.4031791007996226,0.6899608301871827,0.13869002595730115,0.06597424678988303,0.030620954588418944,0.02876542942743527,0.8032255345140161,False
38,31.0,17,14,0.5725213204872771,0.5716761208266234,0.19687739607111682,0.0824581669776224,0.03099991835490188,0.02832814116259414,0.7296144970793067,False
38,32.0,17,14,0.7474679783030683,0.4612546606642246,0.2568380885536949,0.10579695030384313,0.03149233947122574,0.027955921769241075,0.6620746358681969,False
38,33.0,17,14,0.9106119816561135,0.3706800514116151,0.3125381169162898,0.13342273284290448,0.03195437584398308,0.027593063648594807,0.6118209932461256,False
38,34.0,17,14,1.0501115340021123,0.30328379545393525,0.35990245627248624,0.16147223440642197,0.03227850626999332,0.027204202717579527,0.5729582939420218,False
38,35.0,17,14,1.162421962752269,0.25580961053594276,0.3977305804543768,0.18685702748859687,0.03240950346308389,0.02676948775841311,0.5349711357266188,False
38,36.0,17,14,1.2512260905536459,0.22250253038234682,0.42731550996700923,0.2085111762313364,0.03234449320409337,0.02628212629937116,0.5132194590651368,False
38,37.0,17,14,1.324129003726388,0.19788360537128385,0.45133307658013205,0.22721454559769355,0.032113620859699876,0.025746896656558632,0.4849298349539143,False
38,38.0,17,14,1.3886337522112502,0.1780312134658372,0.47247695672858664,0.24448245777193134,0.0317524186153132,0.02517740900334604,0.46888496040550004,False
38,39.0,17,14,1.4489050505474936,0.16095867830406776,0.4923238330298103,0.26134622396455987,0.031281721255636684,0.02459086622630306,0.4637119708175286,False
38,40.0,17,14,1.504788308235071,0.14625910205523185,0.5109565772447534,0.2777288654641998,0.030703835269891296,0.024001872416864776,0.45395636907619796,False
38,41.0,17,14,1.5529711687231271,0.13434385705495466,0.52734019415657,0.2925522126879782,0.03001229119311029,0.023418770125086596,0.4538520427582829,False
38,42.0,17,14,1.5885765789547328,0.12586609512253283,0.5398739631714972,0.3041431758005168,0.029205813523725407,0.022844718621104754,0.4505434086772482,False
38,43.0,17,14,1.60579768854117,0.12163057271352694,0.5466284823089866,0.3104759070589588,0.028297950872861022,0.022282217970004452,0.44927341787840686,False
38,44.0,17,14,1.5979840999079158,0.1228166682108098,0.5453702490871132,0.30929177186507223,0.027318888298573273,0.02173724781852385,0.44927341787840686,False
38,45.0,17,14,1.5590033159754362,0.131131437180676,0.5339641375674976,0.29865154155884516,0.02631073232600417,0.021219730415910215,0.4538520427582829,False
38,46.0,17,14,1.4869934753487966,0.14847920114917176,0.5115637326214574,0.27827135421315286,0.025319731969285202,0.020740009739833053,0.4554687606767046,False
38,47.0,17,14,1.3885018625919239,0.17577993015530152,0.48002322997003694,0.25082131714912603,0.02438875570751346,0.020304133305824118,0.4686051916826489,False
38,48.0,17,14,1.2785769866540924,0.21120552990630176,0.44409969111594244,0.2214779406436742,0.023552105340968462,0.019911734049189438,0.5012945636376218,False
38,49.0,17,14,1.1751057056616667,0.24952198338889917,0.40972595187252725,0.1954492859410001,0.02283329930530534,0.01955843952997603,0.529188353775513,False
38,50.0,17,14,1.0913186310135823,0.28418477979724555,0.3814789838124367,0.1756304974492307,0.02224523463210837,0.019241175271268434,0.5594887852258272,False
38,51.0,17,14,1.0315971698669637,0.3108915106679026,0.36101012812450445,0.16217816970151205,0.021791449247553687,0.01896216012681341,0.5800027718573387,False
38,52.0,17,14,0.992169078117067,0.3294159684859399,0.3471596008873536,0.15351468979125477,0.021467209115879453,0.018728053149489676,0.5904183787941455,False
38,53.0,17,14,0.9651462669783986,0.3425071470045179,0.33731884968820636,0.1475761094457733,0.021259674403597675,0.01854433066217685,0.5964755276646352,False
38,54.0,17,14,0.9431891222688452,0.35339326378758795,0.3290661051109503,0.14273512081014986,0.021147210285379435,0.018408733295278895,0.6007957925638983,False
38,55.0,17,14,0.9221508386096865,0.36405891383954314,0.3210918109159067,0.13817836688084886,0.021098886460959473,0.018308510209671974,0.6071180207780037,False
38,56.0,17,14,0.9006992235128797,0.37517548877297124,0.3130489214398598,0.13370288401818306,0.021075973744418882,0.018223543146079723,0.6132826795952279,False
38,57.0,17,14,0.878322534890384,0.38701587026383066,0.30484300279902804,0.12926140882677067,0.021036887791701906,0.01813340343827023,0.6215041516918357,False
38,58.0,17,14,0.8538620196456539,0.4002227069314497,0.2961240430201609,0.12468024913542525,0.020945032353676014,0.018024047128427905,0.629266610579046,False
38,59.0,17,14,0.8253269271848176,0.41596488522029784,0.2862318305325432,0.11965464601592023,0.020776460136670158,0.017890701346467117,0.636835668745535,False
38,60.0,17,14,0.790330943126629,0.43577204415128934,0.27434916713831,0.11385914177679628,0.020523459703218165,0.017736456454045157,0.6467288287757651,False
38,61.0,17,14,0.7464215420187849,0.4614234307866282,0.2596046683662464,0.10703288622727898,0.020192313135597106,0.01756858786687134,0.6620746358681969,False
38,62.0,17,14,0.6913624333614028,0.49484543479830456,0.24115152496017636,0.09905636606502373,0.019797182743998,0.017394928818975922,0.6816001014152628,False
38,63.0,17,14,0.6239608154976396,0.537599802189697,0.21844500685150023,0.09009906050642565,0.019354384236184193,0.017221221644109636,0.7090996053130074,False
38,64.0,17,14,0.5455405146826349,0.589726844926576,0.19177969597368258,0.0807744707950066,0.018880229353339495,0.01704931873371442,0.7412028175635769,False
38,65.0,17,14,0.46096628324355715,0.6485450829845867,0.16271256781065355,0.07205748667080528,0.018392093163737057,0.016876528886669007,0.7753005735868873,False
38,66.0,17,14,0.3778010888726153,0.7086863583794043,0.13383690668683235,0.06486697656799592,0.017909482042821473,0.016697174123652146,0.8154943676001094,False
38,67.0,17,14,0.30356663790731403,0.7640003241757715,0.10783744097874529,0.05962393040753001,0.01745219374563351,0.01650663248411984,0.8500538308329945,False
38,68.0,17,14,0.24264823232320973,0.8103359278266278,0.08635528629223765,0.05615930154118295,0.017035784661148797,0.016305906867854547,0.8769794022431187,False
38,69.0,17,14,0.19453168855836278,0.8474195747731698,0.06930197098202669,0.053961751992447946,0.016667457745204645,0.016103520061396315,0.9016991501565375,False
38,70.0,17,14,0.15421222606627585,0.878760449038199,0.05496703511439372,0.05249012991003779,0.01634535987027765,0.01591310832821813,0.9219940932750806,False
38,71.0,17,14,0.1145864447965054,0.9097539266670938,0.04086050939096493,0.051375102445003595,0.01606135083565907,0.01574820832910655,0.9424788880579964,False
38,72.0,17,14,0.06948187913246727,0.9452048862459768,0.024793324282258222,0.05050602190931519,0.015804606219652875,0.01561741347595427,0.9641434176643844,False
38,73.0,17,14,0.015493688493490736,0.98777390903383,0.005534631672925329,0.050025208709008256,0.015563572507313838,0.015521975687615222,0.9932921990284324,False
38,74.0,17,14,-0.04796338187489463,0.9621759190703019,-0.017158495742839043,0.0502423197565572,0.015326212773994733,0.01545555427634897,0.9757223576331595,False
38,75.0,17,14,-0.11931216027183103,0.9061361713256955,-0.04275408869219097,0.05150562519155638,0.015080183023294277,0.0154045487304645,0.9397017093603871,False
38,76.0,17,14,-0.19511297133835573,0.8471899418602125,-0.07003065517163261,0.0540457026988376,0.01481377755232344,0.015348161282712255,0.9016991501565375,False
38,77.0,17,14,-0.2702443104646122,0.7896905623660284,-0.09713173811834998,0.05779984404419122,0.014516560560733374,0.015258902632980536,0.8637240525878436,False
38,78.0,17,14,-0.3388335294966819,0.7382655689631057,-0.12190750700212409,0.06231761834204844,0.014178155911613194,0.015104869540262095,0.8331523662279563,False
38,79.0,17,14,-0.396053685118661,0.6963044793684696,-0.14258226005008282,0.06689172015460276,0.013785339220658563,0.014853972512123104,0.8070977517526486,False
39,0.0,17,14,-0.7676812067901626,0.4550591829780566,-0.28102965265845403,0.1170850221699074,0.3048125215255981,0.5045691460680881,0.6592406674933616,False
39,1.0,17,14,-0.717431087510996,0.48463346342600955,-0.2627191677752151,0.10844120650873125,0.2671508941678033,0.4141724613526111,0.6759914242460547,False
39,2.0,17,14,-0.6423863151190992,0.5307928291304472,-0.23527801871878817,0.09664898053821534,0.23232034177639105,0.3315300713962012,0.7044084349535503,False
39,3.0,17,14,-0.528464669133178,0.6052548821161623,-0.19351282083504184,0.08134167622194566,0.20157312537247882,0.26034101909798285,0.750206880564232,False
39,4.0,17,14,-0.3521139628930767,0.7297697429340575,-0.12880014525009886,0.063760763355445,0.17534547769291423,0.20227112387635016,0.828071833572656,False
39,5.0,17,14,-0.07620036814411099,0.9402351556272468,-0.027790968459818807,0.050635830374522434,0.15359149464216226,0.15743803411940369,0.961888341863996,False
39,6.0,17,14,0.34667562630000026,0.7329158953669623,0.12554265580333734,0.06306856616948314,0.13603133986023244,0.12471710123986525,0.8300890140785372,False
39,7.0,17,14,0.928903618789821,0.36262384315271956,0.33160299928202924,0.14420970039574574,0.12234873152061689,0.10214444333602125,0.606818662049417,False
39,8.0,17,14,1.5210552169836986,0.13921103610620036,0.5323342842695316,0.2971452410334782,0.11231922027770612,0.08746564260723104,0.4538520427582829,False
39,9.0,17,14,1.8449030550323424,0.07567530930271578,0.6363480843138632,0.3994305526653418,0.10582919875425578,0.07864007806125557,0.3899831890446703,False
39,10.0,17,14,1.8613660388798121,0.0738593697038331,0.6384828715400025,0.40163655971109746,0.10278364659569379,0.07410561879095538,0.389430577620311,False
39,11.0,17,14,1.733073014870894,0.09502081821127291,0.5934109284974702,0.3558451630086789,0.10295173629370802,0.07277216521666348,0.4219426641275907,False
39,12.0,17,14,1.5759183074196563,0.1274679711848435,0.5388485966024241,0.3031870434951458,0.1058232470784918,0.07384487506596109,0.45242153152930364,False
39,13.0,17,14,1.4342931398027599,0.16403841111759043,0.48961598736427386,0.2590090881850981,0.11054268117495854,0.07660690046117018,0.46508535341265483,False
39,14.0,17,14,1.319851666350041,0.1993411941701643,0.4497537868809598,0.22595451902454272,0.11595888459005338,0.08026561385950283,0.4867633811131919,False
39,15.0,17,14,1.233289805673736,0.229767072614398,0.4195331811903391,0.20266480396092582,0.12078259055916532,0.08392448347430467,0.5192739239144261,False
39,16.0,17,14,1.1722619449250624,0.2532715595291509,0.3981505966303436,0.18715351721026738,0.12380332707035804,0.08668594074947798,0.5332032832192651,False
39,17.0,17,14,1.1334714590980066,0.26915062863567074,0.3844812054110556,0.17766824077723434,0.12410579028488138,0.08782832361993108,0.5474250073945846,False
39,18.0,17,14,1.1131534429252041,0.27779134328386573,0.3772557521796002,0.17279189877258247,0.12124294004910974,0.08696578790829006,0.5546791331905806,False
39,19.0,17,14,1.1077958875186855,0.2801341599419424,0.3753000250250827,0.1714884504846319,0.11533840922140133,0.08411699391707421,0.555627624506437,False
39,20.0,17,14,1.1156688561820451,0.27677037799957416,0.3780525994777381,0.173324990851128,0.1070858505116966,0.07966028807402506,0.5544319407341594,False
39,21.0,17,14,1.1389872482086443,0.2669091414626563,0.3863228365858847,0.17892637694429,0.0976118321443374,0.07420196463678909,0.5470606234126831,False
39,22.0,17,14,1.1857038247633092,0.2478970458453193,0.40295495954557387,0.19056751601948602,0.08820856562217572,0.06840782079812656,0.5276645374942022,False
39,23.0,17,14,1.2682049831958575,0.2167804744877817,0.4324054249295746,0.21239208971565043,0.08001444336890405,0.06285024734104283,0.5069947059946264,False
39,24.0,17,14,1.395447351315297,0.1747737138050578,0.4778151511500181,0.2489571369915763,0.07376483120205818,0.05791246778387028,0.46844098557962865,False
39,25.0,17,14,1.5635360482429121,0.12959732114476877,0.5372424923618648,0.3016921779052777,0.06970488948130373,0.05376925014723826,0.4538520427582829,False
39,26.0,17,14,1.7575512170913943,0.0900619369064717,0.6045114730429414,0.36695653822689733,0.0676683939613529,0.05043256280804652,0.4145316548023903,False
39,27.0,17,14,1.9584737074024834,0.06064285090715785,0.6727106875602613,0.4373951003069541,0.06724817045634172,0.04782582447428398,0.37167427069695336,False
39,28.0,17,14,2.1469719813339165,0.04127325131192851,0.7356811438042548,0.5043421514934019,0.06796518998471823,0.04584717542992907,0.37167427069695336,False
39,29.0,17,14,2.309143377954946,0.029408544348735303,0.7893661151353413,0.5614045793219203,0.06937964513261452,0.044400686061487726,0.3376899021132159,False
39,30.0,17,14,2.440178198828753,0.022264024777425447,0.8326392807218995,0.6065442522827215,0.07113698693751958,0.04339894570774559,0.3346321985274807,False
39,31.0,17,14,2.54235413776791,0.01785635514540293,0.8665238126350971,0.6409472115720961,0.07297077325835678,0.04275444080873916,0.3346321985274807,False
39,32.0,17,14,2.620588963143676,0.01502428064491436,0.8927414399618572,0.6668178803425874,0.07468748561709371,0.04237550286152536,0.3311443223639877,False
39,33.0,17,14,2.6790177107830724,0.013156450367880945,0.9126330039539959,0.6859370345808252,0.0761500645685858,0.04217183140844759,0.32308580943537474,False
39,34.0,17,14,2.7197994259139286,0.011953056449097098,0.9268041670339928,0.6992632246304253,0.0772684375759079,0.04206455299143104,0.32308580943537474,False
39,35.0,17,14,2.7439367178087535,0.011265215665711672,0.9354323323742523,0.7072496973294499,0.07799854415715331,0.04199268819007079,0.32308580943537474,False
39,36.0,17,14,2.7530613530094925,0.010993917870191031,0.9389060957577807,0.7104370366539036,0.07834494418000681,0.041911991394377714,0.32308580943537474,False
39,37.0,17,14,2.7507750169314185,0.011032972642544166,0.9383225648763539,0.7099027612511313,0.07835840066107604,0.04178897191369533,0.32308580943537474,False
39,38.0,17,14,2.742612861509854,0.011246830190316979,0.9355051076910561,0.7073166390225182,0.07812265118076543,0.0415967402793196,0.32308580943537474,False
39,39.0,17,14,2.734720268052226,0.011480261646910312,0.9325545329758796,0.7045968942944019,0.0777326646111902,0.041317066040185944,0.32308580943537474,False
39,40.0,17,14,2.732073423383435,0.011595424993467393,0.9312210840069532,0.7033639572403384,0.0772731791802103,0.04094672946565007,0.32308580943537474,False
39,41.0,17,14,2.7371432343125472,0.011516519907514221,0.9324225769917046,0.7044749900786237,0.07680568788421542,0.04050153111307327,0.32308580943537474,False
39,42.0,17,14,2.749515083095032,0.011250940238469486,0.9360971122126283,0.707860924206693,0.0763658097264978,0.04001240945300321,0.32308580943537474,False
39,43.0,17,14,2.7665105378247237,0.010870736045473537,0.9414046731096383,0.7127194645498486,0.07596739224603564,0.03951390751209683,0.32308580943537474,False
39,44.0,17,14,2.7845304211704143,0.010467920268905119,0.9471729461396929,0.7179559308588725,0.07560867199716614,0.0390306771639972,0.32308580943537474,False
39,45.0,17,14,2.8006363468019075,0.010111179388246109,0.9524212112325454,0.7226799934927158,0.07527816214961401,0.03856897963090366,0.32308580943537474,False
39,46.0,17,14,2.813735144681112,0.00982324085667517,0.9567546167820679,0.726551153510937,0.07496045964304399,0.03811761003524894,0.32308580943537474,False
39,47.0,17,14,2.8247355262902296,0.009584666525380689,0.9604226428609736,0.7298068470322563,0.07464308671957484,0.03765878709468908,0.32308580943537474,False
39,48.0,17,14,2.835417300993545,0.009361434566154328,0.9639545234327029,0.7329232536209037,0.07432451479620444,0.037185399002706634,0.32308580943537474,False
39,49.0,17,14,2.8464442764587705,0.00914514094561974,0.9675135097787204,0.7360450945245508,0.07402134941371982,0.03671668106415408,0.32308580943537474,False
39,50.0,17,14,2.855569783416723,0.008984402976002568,0.9703165031551314,0.7384906273929658,0.07377127131195818,0.03630194341319489,0.32308580943537474,False
39,51.0,17,14,2.857250000765666,0.008987522802752303,0.9705160682219631,0.7386642972209018,0.07362957339587103,0.03600523892423983,0.32308580943537474,False
39,52.0,17,14,2.844544119163381,0.00929424171050806,0.9658246910901924,0.7345660352405241,0.07365981209157703,0.035874153715354615,0.32308580943537474,False
39,53.0,17,14,2.8132628812026717,0.010024107055268378,0.954862099302892,0.7248638091594349,0.07391981765111345,0.03590828569731449,0.32308580943537474,False
39,54.0,17,14,2.766339308188625,0.011199396742882589,0.9385809566039028,0.7101393993474363,0.07444283016714301,0.03604823137519041,0.32308580943537474,False
39,55.0,17,14,2.7143402113459416,0.01266142042095747,0.9204691469714916,0.6933374347722876,0.075214710023973,0.03619722652898968,0.32308580943537474,False
39,56.0,17,14,2.6700730302701583,0.014077504415659185,0.904833000327303,0.6784956665281779,0.07615539146218434,0.03626741281369695,0.3297337739176818,False
39,57.0,17,14,2.641445640017303,0.015115665258576988,0.8944454219888534,0.6684737214405936,0.07712032459499386,0.03622401774162603,0.3311443223639877,False
39,58.0,17,14,2.6286240259676386,0.015647761307498155,0.889537575858208,0.6636957227894241,0.07793419469132404,0.03609901640313582,0.33440046428963005,False
39,59.0,17,14,2.626472322061765,0.015771225444948002,0.8885308242676543,0.6627122948976044,0.07845090095857328,0.03596525162540526,0.33440046428963005,False
39,60.0,17,14,2.629016246191874,0.015667311452476722,0.8894818989252768,0.6636413649425991,0.07861239172243459,0.03588886767389524,0.33440046428963005,False
39,61.0,17,14,2.6329635010504386,0.015456510263850799,0.8912518829890369,0.6653677336396778,0.07847321493081291,0.03589125738263422,0.3343382477674164,False
39,62.0,17,14,2.638994812117,0.015142481936166423,0.8939488451966362,0.6679915123422199,0.07817523412151997,0.0359421614451605,0.3311443223639877,False
39,63.0,17,14,2.6503696964852463,0.014655782153615234,0.8984906979458801,0.672391484689137,0.07788600827849697,0.03598305812948416,0.3311443223639877,False
39,64.0,17,14,2.669324454690739,0.013968682407284787,0.9054541958705588,0.6790909875181756,0.07773367417960478,0.035962664971337426,0.3297337739176818,False
39,65.0,17,14,2.693489862715768,0.013191828552160504,0.9139351701311422,0.6871720974886976,0.07776865975205602,0.035863859800566576,0.32308580943537474,False
39,66.0,17,14,2.715334853959828,0.01255271708376666,0.9213909149543263,0.6942028607050355,0.07796334156595904,0.035709929961784945,0.32308580943537474,False
39,67.0,17,14,2.7256769053000043,0.012276515642325755,0.9248001725972707,0.6973942791117592,0.07823992388677954,0.03554932883888925,0.32308580943537474,False
39,68.0,17,14,2.718925150798541,0.012482957088093896,0.9223769423863212,0.6951274178671029,0.0785065827294751,0.035427623584361786,0.32308580943537474,False
39,69.0,17,14,2.6962187313014416,0.013150460403181664,0.9145819017658783,0.6877847220503017,0.07868490194029783,0.03536187665793212,0.32308580943537474,False
39,70.0,17,14,2.6644691751463796,0.014124683671269764,0.9037844598344172,0.6774897594719258,0.07872220571943758,0.035333170538305425,0.3297337739176818,False
39,71.0,17,14,2.6324339711862743,0.015165626365050564,0.8929572253972949,0.667027750350973,0.07859210608776357,0.03530349025822348,0.3311443223639877,False
39,72.0,17,14,2.6064433830123193,0.016047350001621188,0.8842692587145241,0.6585371894318269,0.07828987734467849,0.035246698530493545,0.3346321985274807,False
39,73.0,17,14,2.587901112794514,0.01667448718371934,0.8782633697872183,0.6526201294475845,0.07782656648845043,0.03517169340180164,0.3346321985274807,False
39,74.0,17,14,2.573451200187903,0.017129506554791764,0.8738933065896748,0.6482910761522755,0.07722163031189763,0.03511982737030351,0.3346321985274807,False
39,75.0,17,14,2.557382491095454,0.0176145400414247,0.8692781945547103,0.6436982934521213,0.0764922141763791,0.035136334642389064,0.3346321985274807,False
39,76.0,17,14,2.5347164406908154,0.01834693309689454,0.86268896450659,0.6371047692018312,0.07563843520506902,0.03523289979899126,0.3346321985274807,False
39,77.0,17,14,2.503335655299075,0.019478102275387817,0.8532642140409112,0.6276031780734395,0.07462688123269746,0.035362858813424505,0.3346321985274807,False
39,78.0,17,14,2.4646084001590878,0.021043886114088202,0.8412861316230036,0.6154150388725282,0.07337790936382332,0.03542122869254404,0.3346321985274807,False
39,79.0,17,14,2.422785638831736,0.022932685368562522,0.8280655826002626,0.6018293053566056,0.0717647048997998,0.03526790494441281,0.3346321985274807,False
40,0.0,17,14,-0.7215441547979411,0.48079931137316934,-0.26245431029094135,0.10832074360392292,0.36623900761494627,0.4785949859733836,0.6744304284221467,False
40,1.0,17,14,-0.6393069028919671,0.5316284489909477,-0.2327085696716529,0.09561571699474226,0.33034238639031954,0.4147703923196017,0.7046109209740342,False
40,2.0,17,14,-0.5382226156865374,0.5978678778514573,-0.19601262436104827,0.08216926667203715,0.2966074101655318,0.35602140231015206,0.7454859238919705,False
40,3.0,17,14,-0.4190255426021323,0.6808016155707509,-0.15261093697911862,0.06937686120331461,0.2661663058064481,0.30438026370191434,0.7983960923273195,False
40,4.0,17,14,-0.28203701578090756,0.7815058625439426,-0.10264983485648216,0.058715789571812727,0.2394489105431972,0.26046541280709323,0.8583110802400241,False
40,5.0,17,14,-0.125379241852397,0.9017235625892336,-0.045552336976575875,0.051709369668233134,0.21650996613043516,0.22406143859685448,0.936636860758058,False
40,6.0,17,14,0.056841871017145766,0.9553047722961614,0.020580610215921124,0.05034863813783752,0.1972605006416231,0.19451887047649544,0.9707129137848092,False
40,7.0,17,14,0.2745259641090301,0.7865081545197087,0.09879567547049573,0.05807061504835424,0.18161718574578908,0.17105026267638204,0.862614834249427,False
40,8.0,17,14,0.5361098793926256,0.5969096572403045,0.19104933919405803,0.08053705343065858,0.16955641998583748,0.15292719661858953,0.7448439397106053,False
40,9.0,17,14,0.8331535718630779,0.4118446496811604,0.2928616920425138,0.12300265948648612,0.16107014646822038,0.13954563846268694,0.6345716060615669,False
40,10.0,17,14,1.1211207311720013,0.27154749235980236,0.3882114867035527,0.18022305079730913,0.1560645689249009,0.13037189178034908,0.5495160770082967,False
40,11.0,17,14,1.3310235741275647,0.194925818897065,0.45545833606569525,0.23052558181055613,0.15426415969600785,0.12483720587434069,0.4830020291254708,False
40,12.0,17,14,1.4272013383375117,0.16699882362829555,0.485061512488638,0.25510373216290805,0.15516024659855865,0.12225406798724368,0.46517824412467296,False
40,13.0,17,14,1.4354447056412658,0.16552829909637803,0.48622331572917055,0.2560968847147206,0.15800729536019098,0.12179399681950369,0.46517824412467296,False
40,14.0,17,14,1.405532998642653,0.17468571637570518,0.47515677055995437,0.24672308015178085,0.16185550030493645,0.12253325274850144,0.46844098557962865,False
40,15.0,17,14,1.3741230315161537,0.18453043418359377,0.4638580498570237,0.23735481355461807,0.16561931904427218,0.12355247443387544,0.47350992682738047,False
40,16.0,17,14,1.3577035246718492,0.1899691693077601,0.4577773806243551,0.23239936931509964,0.1681962780293744,0.12406225394466729,0.4776423579080321,False
40,17.0,17,14,1.358587813172658,0.189984915795452,0.4576624140060734,0.2323062657981137,0.16864437449630967,0.12351652251690112,0.4776423579080321,False
40,18.0,17,14,1.3705684812521999,0.1864888431276522,0.46140873228865564,0.23535140933119814,0.1663929628251145,0.1216765723085821,0.4754192055454563,False
40,19.0,17,14,1.3816053971003959,0.1832427595251734,0.46496676002248716,0.23826491255407858,0.16141864655966487,0.11860530307160233,0.473031905004128,False
40,20.0,17,14,1.3755864401047018,0.18507234513846754,0.4629371666110806,0.23660042647843277,0.15429770284949407,0.11459641538521519,0.4740582110447116,False
40,21.0,17,14,1.337867885683801,0.19673537962433907,0.45040155946638205,0.22647083313843488,0.14607788635549926,0.11006319026845597,0.4843899918449775,False
40,22.0,17,14,1.2679203308239244,0.21995899115800988,0.42710398041185377,0.20835086639833428,0.1379920208701335,0.10541931529156615,0.5111287170249619,False
40,23.0,17,14,1.188294173312481,0.2490385846141266,0.4004732933088361,0.1887988499358341,0.13112003262896338,0.1009826056490687,0.5290904598333378,False
40,24.0,17,14,1.131677960499279,0.2715350269512917,0.3814034848375231,0.1755794651244668,0.1261368075468945,0.09692509237386267,0.5495160770082967,False
40,25.0,17,14,1.1177653797474492,0.27743467750959155,0.3765219424615245,0.17230200858523034,0.12323524411820275,0.09327902934798747,0.5546791331905806,False
40,26.0,17,14,1.1461537369594066,0.26606240170344375,0.38573359110587535,0.178523153136573,0.12221941438775709,0.08998827727667855,0.5465225551621682,False
40,27.0,17,14,1.2041794023579535,0.2437603850880875,0.40482017347012655,0.1919041173704877,0.12268540900523642,0.08697644459599731,0.5259213787859423,False
40,28.0,17,14,1.2762051150030376,0.2181075868862117,0.42856832075246243,0.2094622301347873,0.12419035532926538,0.08419882168153624,0.5089477275983246,False
40,29.0,17,14,1.3488841361355792,0.19445499710031885,0.4525399176788635,0.22818023939411347,0.12634851899930716,0.08165834868997536,0.4827801697519102,False
40,30.0,17,14,1.4130108316972292,0.17537289548129226,0.4736837542469182,0.2454900479200199,0.12885026248415232,0.07938775881122243,0.4686051916826489,False
40,31.0,17,14,1.4635853691576177,0.16145541357991441,0.49034742905531287,0.2596392800397578,0.13143914876983795,0.07741647288676652,0.46393117699131625,False
40,32.0,17,14,1.4990891922645253,0.1522633202304452,0.5020311660281802,0.26981651123172784,0.13389002155949964,0.07574352763039904,0.4584048785785354,False
40,33.0,17,14,1.5204390081092487,0.14696748316476602,0.5090396795014278,0.2760196571062712,0.13601220819765591,0.07432890062756624,0.4541484458310366,False
40,34.0,17,14,1.5299443644914221,0.14467964788981533,0.5121370451709512,0.27878409619201455,0.13767373467512306,0.07310317416528068,0.4538520427582829,False
40,35.0,17,14,1.5305395640398944,0.14456840688940661,0.5122926143464896,0.278923311698821,0.13882312597974816,0.07198670613798566,0.4538520427582829,False
40,36.0,17,14,1.525379363540328,0.14585664153861239,0.510547912757591,0.27736402883050115,0.13948652726369118,0.07090720493394384,0.45395636907619796,False
40,37.0,17,14,1.5176605239467504,0.14778409575060308,0.5079592288263307,0.27505863793346524,0.13973665817085584,0.06980827020258298,0.45499807121749514,False
40,38.0,17,14,1.5104339162952745,0.1496067042337472,0.5055369549160263,0.27291035759517857,0.13965060877503965,0.0686485353919958,0.4571994671629453,False
40,39.0,17,14,1.5062597590144655,0.15067335346424723,0.5041312317909463,0.27166761785531807,0.13927972565272181,0.06739742883950788,0.45751735055731396,False
40,40.0,17,14,1.5067470084482915,0.15056339822231757,0.5042771872769093,0.2717965145074778,0.13864439031321682,0.06603494806202674,0.45751735055731396,False
40,41.0,17,14,1.5121803942693772,0.14920838621860588,0.5060687634091713,0.273381269544643,0.137750548735391,0.06455800025372663,0.4565939687563896,False
40,42.0,17,14,1.5214841324430557,0.14690481288206847,0.5091456996233563,0.27611405007277656,0.13661531524090229,0.06298860657380402,0.4541484458310366,False
40,43.0,17,14,1.5326595279171251,0.14417916190058463,0.5128400265736971,0.27941345785437727,0.1352879996610391,0.0613757162292139,0.4538520427582829,False
40,44.0,17,14,1.5435854885673224,0.14156220372032446,0.5164444417031391,0.28265159716910815,0.1338558239003249,0.059785658638114685,0.4538520427582829,False
40,45.0,17,14,1.552814437927295,0.13939184651876158,0.5194787781626351,0.28539200231100065,0.1324285017459339,0.05828394691008099,0.4538520427582829,False
40,46.0,17,14,1.559939633309257,0.13774335702189944,0.5218122898715924,0.287508345831513,0.1311053168339703,0.056917577951392705,0.4538520427582829,False
40,47.0,17,14,1.5653553495044648,0.13650471892264018,0.5235823042707047,0.28911873949575895,0.1299409551438245,0.05570765767459341,0.4538520427582829,False
40,48.0,17,14,1.5696213938119825,0.1355326395183687,0.5249806295689612,0.2903940579700976,0.1289321794806209,0.05465642547616364,0.4538520427582829,False
40,49.0,17,14,1.5728818011753967,0.13478632281890085,0.526058584330134,0.2913790435488762,0.12803743840095255,0.053763709662274416,0.4538520427582829,False
40,50.0,17,14,1.5747162132950234,0.13435832103488093,0.526677064698353,0.29194490923371036,0.12722039116368117,0.053041010975951666,0.4538520427582829,False
40,51.0,17,14,1.5745099106141185,0.13438840486587178,0.5266298674641403,0.2919017084715741,0.1264921705241855,0.05251194531741348,0.4538520427582829,False
40,52.0,17,14,1.5721102231861113,0.13491522483472596,0.525862347493984,0.29119961137910516,0.12592722817543922,0.0521967133722563,0.4538520427582829,False
40,53.0,17,14,1.5683479748572922,0.1357561560885356,0.5246451665477719,0.2900878564501634,0.12564114556752776,0.05209016181942694,0.4538520427582829,False
40,54.0,17,14,1.5650429303275355,0.13649776304153136,0.5235771584708484,0.28911405139240454,0.1257369207618547,0.05214883161865763,0.4538520427582829,False
40,55.0,17,14,1.564409320307702,0.1366261853365027,0.5233900446198586,0.28894360562894,0.1262430871944035,0.052297039225163267,0.4538520427582829,False
40,56.0,17,14,1.5681805435121823,0.13573821449272774,0.524660137627543,0.2901015183078851,0.12707700222252766,0.05244950504607234,0.4538520427582829,False
40,57.0,17,14,1.5769512590001744,0.13371048321579962,0.5275904264148487,0.29278153655228395,0.12805995175253362,0.05253824094348591,0.4538520427582829,False
40,58.0,17,14,1.5900019977193571,0.13074113086474498,0.531950179599638,0.29679077652720964,0.1289827025507723,0.05253113227898334,0.4538520427582829,False
40,59.0,17,14,1.6054900749087357,0.1272815785886845,0.5371349581546556,0.30159221368126826,0.1296854277869465,0.05243688369495993,0.4523971481572425,False
40,60.0,17,14,1.6207824681909824,0.12392641370522635,0.5422747246497078,0.3063872324514135,0.13010290145750875,0.052298139310124704,0.44927341787840686,False
40,61.0,17,14,1.6329003559132644,0.12129564624333525,0.546380869149063,0.31024271556501554,0.1302498388194835,0.05217664028169242,0.44927341787840686,False
40,62.0,17,14,1.6391952142851607,0.11990387277528,0.548571443203596,0.3123084206675551,0.1301655834656166,0.05213314695068753,0.447563788741945,False
40,63.0,17,14,1.6382222965279176,0.12002006486543011,0.5483621465887202,0.31211079057790825,0.12986569328383232,0.05220557500649742,0.447563788741945,False
40,64.0,17,14,1.6304398559158613,0.12155844120707282,0.5458986425639296,0.30978880060487873,0.1293370412110998,0.05239253463123617,0.44927341787840686,False
40,65.0,17,14,1.61823386400543,0.12406276091862885,0.5419640349409349,0.30609639797557875,0.1285734613530328,0.05265143080555534,0.44927341787840686,False
40,66.0,17,14,1.6050825627954834,0.1268313268481854,0.5377013310378721,0.3021188887018653,0.12761537319569455,0.05291521840970866,0.45178019694722216,False
40,67.0,17,14,1.594207943536794,0.12916895247424567,0.5341679563480018,0.2988401614749442,0.1265568000836784,0.05312104707854908,0.45351203883140845,False
40,68.0,17,14,1.5873819262703517,0.1306604421382815,0.5319439848689222,0.29678506146239825,0.12551352861524093,0.053235571609294034,0.4538520427582829,False
40,69.0,17,14,1.5844640515068908,0.1313104808410748,0.5309829438872878,0.29589906582644937,0.12457775028165005,0.05326345086581389,0.4538520427582829,False
40,70.0,17,14,1.5838231104907967,0.13146825529284914,0.5307525211725447,0.2956868228130752,0.12379072323138575,0.05323692330605912,0.4538520427582829,False
40,71.0,17,14,1.5832865760421517,0.131610662083839,0.5305461562722275,0.29549680087499974,0.12314506244883242,0.053196080333735456,0.4538520427582829,False
40,72.0,17,14,1.5810348822893179,0.13213788443510235,0.5297745237037012,0.29478679178264594,0.12260395399356797,0.05317210406111639,0.4538520427582829,False
40,73.0,17,14,1.5760835150352128,0.13326994868956551,0.5281215318767553,0.2932685506117716,0.12211651960289285,0.05317868818933521,0.4538520427582829,False
40,74.0,17,14,1.5683745421884443,0.1350296552354017,0.5255730335088097,0.2909351700100072,0.12161877516699438,0.053208523394937424,0.4538520427582829,False
40,75.0,17,14,1.5586294698968914,0.137270031392835,0.5223679024723072,0.28801338028090157,0.12102496564825405,0.053230234851092594,0.4538520427582829,False
40,76.0,17,14,1.5480260876322531,0.13973554525555973,0.5188917214731236,0.2848607915952927,0.12022091888045644,0.05318580175235958,0.4538520427582829,False
40,77.0,17,14,1.5377601866562014,0.14215345888218647,0.5155335489527788,0.281831505079861,0.11906574601678242,0.05299182230988763,0.4538520427582829,False
40,78.0,17,14,1.528689774112248,0.14431636385486932,0.5125711768479193,0.27917267890510533,0.11739794093178804,0.0525458618010897,0.4538520427582829,False
40,79.0,17,14,1.5212748777989362,0.14610223110456352,0.510154052358164,0.2770126388784528,0.11503845808606511,0.051735588070058396,0.45395636907619796,False
41,0.0,17,14,-0.935624138846182,0.36607213368431457,-0.34390590601181353,0.15153122168723904,0.21831278639575155,0.41690200253970083,0.6085104069158791,False
41,1.0,17,14,-0.8932129654316118,0.38750709740019407,-0.3282678481871109,0.14227361821885223,0.19624311231199632,0.3436075987141676,0.6215041516918357,False
41,2.0,17,14,-0.8341922016954639,0.4186995292934643,-0.3064634551135868,0.13012850119282207,0.17552920253998353,0.2777192243723352,0.6384060254509291,False
41,3.0,17,14,-0.7503573579634901,0.46572030099395245,-0.27542498186911485,0.11437302006832603,0.15703188858050435,0.22217239180508044,0.6645612449064328,False
41,4.0,17,14,-0.6271303538148308,0.5404878677853882,-0.2297203583498758,0.09442924660557832,0.14123695635629804,0.1781210172503553,0.7103545788188295,False
41,5.0,17,14,-0.44063384832967606,0.6654986263519622,-0.1606095451795811,0.07148468620552244,0.12842281137361536,0.14543512458664498,0.7871657068326425,False
41,6.0,17,14,-0.16592054718824822,0.8699468360740783,-0.05981610915946256,0.05294966322625179,0.11878580454891037,0.12305619350454336,0.9153511594599906,False
41,7.0,17,14,0.1637666404675553,0.871205281208927,0.058038996466986854,0.05277671474759604,0.1125644143379922,0.10939418119032575,0.9160848890747986,False
41,8.0,17,14,0.40802177696380987,0.6862927006340078,0.1428047619189049,0.06694496122245462,0.11014728612580992,0.10275886717903036,0.8016458447221261,False
41,9.0,17,14,0.5132939784457071,0.6116404651858266,0.17902146254472592,0.07676396127243752,0.11209016902906477,0.10166470137386606,0.7546310757739452,False
41,10.0,17,14,0.5652281880744965,0.5762670879370797,0.19692620657621362,0.08247451342647641,0.11896755771649603,0.10490122439433514,0.7323212615236716,False
41,11.0,17,14,0.626769312681456,0.5357192360916048,0.21783468219657845,0.08987127092073674,0.13105936359167966,0.11141433441952683,0.7081146008652107,False
41,12.0,17,14,0.7092919628231743,0.48389262168572744,0.24546940910138015,0.10086655622637343,0.14798099560676228,0.12012158490227685,0.6757602696858039,False
41,13.0,17,14,0.8030269338216238,0.4288654915956197,0.27639115006777376,0.11483635973942471,0.1684339254581037,0.12976673099614913,0.6435010309480883,False
41,14.0,17,14,0.8957889376214301,0.37874186782022357,0.3064685450380942,0.13013123251321845,0.1902142925268067,0.1388840615153771,0.6155624036807245,False
41,15.0,17,14,0.9784931632476107,0.33791908309610585,0.33278907222734794,0.14490323442658817,0.21047856408771976,0.14591922785354147,0.5952856269851009,False
41,16.0,17,14,1.045629486655031,0.3075880270155987,0.35377837758669545,0.1576103002850426,0.2261482474351374,0.14950176489482317,0.5761020633537329,False
41,17.0,17,14,1.0946020196795194,0.2871023473575453,0.3688601519962426,0.16724609321611214,0.23435903395477076,0.1487752374890033,0.5609323915856729,False
41,18.0,17,14,1.1243694812423217,0.275385583692638,0.37787311032183196,0.17320481077889605,0.23297199710952157,0.14362904604853582,0.5537621512229568,False
41,19.0,17,14,1.1334687299188007,0.27211450943316995,0.38037364894198333,0.17488440476911749,0.2211668288609159,0.13471179939924185,0.5499026172987876,False
41,20.0,17,14,1.1180526686748145,0.2786083713735157,0.3750381945712096,0.17131447911550055,0.19994350053731022,0.12322361056321886,0.5546791331905806,False
41,21.0,17,14,1.06994374918892,0.2989659356418377,0.35909186029391277,0.16095706927278838,0.1721719650314717,0.11059144294715136,0.5687410439438957,False
41,22.0,17,14,0.9736856132562872,0.342795543734986,0.3273650303005061,0.14175310010057146,0.14194279017973802,0.09815678247929287,0.5965778799807768,False
41,23.0,17,14,0.8018058830772529,0.43205749421018913,0.2706394379763807,0.11210364529454167,0.11339195302654181,0.08695869835605928,0.6442065775214799,False
41,24.0,17,14,0.5130449848899156,0.6127299682480847,0.17456825966458794,0.07543221394382317,0.08955142907904247,0.07763434973160613,0.7556053437656831,False
41,25.0,17,14,0.08102927820594694,0.935994275810937,0.02796098376214487,0.05064363677926641,0.07176669506596722,0.07042142684102139,0.9592133286065723,False
41,26.0,17,14,-0.4162009399360758,0.6804137689810059,-0.14605829936003423,0.06773329220779818,0.05984027443473479,0.06523322891641734,0.7983960923273195,False
41,27.0,17,14,-0.8041354114957117,0.42890888862779164,-0.28543938974641186,0.11925996023475889,0.0526425888656061,0.061772718769604065,0.6435010309480883,False
41,28.0,17,14,-1.0120652812128055,0.32189035533251353,-0.3608847211485859,0.16209813202296036,0.048777440457982754,0.05965061015462725,0.587374145863819,False
41,29.0,17,14,-1.0893631962974253,0.28734099970065824,-0.38892765539608926,0.180716441323358,0.047020321938503466,0.05847772466121971,0.5609323915856729,False
41,30.0,17,14,-1.0961463981699824,0.2844472714254731,-0.3913972266467058,0.18242495110600046,0.04647647773453368,0.05791638946100096,0.5595495147765682,False
41,31.0,17,14,-1.0696449559518075,0.2959147809582512,-0.3818335980981203,0.17587033270774358,0.04655562856415148,0.05769466454130651,0.5668606978447684,False
41,32.0,17,14,-1.0296052644554274,0.31386764049715177,-0.36738850856131283,0.1662873456459456,0.04688564653264969,0.05760054035110646,0.5826493215858729,False
41,33.0,17,14,-0.9852923044395094,0.3346268871681459,-0.3514173540661104,0.15613998923479577,0.04723975664170944,0.05747416328570998,0.5932182593483839,False
41,34.0,17,14,-0.9391562810392972,0.35723919586296016,-0.33480822437882274,0.14608993902809828,0.04749536904773935,0.057206764940181606,0.6023989722214724,False
41,35.0,17,14,-0.8892684170100201,0.3828338482978516,-0.31686214994162,0.13580967666369367,0.047610232163805985,0.05674365261412079,0.6184452497060272,False
41,36.0,17,14,-0.8322752390323542,0.4135204391014512,-0.29637741776294657,0.12481137358113338,0.04759702399779429,0.05608296543956818,0.6346394612054066,False
41,37.0,17,14,-0.7668384875725662,0.45064107270115616,-0.27290496589314983,0.11317268345260569,0.04749040244650528,0.0552641954178631,0.6548630653349409,False
41,38.0,17,14,-0.6959344620905932,0.49309611948401266,-0.24755706404927963,0.10175406868562156,0.04731558394781096,0.054347691943533574,0.6801325785986382,False
41,39.0,17,14,-0.6264669703521042,0.5368625613938661,-0.2228256745543046,0.0917539099558922,0.04707185497698476,0.0533929254337318,0.708321285189813,False
41,40.0,17,14,-0.5666626244309122,0.5761813052954357,-0.2016308377856934,0.08407015056046553,0.04673576051335822,0.05244454348991401,0.7323212615236716,False
41,41.0,17,14,-0.5234120543000389,0.6055241250268444,-0.18639163377062867,0.07904537986641591,0.046276489718063626,0.05153036332272755,0.750206880564232,False
41,42.0,17,14,-0.5010884198827302,0.620986351267317,-0.17863455012909396,0.07664685952048916,0.045671540540315664,0.05066791258241699,0.7605762358170784,False
41,43.0,17,14,-0.5015081546480034,0.6207823401630643,-0.17899138315226057,0.0767548480139903,0.044916030338307884,0.049871447138473635,0.760511179976141,False
41,44.0,17,14,-0.5238645799164421,0.6054741778022497,-0.18716943353778054,0.07929178540524635,0.04402616212256179,0.04915301623039157,0.750206880564232,False
41,45.0,17,14,-0.5642688132303508,0.5782086798286893,-0.20177558183477018,0.08411987308864317,0.043038966613082014,0.048517658444241385,0.7333786948461446,False
41,46.0,17,14,-0.6157872703995608,0.5443351639833405,-0.22032282911878978,0.09080415781853637,0.042007778386023396,0.04795864286512973,0.7130845394422592,False
41,47.0,17,14,-0.6699764725732762,0.5098589253726067,-0.23978243478287892,0.09848955620025517,0.040992489228666176,0.04745891132076962,0.6935732750007928,False
41,48.0,17,14,-0.7195548461239962,0.47940040324698774,-0.25754821325739247,0.10611283893636644,0.04004764944750082,0.04699977167289972,0.6732176183797208,False
41,49.0,17,14,-0.7605245020891337,0.45503616306117,-0.27219752039365536,0.11283783552070249,0.03921483962517877,0.04657216503850982,0.6592406674933616,False
41,50.0,17,14,-0.7923419027523892,0.43662298193734506,-0.283542892207761,0.11832014014413127,0.03852305015585317,0.04618371372724606,0.6470278415708562,False
41,51.0,17,14,-0.816274937925019,0.4230568463762735,-0.2920329949922083,0.12257968769482502,0.03799378384183376,0.04585677094073632,0.6398695635904276,False
41,52.0,17,14,-0.8332608748473866,0.4135529046124845,-0.29798472769853646,0.12564597041624145,0.037643188810722955,0.0456170890675316,0.6346394612054066,False
41,53.0,17,14,-0.8426852423333108,0.40827511729614996,-0.3011580458440277,0.12730789777421292,0.03747612412407788,0.04547783362062569,0.6331404895915679,False
41,54.0,17,14,-0.8429652360371226,0.40799255056282824,-0.3009871586116548,0.12721792121693742,0.03747443901646679,0.04542753900618076,0.6330918888043886,False
41,55.0,17,14,-0.8337941585736385,0.4128942608961478,-0.2974055734371995,0.12534468766264123,0.037588041870684034,0.045430139586524906,0.6345716060615669,False
41,56.0,17,14,-0.8183747201795473,0.4213478033038853,-0.2916425227152473,0.12238083294639039,0.037737985260668,0.04543863717315728,0.639412060227297,False
41,57.0,17,14,-0.8033740256220557,0.42973798893147297,-0.28616784016177427,0.11962273127064445,0.03783494080951904,0.045414668878918256,0.6437630552959123,False
41,58.0,17,14,-0.7961681423832353,0.43385796798252685,-0.28366014444941856,0.11837805062701871,0.03780699760368882,0.04534182415234315,0.6454085474120234,False
41,59.0,17,14,-0.8014166709084348,0.4309762588315761,-0.28576512755915845,0.11942205652642147,0.03762330262875185,0.04522565382950837,0.6437630552959123,False
41,60.0,17,14,-0.8193757398483686,0.4210164922645605,-0.2925066387144826,0.12282128114850682,0.03730025834605357,0.04508364179486323,0.6393954385436853,False
41,61.0,17,14,-0.8468281169325845,0.40601545234735603,-0.30264978894906347,0.1280956581576702,0.036886269548464655,0.04493435422368226,0.6323602842492813,False
41,62.0,17,14,-0.8796494897193053,0.3884911189640281,-0.31465483098371716,0.13458682634230065,0.03643422940346466,0.04479181250288632,0.6217327632514735,False
41,63.0,17,14,-0.9150181411282908,0.3701285199171801,-0.32749230658396605,0.14182638877870218,0.03597868817754967,0.044663935423895455,0.6118209932461256,False
41,64.0,17,14,-0.951777376340241,0.35163914984559563,-0.3407691520216621,0.14963770996074194,0.03553047671761894,0.04455110489031066,0.599029733873634,False
41,65.0,17,14,-0.9890632351499347,0.33352548345595867,-0.3542089244742435,0.15787953624717138,0.035088165489810925,0.04444447724284774,0.5927251186946515,False
41,66.0,17,14,-1.0247591780611223,0.31679713193696846,-0.36706815373257684,0.1660791699201686,0.03465381115805097,0.044327631309609324,0.5850822902465691,False
41,67.0,17,14,-1.0554130284330316,0.3029047245959156,-0.37809823858573205,0.1733555587203263,0.034239522255148196,0.04418364726720154,0.5729582939420218,False
41,68.0,17,14,-1.077833552443225,0.2930064841848466,-0.3861344380330663,0.17879738602532513,0.03386118778986519,0.0440041529830042,0.5645079053102549,False
41,69.0,17,14,-1.0910720870712656,0.28724586589313084,-0.39082930963558005,0.18203107190726542,0.033526778501208165,0.04379388707606989,0.5609323915856729,False
41,70.0,17,14,-1.0972612185991975,0.2845486917405445,-0.39296261084210915,0.18351365213221385,0.03322956904044301,0.04356761698282623,0.5595495147765682,False
41,71.0,17,14,-1.10077855780984,0.28300275799872465,-0.3941339745696802,0.18433122173164393,0.03295061309314943,0.04334239267759686,0.5584705952676478,False
41,72.0,17,14,-1.106438750144526,0.2805699016604925,-0.39610127678065615,0.18570991319693742,0.03266699974726631,0.04313082664266301,0.555627624506437,False
41,73.0,17,14,-1.117869266016025,0.27576116705525,-0.40018886908334855,0.18859684994696269,0.03235980202065904,0.042938199286821674,0.5537621512229568,False
41,74.0,17,14,-1.1366444173743786,0.26802944828668546,-0.4069730816944607,0.19345462527365548,0.03201826074121042,0.04276132135362086,0.5473295715998527,False
41,75.0,17,14,-1.1620268863917418,0.25785586090780654,-0.41618745121773404,0.20018409456421465,0.031639595743916844,0.04258526101392163,0.5376886797581071,False
41,76.0,17,14,-1.1911441722644056,0.2465595202993653,-0.42678359063570354,0.20810820434732408,0.031224089486804153,0.04237686796462109,0.5271106943998731,False
41,77.0,17,14,-1.2197752921360978,0.2358282712443791,-0.43721239238036436,0.21609844261695202,0.030765310159183025,0.04207883163650366,0.5219645178872445,False
41,78.0,17,14,-1.2438296366968282,0.22708604550413838,-0.44595991270577057,0.22294478105759452,0.030238555823081298,0.04161041505276015,0.5169438434240549,False
41,79.0,17,14,-1.2609991711340856,0.22097560178887315,-0.45215507878617,0.22787203261857064,0.029594575615316056,0.040878329203724494,0.5119015018545048,False
42,0.0,17,14,-0.8001784799009279,0.43770777723041543,-0.29423628555273285,0.12370708874379822,0.29747105996303896,0.4948638331652058,0.6473143184393467,False
42,1.0,17,14,-0.7314816498280984,0.47714554022429034,-0.26889830813346305,0.11128853768315436,0.26612021007300035,0.40567149898426075,0.6717485137476388,False
42,2.0,17,14,-0.6350803355651583,0.5360145378630805,-0.23333188775002495,0.09586526424151603,0.2359241572767485,0.32533178434618587,0.7081146008652107,False
42,3.0,17,14,-0.4986314189576313,0.6259172655797622,-0.18299653917003075,0.0779824375339188,0.2081929693730246,0.2575745962759275,0.7633232712682442,False
42,4.0,17,14,-0.3036823142291698,0.7657161319868103,-0.11118482732883454,0.060234188523396986,0.18384610567186874,0.20404637859629632,0.8509833087571166,False
42,5.0,17,14,-0.0303941423990744,0.9761299713904512,-0.011068333447993099,0.050100822525851046,0.1635657507484521,0.1648813240680635,0.9852462776863051,False
42,6.0,17,14,0.30321035461643964,0.764926298953281,0.10921700655271444,0.05987312894683024,0.14784357396599265,0.13907188369400073,0.8504805971154944,False
42,7.0,17,14,0.5288177699851758,0.6017591632861883,0.18814465541902353,0.07960225807165043,0.13700397898830755,0.12484672264532659,0.7479324742200713,False
42,8.0,17,14,0.4664057424234363,0.6450237130869212,0.1657158686992794,0.07288896274316756,0.13123907619557995,0.1200487959914104,0.7730564934266979,False
42,9.0,17,14,0.2833644887801348,0.7794225681721447,0.10110720124021244,0.05845453895144233,0.13060932995827307,0.12236472687897045,0.8578443937797446,False
42,10.0,17,14,0.1543735098843895,0.8787008912618853,0.055191633082259106,0.0525105516219954,0.13494185731372305,0.12937930044027435,0.9219940932750806,False
42,11.0,17,14,0.11535977463027644,0.9091657874870851,0.04118309809014262,0.05139691900490407,0.14362573028070794,0.13862845155153788,0.9420632337448415,False
42,12.0,17,14,0.1523073422878225,0.8801869701243633,0.05412070738774903,0.052413929487265414,0.15540662206425937,0.147821132644194,0.9225798126344185,False
42,13.0,17,14,0.24038973200610508,0.8118435485436829,0.08478471324043865,0.05593652965144865,0.1683402143136081,0.15518538038364454,0.8782338451728186,False
42,14.0,17,14,0.3513954573157184,0.7278465780270924,0.12276644128927908,0.062493012948915995,0.18001908405156564,0.15970484827940568,0.8265765554881807,False
42,15.0,17,14,0.45631151184895297,0.6516270501871948,0.15782840918183288,0.07073909619089444,0.1880480019018662,0.1610534776334621,0.7773255225901684,False
42,16.0,17,14,0.5318469019957954,0.5993072666997183,0.1823378283372575,0.07777858293531702,0.190592836202356,0.15927500254293644,0.7461730790925347,False
42,17.0,17,14,0.5678401274197277,0.5754477228637195,0.19343629954360628,0.08131651943940332,0.1867811496270977,0.1544631602684807,0.7323212615236716,False
42,18.0,17,14,0.5680150828261021,0.5756922690982753,0.1927708362912175,0.08109818667817152,0.1768247471633056,0.14668208310884318,0.7323212615236716,False
42,19.0,17,14,0.5434924870829698,0.5923392825702822,0.18415464126078454,0.07834271241981414,0.16188187993977998,0.13614548473283317,0.7417953413228882,False
42,20.0,17,14,0.5053426650387652,0.6184238003860352,0.1712218197687107,0.07445454092241907,0.14375940536771842,0.12345250964599973,0.7586134491912205,False
42,21.0,17,14,0.4605205372332581,0.6496325926248212,0.15622056454479008,0.07031422992231302,0.12454212485325222,0.109643624155717,0.7761166590107916,False
42,22.0,17,14,0.41104660952095085,0.6848119761901585,0.1397910436014728,0.06623111676683079,0.10620091768754793,0.09599746789940868,0.8011750218950885,False
42,23.0,17,14,0.3549706972349194,0.7255944812998154,0.12126038262778346,0.06218630998860621,0.09024102114973367,0.08368594476277934,0.8253207370234867,False
42,24.0,17,14,0.2894286909196925,0.7744423481800158,0.09956333306073126,0.05819711345574811,0.07748294100791103,0.07348412832627148,0.8547835708587431,False
42,25.0,17,14,0.21810699824419083,0.8288805229771393,0.07567460684147737,0.05472597503186092,0.06804906756497323,0.0656631312531603,0.8904085305934604,False
42,26.0,17,14,0.1562506830101113,0.8769259386268906,0.05461376762636792,0.052458178328469954,0.06154268743427956,0.060065373134806185,0.9205804479649091,False
42,27.0,17,14,0.11838804801186172,0.9066034181136258,0.04157374048988181,0.051423568453836464,0.05731684460478298,0.05627543790708367,0.9399879093381349,False
42,28.0,17,14,0.1076138019923066,0.9150847110426813,0.0378917787766721,0.05118240738751044,0.054709078869979985,0.05379194088151892,0.9460568089548951,False
42,29.0,17,14,0.12201034973314956,0.9037929517557124,0.043027009418666856,0.051524926537942564,0.053170281871081644,0.05214684992901685,0.9378456818712766,False
42,30.0,17,14,0.1603232868700369,0.8738267637519133,0.05657800559813945,0.05263846308247863,0.05229034340822373,0.050963555793994766,0.9179005605063867,False
42,31.0,17,14,0.22111278825735253,0.8266762907140076,0.07802365539837619,0.05502480928306826,0.051768607230770314,0.049970187308988,0.8891268683735805,False
42,32.0,17,14,0.30070027294433277,0.7659360121064958,0.10601150244379404,0.059299073519735804,0.0513793508761228,0.04898997032711328,0.8510400134516619,False
42,33.0,17,14,0.39295928450395956,0.697372330085591,0.1383025367688835,0.06588434360113886,0.050958070694035545,0.04792461510252565,0.80756686878068,False
42,34.0,17,14,0.4909693698208425,0.6272611612725609,0.17238623786278115,0.07479248454675223,0.050406464504498316,0.04673787780721326,0.763622283288335,False
42,35.0,17,14,0.5892282558838118,0.5603352746567021,0.20628740848632623,0.08568869004456621,0.04969821067343275,0.045439776831013766,0.7219043415822541,False
42,36.0,17,14,0.6851255350451246,0.49871991151173245,0.23909602802724791,0.0982066758162215,0.04886910231004067,0.04406980415057215,0.6849249511903568,False
42,37.0,17,14,0.7790949648295978,0.4422367092966695,0.27101788712851066,0.11228156095583616,0.04798898548736194,0.042679231141209896,0.6484937488668066,False
42,38.0,17,14,0.8734870917431533,0.3896151565438577,0.302960815050025,0.1282604292493924,0.04712734861503057,0.041315403169626966,0.6227911160739115,False
42,39.0,17,14,0.9707259417773483,0.33984365648437975,0.33585968150282813,0.14671091971874783,0.04632842976186598,0.040011795297960596,0.5961636508881453,False
42,40.0,17,14,1.0716997139146485,0.2929431274199638,0.3700922433309638,0.16805184698891848,0.04560400895159772,0.03878563966648544,0.5645079053102549,False
42,41.0,17,14,1.175003661673169,0.24992251922401998,0.40521340054009947,0.19218669732439897,0.04494081766163075,0.03764158997637409,0.5292360786215293,False
42,42.0,17,14,1.276966227949552,0.2122192600055376,0.43997644182170376,0.21824762913072893,0.04431366671944938,0.03657754067716006,0.5018019745875842,False
42,43.0,17,14,1.3722688657993325,0.18104843314715352,0.47255979556570293,0.24455154743852864,0.04369690116020299,0.03558887833989082,0.47107247793725193,False
42,44.0,17,14,1.455236762691211,0.1569275046254506,0.5010134563526408,0.2689218177528297,0.04307131577138955,0.03466982300228707,0.4614997159102095,False
42,45.0,17,14,1.5216877043929387,0.13950779290840068,0.5238858712811812,0.28939537095588413,0.042426836920748,0.03381326127809013,0.4538520427582829,False
42,46.0,17,14,1.5705210840119477,0.12772076022363998,0.5407636071946602,0.3049738700762858,0.04176235783401127,0.033011471064995926,0.45292935571764764,False
42,47.0,17,14,1.6039524371985465,0.12012361236620964,0.5523605548425488,0.3158958841550047,0.04108436009266268,0.03225878376910825,0.447563788741945,False
42,48.0,17,14,1.6261170363995314,0.11529380699406205,0.5600564373366962,0.323237053952508,0.04040571484837616,0.03155500418401389,0.4466416504612396,False
42,49.0,17,14,1.6409476592846235,0.11215762795419595,0.5651793077713396,0.32816353918969193,0.039744836454480764,0.030907357656785612,0.44264461086039397,False
42,50.0,17,14,1.6505574920573243,0.11017264610214728,0.5684492329557591,0.3313242986611496,0.03912379826978269,0.03032944535335097,0.44198097885139914,False
42,51.0,17,14,1.6547989648280113,0.1093191304017051,0.5698212196336294,0.33265417827254273,0.038563985299360455,0.02983714782482741,0.4412725691048068,False
42,52.0,17,14,1.6520290262733317,0.10990979348639794,0.5687442322809004,0.33161006098526274,0.03808001217270685,0.02944259029435772,0.44173037311747676,False
42,53.0,17,14,1.6406729120442898,0.11228918728338033,0.5646945515593678,0.32769603188667734,0.03767497696992032,0.029148041941655684,0.44264461086039397,False
42,54.0,17,14,1.620812148050042,0.11653253591746657,0.5577151608313371,0.3209960164462181,0.03733999575520536,0.028942069172760272,0.447563788741945,False
42,55.0,17,14,1.5949237222632764,0.1222519445159176,0.5486644900795132,0.3123962988139649,0.03705818856868155,0.028799987123170594,0.44927341787840686,False
42,56.0,17,14,1.5673183179347414,0.12860075903707394,0.5390237021583439,0.3033502275350839,0.036810428441370856,0.028689183661967193,0.4532502276551417,False
42,57.0,17,14,1.5425627081727613,0.13452532057867134,0.530360129699426,0.29532555630485313,0.03657970238207343,0.02857762018511214,0.4538520427582829,False
42,58.0,17,14,1.523754988108397,0.13918214432460704,0.5237411102504326,0.28926343855152625,0.036352849518538954,0.028442072256469903,0.4538520427582829,False
42,59.0,17,14,1.511575210709327,0.14227764095853426,0.5194112386228777,0.28533086286293946,0.036120668738466734,0.02827275097768356,0.4538520427582829,False
42,60.0,17,14,1.5045051584018796,0.1441077775412446,0.5168666349864117,0.28303210758258496,0.03587802024322126,0.028072947614688794,0.4538520427582829,False
42,61.0,17,14,1.4998776345591245,0.14531373052150132,0.5152101373836396,0.28154061831742627,0.03562440130414359,0.027854920071525274,0.4538520427582829,False
42,62.0,17,14,1.4950122901789666,0.14657362871057147,0.5135344078704153,0.2800358219600244,0.03536399132826834,0.027634617154207976,0.45395636907619796,False
42,63.0,17,14,1.4878573202024539,0.14842557394020306,0.5111363587105558,0.2778894429856847,0.03510400995350276,0.027427336161602388,0.4554687606767046,False
42,64.0,17,14,1.4770763029089877,0.15124698393477287,0.5075442612420001,0.2746899956662839,0.03485169898204642,0.02724493755501279,0.45755390097914483,False
42,65.0,17,14,1.4619521411772656,0.15528398695399212,0.502486281571595,0.27021711558183537,0.034611770340663914,0.02709423516156372,0.4606145309863377,False
42,66.0,17,14,1.4424648175736279,0.16062624145456814,0.49592317843427497,0.26447021871188153,0.034385932718713576,0.026976217321059877,0.4636633773946297,False
42,67.0,17,14,1.4194822934447802,0.1671308439739595,0.48812361836818824,0.2577258668460482,0.034174200156564284,0.026886270472877595,0.46517824412467296,False
42,68.0,17,14,1.3946823287164927,0.1743985296188465,0.4796475419793982,0.25050359512646647,0.033976164960759225,0.026815719175159985,0.46844098557962865,False
42,69.0,17,14,1.3700137830116133,0.18188552070969877,0.47116628404341193,0.2433907953696501,0.033790913957704664,0.026754479280540592,0.47209615496642515,False
42,70.0,17,14,1.3469842564907328,0.18910845336897167,0.46321485578556987,0.23682776275253786,0.03361601980052032,0.026693856820020984,0.47703033282263124,False
42,71.0,17,14,1.3262465755928934,0.19580495449553853,0.4560413939293934,0.2309958506903816,0.03344694764860733,0.026628200113804512,0.48327961344638304,False
42,72.0,17,14,1.307677250435727,0.20195345626477085,0.44962561324981287,0.22585244054354736,0.033277430275514344,0.0265546081356769,0.48822946481411916,False
42,73.0,17,14,1.2907619953280132,0.2076761115923514,0.44380599867214465,0.22124689252983934,0.03310003473908167,0.02647088685385014,0.4967667785597774,False
42,74.0,17,14,1.2749939099736622,0.2131131560025313,0.43841442620093535,0.21703147387299984,0.03290573031883636,0.02637259481642845,0.5025469941134343,False
42,75.0,17,14,1.2601495290543276,0.21832241806896382,0.43337030322536957,0.21313284784526101,0.032681925258000594,0.02624988496315701,0.5089477275983246,False
42,76.0,17,14,1.2464791943309954,0.2231999181987342,0.4287459861205864,0.2095973236040023,0.03240934887152349,0.026084492927701968,0.5132194590651368,False
42,77.0,17,14,1.234817797563997,0.22742463998019855,0.4248066231476328,0.20661482143577192,0.032058772903977,0.02584749422109706,0.5172304105737887,False
42,78.0,17,14,1.2264664192128083,0.23049007677372627,0.42197456589240573,0.20448742889921204,0.03158896921245783,0.02549916778179411,0.5195304056080413,False
42,79.0,17,14,1.222719731239935,0.23188270931239402,0.4206745589651034,0.20351559906331257,0.03094752217857053,0.024992273242802763,0.5207682266882901,False
43,0.0,17,14,-0.7556204415574174,0.4626642261269842,-0.27736231184934607,0.11530384517410784,0.29532085578279765,0.46466486852402894,0.6626393008468316,False
43,1.0,17,14,-0.6833152224081069,0.5056944580455843,-0.25070313280469503,0.10310670843836414,0.26662389117137547,0.38653753649441114,0.6893968267648757,False
43,2.0,17,14,-0.5798662292078789,0.5711771999740793,-0.2125587818048286,0.0879303278309245,0.23958449971791249,0.31591098113712107,0.7296144970793067,False
43,3.0,17,14,-0.42809158329402563,0.6748575401142278,-0.1566487772575605,0.07042694148794636,0.2153796892908963,0.25588697745618433,0.794506424240997,False
43,4.0,17,14,-0.19774388030600154,0.8458040063477164,-0.0720996723678217,0.05428890373399932,0.19473110908106514,0.2076745701112442,0.9010467537502622,False
43,5.0,17,14,0.15808671402841937,0.8761536202317295,0.057211228510772094,0.05269794863031714,0.17808841583328427,0.17108699980771566,0.919961301243316,False
43,6.0,17,14,0.6790805751704893,0.5038329672420062,0.24229222592876107,0.09953125132263392,0.16572325150925102,0.14490651160961485,0.6877702311949222,False
43,7.0,17,14,1.291880531510648,0.20670610485888025,0.45192176777485865,0.22768530118369906,0.1577812914632932,0.1273272403077962,0.4957205260071898,False
43,8.0,17,14,1.7602437007600593,0.0894608285024981,0.6061859626292444,0.3686428641061891,0.1543000140918566,0.1164702381569368,0.4128961315499912,False
43,9.0,17,14,1.9664864088745397,0.06028422885095025,0.6724759144822465,0.4371476842807524,0.15517304101360252,0.11077996123189092,0.37167427069695336,False
43,10.0,17,14,1.9962878084719398,0.0571923583896662,0.6809100404181615,0.4460509607038672,0.16007043536322596,0.10915530455248541,0.37167427069695336,False
43,11.0,17,14,1.9395072338609791,0.06440906431900854,0.6605040787961552,0.42456645467333254,0.1683654779189476,0.1108402272826146,0.37290022684850715,False
43,12.0,17,14,1.8361999142423084,0.07926964590659855,0.6242261804848483,0.3869681936300726,0.17911292458303554,0.11520232765035045,0.3920994274369567,False
43,13.0,17,14,1.7067880125795596,0.10182633704962554,0.5790308704346782,0.3416364182383193,0.19107931752634294,0.12151665336689856,0.43491927011026504,False
43,14.0,17,14,1.571493094328927,0.13079234224955633,0.532034313391626,0.2968684008821571,0.20279832454523172,0.12882366740552206,0.4538520427582829,False
43,15.0,17,14,1.4494658827093336,0.1622432535642508,0.48990571034247793,0.2592586074367573,0.2126421501713986,0.1359028163063805,0.46418795885475583,False
43,16.0,17,14,1.3527990692848662,0.1910803654322673,0.4567481117124416,0.2315666167484136,0.21893913496692124,0.14138873259004875,0.4781752938324862,False
43,17.0,17,14,1.2852656243701086,0.2133830490878471,0.4337550199066064,0.21342865209948983,0.22018435211542048,0.1440225632121738,0.5025469941134343,False
43,18.0,17,14,1.244708844571996,0.22759770485979275,0.4201088074793217,0.2030935953092417,0.21535751006761406,0.14296826438726812,0.5172304105737887,False
43,19.0,17,14,1.2257906576054944,0.23432973120183676,0.413950359288876,0.19853642990021855,0.20428046988509801,0.13806702096531218,0.5219232613406223,False
43,20.0,17,14,1.2218445937068072,0.2355151322335476,0.4130212005662532,0.19785469229256802,0.18785353498137058,0.12990307085986916,0.5219645178872445,False
43,21.0,17,14,1.2256119846889026,0.23371543137099976,0.41493008469147563,0.19925692716317772,0.1679870619823459,0.1196313828591234,0.5219232613406223,False
43,22.0,17,14,1.2284419295056317,0.23207250736942453,0.4169017645917096,0.2007120666068991,0.14716040773432748,0.10863356164412712,0.5207682266882901,False
43,23.0,17,14,1.2177240668517266,0.2352140529216896,0.4148610208861668,0.199206081410633,0.12775236948205707,0.09814902261868605,0.5219645178872445,False
43,24.0,17,14,1.1765845240492112,0.25004562550796433,0.40302920341009024,0.19062059950502006,0.11144107968521479,0.0890230015625005,0.5292360786215293,False
43,25.0,17,14,1.0981878035999957,0.2815863685965661,0.3783522045542531,0.1735257281284889,0.09893364365856128,0.08163417382179874,0.5569885984169708,False
43,26.0,17,14,1.0069748032557386,0.3224234620994585,0.34831476935907446,0.15422362566048892,0.09008252068043628,0.07597285756851957,0.5874979837779075,False
43,27.0,17,14,0.9413584409648283,0.35437687128548967,0.3261134758856856,0.1410340384984426,0.08423799505348092,0.07179055498635464,0.6009777395106346,False
43,28.0,17,14,0.9188571233622681,0.3658356355633534,0.31824268122491445,0.13657912143039164,0.08061499681380907,0.0687452718799107,0.6085104069158791,False
43,29.0,17,14,0.9360381648311666,0.357121347343598,0.3237739409569226,0.13969774762644724,0.07852619013026393,0.06650136395900122,0.6023989722214724,False
43,30.0,17,14,0.9831851582726118,0.33390128579220957,0.33939546005862015,0.14881425100121382,0.07745720489040389,0.06477807049910746,0.5929127365440431,False
43,31.0,17,14,1.0507984347585047,0.3024940904429769,0.3617973059040565,0.1626812296628059,0.0770421222429385,0.06336146895255147,0.572716084084374,False
43,32.0,17,14,1.1298854680675798,0.268593346400582,0.3878602310789682,0.1799814009646023,0.0770114069381175,0.06209893496218521,0.5473819842376199,False
43,33.0,17,14,1.2116623504836275,0.23672286268383447,0.41460125103936013,0.19901491082863007,0.07715627931102992,0.0608893266078348,0.5219645178872445,False
43,34.0,17,14,1.2886077068570085,0.2096271600627321,0.4395466680156168,0.21791259875686722,0.07731825405445311,0.05967361969403111,0.49882950269885257,False
43,35.0,17,14,1.3561941488659672,0.1880617775302369,0.46129167571160323,0.23525591068765214,0.07739058413747907,0.05842537832875102,0.47677425995219336,False
43,36.0,17,14,1.4138045236943124,0.17123978552648025,0.4797548282332219,0.2505943050830556,0.07731488842720965,0.057140052923817665,0.4660109598483706,False
43,37.0,17,14,1.46395680872467,0.15765889814832135,0.49587016261422556,0.26442406110265726,0.07706681054134379,0.05582440037175216,0.4614997159102095,False
43,38.0,17,14,1.510323102221473,0.145877952330134,0.5109067618351837,0.2776843795715041,0.07663781599980413,0.05448867121762295,0.45395636907619796,False
43,39.0,17,14,1.5558421604253139,0.13496460961504192,0.5258474503352735,0.29118599211127494,0.07602433057515709,0.05314302248839664,0.4538520427582829,False
43,40.0,17,14,1.6017757782435686,0.12457728326482703,0.5410920476118642,0.30528080962153537,0.07522783580445262,0.05179736638837852,0.44927341787840686,False
43,41.0,17,14,1.647590809372812,0.11483076035466196,0.5564317653302236,0.319770397690567,0.0742594589935028,0.05046277323775376,0.44620634109983337,False
43,42.0,17,14,1.691142229767878,0.10612091938764276,0.5711160161489598,0.33391122088118763,0.07314073845430115,0.04915295272781205,0.44044808734393104,False
43,43.0,17,14,1.7289759371987277,0.09897537820720659,0.5839538453272465,0.3464761927509394,0.07189924032474922,0.047884961142703776,0.4288850081539885,False
43,44.0,17,14,1.7570455851881401,0.09390482857194828,0.5935528895359369,0.3559864994522901,0.07056456813812911,0.046678440909227556,0.42008595949138106,False
43,45.0,17,14,1.7720638657806866,0.09124122038561419,0.5987736405843289,0.3611981856793313,0.06916945849041249,0.04555306024637733,0.4164214041053914,False
43,46.0,17,14,1.7730348976249959,0.09100208243467826,0.5992495411632881,0.36167458955177656,0.06775400867694194,0.04452492796225047,0.4164214041053914,False
43,47.0,17,14,1.76198053821097,0.09283501336584966,0.595640277741003,0.3580670303694123,0.06636674421224774,0.0436038569700938,0.41860644829649407,False
43,48.0,17,14,1.7432368511020095,0.0960786181935327,0.5894021320171224,0.3518624334934265,0.06505894639497722,0.04279316250375842,0.42350693099464065,False
43,49.0,17,14,1.721737012410871,0.0999403270862368,0.5822083891235957,0.34475724681340003,0.06387514651062504,0.042091949145037236,0.4308804521083263,False
43,50.0,17,14,1.7013977636959952,0.1037204785296152,0.5753953087376109,0.3380792809169347,0.06284618773407588,0.0414978484113145,0.4382931335490076,False
43,51.0,17,14,1.6844806704044226,0.10695539974165968,0.5697332386455324,0.33256883240487695,0.06198879164001063,0.041007774398226816,0.4404672051291093,False
43,52.0,17,14,1.6719548132885076,0.10940675802881888,0.5655397780793073,0.32851136221432675,0.061309908337106346,0.040616122693920044,0.4412725691048068,False
43,53.0,17,14,1.6641878921510458,0.11096399806771608,0.5629144121759265,0.32598161614316,0.06081011453897629,0.04031232712747578,0.4424513847003869,False
43,54.0,17,14,1.6612422320381963,0.11159444466423582,0.5618522546874942,0.3249604669227902,0.060481069234583344,0.040080191272811865,0.44264461086039397,False
43,55.0,17,14,1.6626426415708786,0.11138533432018749,0.5621850947762874,0.32528031182660566,0.06029752712138704,0.03989931855935236,0.44264461086039397,False
43,56.0,17,14,1.667134057821258,0.11058293935151078,0.5635104431552597,0.3265552233419791,0.0602110748505923,0.03974685184944398,0.44198097885139914,False
43,57.0,17,14,1.6729412379612392,0.1095301555456574,0.5652711932790577,0.328252186345942,0.06015459245426996,0.039598429686067575,0.4412725691048068,False
43,58.0,17,14,1.6783915188059286,0.10854094166492374,0.5669440002396358,0.3298677686685996,0.06005982664254603,0.039430011191305084,0.4404672051291093,False
43,59.0,17,14,1.6822939667278236,0.10783468774123227,0.5681485444630534,0.3310331289401363,0.05987945291015243,0.039223146342560626,0.4404672051291093,False
43,60.0,17,14,1.6837263874461317,0.10758669602368776,0.5685723935273848,0.3314435906003736,0.059599546851994104,0.03897313509221439,0.4404672051291093,False
43,61.0,17,14,1.6815071611961299,0.1080330604843323,0.5678031712961842,0.3306988184116232,0.05923461233564493,0.038694932504275005,0.4404672051291093,False
43,62.0,17,14,1.6739978700105114,0.10951301310695756,0.5652757841769996,0.3282566157057196,0.05881027900118924,0.03842071142022751,0.4412725691048068,False
43,63.0,17,14,1.6596605467903147,0.11237649748067571,0.5604685500145338,0.3236322084418312,0.05834694248377838,0.03818787150064177,0.44264461086039397,False
43,64.0,17,14,1.6380723249799727,0.11680046514058531,0.5532446802710527,0.3167355480166163,0.057854470029076566,0.03802352807329654,0.447563788741945,False
43,65.0,17,14,1.6105282875187632,0.12264788643289494,0.5440488182698979,0.3080503529495031,0.05733785242934312,0.03793481507917885,0.44927341787840686,False
43,66.0,17,14,1.5796178977787303,0.12948852473366412,0.5337572699466101,0.2984601573014481,0.05680583682244066,0.03791038483991185,0.4538520427582829,False
43,67.0,17,14,1.5480313406106945,0.13679229006628404,0.5232723237550659,0.28883639640133363,0.05627469874520012,0.0379304056158361,0.4538520427582829,False
43,68.0,17,14,1.5174641635618062,0.14417368241323808,0.5131531770068699,0.27969404387751245,0.055765369105557946,0.03797702319200819,0.4538520427582829,False
43,69.0,17,14,1.4883502665207713,0.15150696567275204,0.5035276665978767,0.27113493166748487,0.05529774442700616,0.038038761170346956,0.45806545110418134,False
43,70.0,17,14,1.4604796411593102,0.15882403122854594,0.4943035056776676,0.26306200093670257,0.05488643801639552,0.03810828649192864,0.4614997159102095,False
43,71.0,17,14,1.4338967468020787,0.16609216785179065,0.4854762869218674,0.25545805485213446,0.054538320308382515,0.038177513451858845,0.46517824412467296,False
43,72.0,17,14,1.4093354130648177,0.17307084505976308,0.47728286816806087,0.2485089133696969,0.05424914186434176,0.03823399651464131,0.4674181111186848,False
43,73.0,17,14,1.3879291943569667,0.17936500796881907,0.4701092463531165,0.24251240609312597,0.05399815448859711,0.03825975671647913,0.4694470412256856,False
43,74.0,17,14,1.370572183096015,0.18461250123329417,0.4642758128432191,0.2376975033195627,0.05374399630136577,0.038231545311748265,0.47350992682738047,False
43,75.0,17,14,1.3574923677673054,0.18864290140403445,0.45988750226573727,0.23411210068979355,0.05342668189473935,0.038121296610517844,0.47702265640621644,False
43,76.0,17,14,1.348263402869986,0.19150830698409477,0.45682623313370657,0.23162976088300125,0.052976682222375365,0.03789612847114944,0.47900837081877795,False
43,77.0,17,14,1.342088797208346,0.1934122358926136,0.4548346795870371,0.23002319487428988,0.05232608461091568,0.037517817905086966,0.4815521997381223,False
43,78.0,17,14,1.3381146564865325,0.1946100612238525,0.4536158691798173,0.2290432549783012,0.051414579635467944,0.03694234711618867,0.4827801697519102,False
43,79.0,17,14,1.3356546462843155,0.19532546055910635,0.45291384260177797,0.22847994311771674,0.050187186833959875,0.03612088965901173,0.48304235584783906,False
44,0.0,17,14,-0.7145897665408298,0.48710760549470966,-0.26259736574411446,0.10838579216758448,0.43218467757589496,0.6755193025589251,0.677060764394191,False
44,1.0,17,14,-0.6428075876609383,0.5311015977824387,-0.2361276267128764,0.0969932970888947,0.3867160667647535,0.5553346875316614,0.7044084349535503,False
44,2.0,17,14,-0.5411866791326506,0.5970764942613875,-0.19866530654661177,0.08305972073398321,0.3431631079556496,0.4477750963415873,0.744867705712226,False
44,3.0,17,14,-0.39628606581633297,0.697865631187172,-0.14529724236040148,0.06754724159293583,0.30343337396435943,0.35761267324451185,0.8076332448182197,False
44,4.0,17,14,-0.18824925648826152,0.8532685311063081,-0.06886402512956002,0.05391172320347572,0.2688324613950728,0.2864569590825229,0.9049817754157813,False
44,5.0,17,14,0.10565031773018604,0.9171837187446353,0.038482864002610064,0.05121961188544571,0.24026071829844634,0.2335620588703718,0.9476436946439036,False
44,6.0,17,14,0.49157714447785417,0.6288676847740643,0.17772516971475683,0.07637267442615027,0.21822900253730212,0.19650476688044663,0.7648036241664851,False
44,7.0,17,14,0.9222003059476924,0.36633904341575696,0.32983671659192015,0.14318177015922323,0.20283610419494277,0.17202477503476313,0.608753306566243,False
44,8.0,17,14,1.294248024891495,0.20674693366410973,0.4572777198476424,0.23199488809704566,0.19380442648199403,0.15694949056392984,0.4957205260071898,False
44,9.0,17,14,1.519058801664151,0.13963810380998312,0.5307141481679104,0.29565148434951133,0.19056545686385842,0.1488646369341595,0.4538520427582829,False
44,10.0,17,14,1.5756271428190558,0.12608602158365786,0.5456687094919965,0.30957247197834015,0.19233865783639234,0.14630992732501755,0.45101032560797416,False
44,11.0,17,14,1.495102828292759,0.14628433211350245,0.5147098120373084,0.28109090556838406,0.19817299387658058,0.14856187652167127,0.45395636907619796,False
44,12.0,17,14,1.3267626732214266,0.19593278978545667,0.455148972522054,0.23027629272775005,0.20694845865589023,0.15520604992998427,0.48335842414033364,False
44,13.0,17,14,1.1188831242103294,0.2734700051008763,0.3831912810712131,0.17679069436349348,0.21734082903133328,0.16566982264359068,0.5515361447412631,False
44,14.0,17,14,0.909111944516515,0.3717055320078644,0.31128367905774573,0.13273680681041414,0.22777883636350255,0.17882929449199542,0.6118209932461256,False
44,15.0,17,14,0.7195729046005553,0.47816497536393143,0.24665078859567227,0.10136780330158736,0.23647433899635958,0.1928021076297353,0.6721184579104499,False
44,16.0,17,14,0.5595333843320226,0.5804282717583862,0.19222840300941768,0.08092080512911198,0.24161271295983844,0.20504987116539186,0.7353421988484948,False
44,17.0,17,14,0.432029766566893,0.6690534831562649,0.14891726675380096,0.06844120128963622,0.24170216899993172,0.21285195309610752,0.7893327610270541,False
44,18.0,17,14,0.33894664275288894,0.7371273777443995,0.11731582715080864,0.06140141242899579,0.23595442083962262,0.21404560862747385,0.8331523662279563,False
44,19.0,17,14,0.28291982750463374,0.7792491504796338,0.09837343245108679,0.05800146063762705,0.2245182029266091,0.20773858808189405,0.8578443937797446,False
44,20.0,17,14,0.2669014070347134,0.7914434714158538,0.09322625493778952,0.057182678962254055,0.2084549342193857,0.1946416483074541,0.8652657474915192,False
44,21.0,17,14,0.29242722581865344,0.7720905881020792,0.10254532436213545,0.05869796302963086,0.18946988620395658,0.17682800026190268,0.853925074398613,False
44,22.0,17,14,0.3568848320230833,0.7238750505247418,0.12549341244373516,0.06305824206979306,0.16950576422472374,0.15702516511637415,0.8246677790788197,False
44,23.0,17,14,0.4498021611315269,0.6563766492007793,0.15833875796923752,0.07087489969371896,0.1503350622831936,0.13778056068892716,0.7802358949449264,False
44,24.0,17,14,0.5507261452914431,0.5862398689081214,0.19373836426155566,0.08141588580101927,0.13326615780326218,0.12086009035993586,0.7392166473097153,False
44,25.0,17,14,0.6360520878993957,0.5298922663176442,0.22334057494129103,0.09195071242375698,0.11902507412565357,0.1070558764420837,0.7040234014456244,False
44,26.0,17,14,0.6962087834645024,0.49194122902667203,0.2439265577125646,0.10021580841462048,0.10780657953120104,0.09634845233003618,0.6792832313135416,False
44,27.0,17,14,0.7451371827584504,0.46223491041463005,0.2605169669096592,0.10744355051026487,0.09943035978774803,0.08823706734197914,0.6625892913793332,False
44,28.0,17,14,0.8095186956003717,0.4248232570329964,0.28241344003101815,0.1177636202495788,0.0935171930059965,0.08205749161216516,0.6406670303549676,False
44,29.0,17,14,0.9120163461278056,0.3692800969765322,0.3173667237474644,0.13609048952091907,0.08962175666882621,0.07719202125102274,0.6109243446519578,False
44,30.0,17,14,1.06227271905463,0.2969248640441604,0.3684966010903925,0.16700887540470108,0.08730202127445133,0.07316345667708112,0.5680346045408328,False
44,31.0,17,14,1.2551289264503378,0.21968860873248877,0.4337355758058403,0.21341369561684853,0.08614173071600509,0.06965097052505267,0.5111287170249619,False
44,32.0,17,14,1.4725822625424674,0.15229490206656432,0.506642703971609,0.27388995773832114,0.08575598661175732,0.06646962933900745,0.4584048785785354,False
44,33.0,17,14,1.689043009134354,0.10324152990899804,0.5784093203254314,0.34102724294683856,0.08580127883574754,0.06353752240894751,0.4379943693109008,False
44,34.0,17,14,1.8798991693525406,0.07222407201097966,0.6409021696613336,0.40414043117152676,0.08599261230608732,0.06083772202243889,0.38575509556400883,False
44,35.0,17,14,2.030197407119826,0.054250389725014274,0.6895032762892959,0.45515077081805533,0.08611669464474422,0.05837826149253622,0.37167427069695336,False
44,36.0,17,14,2.138281327629607,0.044173608607780405,0.7240763562696039,0.4919559499852688,0.08603046071813127,0.05615821955388727,0.37167427069695336,False
44,37.0,17,14,2.212589718934137,0.038393350236430486,0.7476986094875003,0.5171646850785546,0.08564551058333689,0.05415019796987776,0.37167427069695336,False
44,38.0,17,14,2.2650468601017066,0.034765837116522744,0.7644259970531202,0.5349808233214244,0.0849094446516541,0.05230278721431546,0.36402193906685537,False
44,39.0,17,14,2.3056995754797986,0.03213802075206926,0.7775752855987226,0.5489390106920897,0.08379519047180196,0.05055616544528156,0.35098821582601636,False
44,40.0,17,14,2.340601929200834,0.02997058039278195,0.7890913889327987,0.5611147733756906,0.08230074359366636,0.04885908727529451,0.3376899021132159,False
44,41.0,17,14,2.3722588558271287,0.028067820975258666,0.7997360099106017,0.5723182705842477,0.08045346006453653,0.04717916145038583,0.3376899021132159,False
44,42.0,17,14,2.4010458952243137,0.026390870822308517,0.8095767678530545,0.5826243227671513,0.07831173618193688,0.04550532202089469,0.3376899021132159,False
44,43.0,17,14,2.4264108082421294,0.024952198232766544,0.8183898625923197,0.5918064093831357,0.07596116196811918,0.043845447063173136,0.3346321985274807,False
44,44.0,17,14,2.4474574078961475,0.02377607278747935,0.8258481725397083,0.5995380031523622,0.07350627347446548,0.04222181524374048,0.3346321985274807,False
44,45.0,17,14,2.4631757613544565,0.02288959019659705,0.831587291460423,0.6054611305799333,0.07105951144033104,0.040665377683681905,0.3346321985274807,False
44,46.0,17,14,2.4727771443571247,0.022311739289380635,0.8353109235813185,0.6092912358948984,0.06872752467317714,0.03920929872774554,0.3346321985274807,False
44,47.0,17,14,2.476233378907005,0.022032322248789444,0.8369771491209578,0.6110016996273014,0.066595251717121,0.037882869987108415,0.3346321985274807,False
44,48.0,17,14,2.4746178629995814,0.02199641525230715,0.8369284486830437,0.6109517365460031,0.06471158057337353,0.036707180976610895,0.3346321985274807,False
44,49.0,17,14,2.4698410689951937,0.02211240838845339,0.8358131831938378,0.609807054975767,0.06308370702703525,0.035693072317661216,0.3346321985274807,False
44,50.0,17,14,2.463923174984875,0.022282535121332547,0.8343310337673111,0.6082843386868683,0.06168567619050094,0.03484078896525832,0.3346321985274807,False
44,51.0,17,14,2.4583629023764386,0.022435092419610395,0.8329926523607272,0.6069078969931863,0.06047879781898214,0.034140643964972246,0.3346321985274807,False
44,52.0,17,14,2.453976748018172,0.022537363081167706,0.832039786519934,0.6059271172435219,0.059433002083559394,0.03357474194672934,0.3346321985274807,False
44,53.0,17,14,2.451107021583449,0.022586282955414875,0.8315150500736048,0.6053867212438147,0.05853655566381107,0.03311996834346788,0.3346321985274807,False
44,54.0,17,14,2.449867794275313,0.022590125104255322,0.83137853708954,0.6052461010310404,0.057789407764124785,0.032751429403181286,0.3346321985274807,False
44,55.0,17,14,2.4502713666760165,0.022553537540148026,0.8315999293268946,0.6054741473106259,0.057186846288852726,0.03244472616169676,0.3346321985274807,False
44,56.0,17,14,2.4523098279777393,0.022469070737596963,0.8322144288364354,0.6061069261675842,0.056706026656774364,0.03217650134057592,0.3346321985274807,False
44,57.0,17,14,2.4559308331701444,0.022321068264003492,0.833300550869881,0.607224670531258,0.056304322927377595,0.03192498546159568,0.3346321985274807,False
44,58.0,17,14,2.4605714268897634,0.02211504166424788,0.8347835019477334,0.6087493682923121,0.05592937484683732,0.03167313956994267,0.3346321985274807,False
44,59.0,17,14,2.464152510316205,0.02193005863028702,0.8360660297975308,0.610066654539042,0.055533703446094505,0.03141471859594968,0.3346321985274807,False
44,60.0,17,14,2.462154434858434,0.02196257766940749,0.8357100429737344,0.6097011460355052,0.055086241509396616,0.031159562018871156,0.3346321985274807,False
44,61.0,17,14,2.447871488528914,0.02252789465487361,0.8315225924286196,0.6053944901232775,0.054577456178665974,0.030932328537233007,0.3346321985274807,False
44,62.0,17,14,2.414653290015282,0.024012308895828234,0.8212926584436027,0.594819998296055,0.054018888100274075,0.03076163439923425,0.3346321985274807,False
44,63.0,17,14,2.359734865641346,0.02677598643225886,0.80403976795802,0.576832026168319,0.053438668495373834,0.030663418996815794,0.3376899021132159,False
44,64.0,17,14,2.287478911620523,0.030977822793448486,0.7810785707537995,0.5526483735944976,0.05287330664662359,0.030628505977883858,0.34389477286119025,False
44,65.0,17,14,2.209029925189187,0.03633476233827673,0.7559440246175746,0.5259532176760607,0.05235627408100703,0.030623888992527944,0.37167427069695336,False
44,66.0,17,14,2.1374876181028295,0.042033161273373414,0.7328696848141675,0.5013412712072218,0.051906459230565034,0.03060874895381181,0.37167427069695336,False
44,67.0,17,14,2.0816643880713968,0.047082772679905516,0.7147634890316685,0.48202139343392064,0.05152153941316659,0.030555358245953613,0.37167427069695336,False
44,68.0,17,14,2.0428087162368573,0.05093958594098397,0.7020987038290166,0.4685308566187699,0.05117994798704055,0.030460993454693722,0.37167427069695336,False
44,69.0,17,14,2.015901829180034,0.053786107583210355,0.6932927651305018,0.4591715859844967,0.05085097252368419,0.030343904569411224,0.37167427069695336,False
44,70.0,17,14,1.9937301308194622,0.056243491152916936,0.6860208131544254,0.45145984240620624,0.0505083759051087,0.03022866365493836,0.37167427069695336,False
44,71.0,17,14,1.9706572357891892,0.05890972510497713,0.6784527037220397,0.4434538625186313,0.050140980394157646,0.030133095097538844,0.37167427069695336,False
44,72.0,17,14,1.94396863118379,0.06213676890406318,0.6697033742650207,0.4342277576147123,0.04975469529033749,0.03006475650490515,0.37167427069695336,False
44,73.0,17,14,1.9128759337415717,0.06609800021697952,0.6595156755550244,0.42353104317142326,0.0493642842342954,0.03002443396887272,0.37515081204231615,False
44,74.0,17,14,1.8770658596568848,0.07094233828869843,0.6477865313245995,0.41128703687628904,0.04897822503912466,0.030007809424004318,0.3811827131930065,False
44,75.0,17,14,1.8365108971951116,0.07681360360370335,0.6345001632739398,0.39752361723445695,0.04858356320981954,0.03000002696196549,0.391185760243823,False
44,76.0,17,14,1.7924274070615491,0.08368736352482746,0.6200409070766787,0.3826920870859598,0.04813755623979298,0.029966904737204196,0.40159101388353535,False
44,77.0,17,14,1.7478522834829084,0.0911894813958976,0.6053915844907879,0.36784254646342945,0.04756943031779185,0.02985152586977327,0.4164214041053914,False
44,78.0,17,14,1.7068362008236215,0.09860959528246312,0.5918822799549657,0.35432452717423835,0.046791014262969555,0.029581216675494883,0.4285195332828539,False
44,79.0,17,14,1.672846975778741,0.10515148832832198,0.5806707841642874,0.34324570705741425,0.04571176717770588,0.029081890170007497,0.4400947712762131,False
45,0.0,17,14,-0.7218191859636929,0.48275423668102235,-0.2652081506292353,0.1095796031502326,0.39275032283842065,0.5657018102584984,0.6756682457296175,False
45,1.0,17,14,-0.6520193020306436,0.5252967720905365,-0.23948305101995893,0.09836606850216213,0.34943628025323276,0.46998765222601585,0.7030556953512623,False
45,2.0,17,14,-0.5532010085543524,0.5890385805790845,-0.20306557092378877,0.08456467561456463,0.30809836493051534,0.3834379488308617,0.7408646388335741,False
45,3.0,17,14,-0.41234638177971156,0.6863297261857091,-0.15118852240563044,0.0690137276515789,0.27047106639099894,0.30997460663300525,0.8016458447221261,False
45,4.0,17,14,-0.21019025234126298,0.8364182477975398,-0.07688850945394371,0.05487924832725653,0.23766704745617617,0.25125888640229527,0.8957815488524438,False
45,5.0,17,14,0.0730126500102438,0.9426976099909434,0.026577962607691377,0.050581517800679106,0.21040532640591672,0.20728369378227973,0.9623649897416153,False
45,6.0,17,14,0.41805524181979303,0.6805540440030844,0.15076376643521056,0.06890597412343252,0.18908711103524126,0.17678535113747218,0.7983960923273195,False
45,7.0,17,14,0.6844671855355913,0.5003795948629841,0.2439639749520748,0.10023153853540342,0.1738429415004445,0.15772738222839114,0.6858815860618905,False
45,8.0,17,14,0.7215089386483114,0.47705524206546923,0.2553894796665279,0.10515544910094461,0.1646181867301549,0.14785943303397014,0.6717485137476388,False
45,9.0,17,14,0.6106411491688819,0.5466058723733115,0.21562207356812432,0.08905113378907555,0.16125223499658356,0.14514798443649896,0.7142581272391729,False
45,10.0,17,14,0.4900896734792223,0.6279855487545887,0.1726640334531154,0.07487346169247346,0.16345623699297182,0.14794136714431033,0.7639654963626608,False
45,11.0,17,14,0.4098931244038781,0.6849844012529442,0.14386287718858332,0.0671993261078345,0.17064883680216628,0.15492857561546053,0.8011750218950885,False
45,12.0,17,14,0.36415754610524653,0.7183931470053291,0.12715646157878602,0.06340921187036302,0.18171893347429185,0.16502556702675936,0.8208346091378051,False
45,13.0,17,14,0.33007099695709863,0.7437249861777193,0.11462179826881924,0.0608806262503502,0.19487180100805562,0.1772398589069842,0.8370642988690723,False
45,14.0,17,14,0.2860894806706728,0.7768895431599158,0.09887908658942927,0.05808431167563398,0.20771862123729712,0.19048270390492078,0.8567884677299727,False
45,15.0,17,14,0.2189681191208621,0.8282804746370527,0.07544744550087237,0.05469756642300035,0.2176645715823833,0.20334216820620177,0.8902822760014385,False
45,16.0,17,14,0.12520949959704808,0.9012703537315758,0.043099602065523435,0.05153008114804738,0.2224821673869077,0.21395884613974459,0.936636860758058,False
45,17.0,17,14,0.009400265330712122,0.9925670899814409,0.0032393696073468327,0.05000863554575434,0.22083681259365745,0.2202003510754905,0.9950052134875628,False
45,18.0,17,14,-0.11896680171246617,0.9061409340260875,-0.041114802005185275,0.05139228580114763,0.21255374406734068,0.2201965867482671,0.9397017093603871,False
45,19.0,17,14,-0.24910152611979822,0.8050455222192672,-0.08644470905279406,0.05617211010672009,0.1985590792061473,0.21303578589338398,0.8731287781332271,False
45,20.0,17,14,-0.3720068573976073,0.7125957216225938,-0.12971536745280862,0.06395852461442995,0.18057381543421527,0.1992394347002381,0.8179103081614808,False
45,21.0,17,14,-0.48192917824344805,0.6335431113165565,-0.16888345813963238,0.07378311716061509,0.16069370717689405,0.18070742085180913,0.7667559622544019,False
45,22.0,17,14,-0.5752680763325704,0.5698004281492447,-0.20257958273862772,0.08439674992709646,0.14096328282372944,0.1601249485795339,0.72901686876856,False
45,23.0,17,14,-0.6473361914385568,0.5230698145590982,-0.22901236943017003,0.0941505306455803,0.12302082279340099,0.1401306668746797,0.7010461420009076,False
45,24.0,17,14,-0.6906738317385083,0.49621104051643117,-0.2453539735128221,0.10081771589724954,0.10788136433198223,0.12264136290134786,0.6823950683628438,False
45,25.0,17,14,-0.7009020544093688,0.49025141534486416,-0.24982289638679486,0.10272641561293727,0.09590304553110895,0.10857584211264985,0.678585410057319,False
45,26.0,17,14,-0.6846516725994084,0.5005358968749407,-0.24463412097129802,0.10051370251391553,0.08692266805545605,0.09796877636822718,0.6858815860618905,False
45,27.0,17,14,-0.6536598470620523,0.5201302101584189,-0.23396517437630945,0.0961195306613509,0.08047954714100788,0.09029525286493248,0.699055002452915,False
45,28.0,17,14,-0.612670994733591,0.5465232171949652,-0.21954573365069396,0.09051159168295253,0.07602454667202967,0.0848089287429533,0.7142581272391729,False
45,29.0,17,14,-0.5579738410772375,0.5826887058223376,-0.20006460455423358,0.08353452691742336,0.07304776571078028,0.08077999966493224,0.7367664519178578,False
45,30.0,17,14,-0.48324698299624025,0.633856064309206,-0.17326713470152155,0.07504973451946463,0.07111970723437556,0.07761435702471105,0.7667559622544019,False
45,31.0,17,14,-0.38462546149934956,0.7042825245416604,-0.13780125787436961,0.06576842476645589,0.06988329281498729,0.07488849020784247,0.8126599309235992,False
45,32.0,17,14,-0.26300102586745955,0.7949777413725553,-0.09407114660054626,0.057314010953031895,0.06903966610833333,0.07234176793138938,0.867999960250797,False
45,33.0,17,14,-0.1243037158056356,0.9021474743156986,-0.04434464973951397,0.05161984628231265,0.06834966516231795,0.0698510629271805,0.9367167842091308,False
45,34.0,17,14,0.021616369480429786,0.982929298044704,0.007683935925540875,0.05004858998845571,0.06764691200814525,0.06739584775199804,0.9905946135063604,False
45,35.0,17,14,0.16329297890769834,0.8715529847447736,0.057795126425290944,0.05275339100752493,0.06684516980734996,0.0650164045442818,0.9160848890747986,False
45,36.0,17,14,0.2907365968414349,0.7734489620044752,0.10242572982484716,0.05867758628259559,0.06592731639671078,0.06277140076797072,0.8544898659584733,False
45,37.0,17,14,0.39820715346004476,0.6934663745470891,0.13967134088789748,0.06620308820379257,0.06491822367248555,0.06070467923111022,0.8051302759081616,False
45,38.0,17,14,0.4851712906447476,0.6312243245724107,0.1695529082821333,0.07397435389584549,0.06385499361540813,0.05882853136013368,0.766041559317349,False
45,39.0,17,14,0.5550066934235104,0.5831492607941265,0.1934518028916605,0.08132161540113039,0.06276702708442572,0.05712351891193797,0.7367942527957879,False
45,40.0,17,14,0.6126610138559068,0.5448754253143487,0.21322095482694817,0.08817116559912622,0.06166908806230434,0.05554896937110533,0.7130845394422592,False
45,41.0,17,14,0.6627225743005088,0.5127431253177536,0.23050260974781703,0.0947382625415156,0.0605629626594877,0.05405715387299066,0.6944339344877698,False
45,42.0,17,14,0.7084272714481255,0.48433754413245456,0.2464059692611421,0.10126371790754138,0.05944275789382605,0.052606399708127756,0.6759470414325844,False
45,43.0,17,14,0.7514737695165334,0.4584236352402974,0.26147239593235994,0.10787528202620783,0.05830200029773028,0.05117064358107256,0.6605092768355517,False
45,44.0,17,14,0.792388523375559,0.43456875985241394,0.27582758200303636,0.11456588154318326,0.05714166715508749,0.04974406346491317,0.645893998719011,False
45,45.0,17,14,0.8310624806823008,0.4127290760818094,0.28938661639441177,0.12123754782545669,0.055976090823873115,0.04834050699946946,0.6345716060615669,False
45,46.0,17,14,0.866983168094556,0.39306921033582987,0.30194500849270256,0.12772295877829953,0.054832388524152564,0.046988786291172126,0.6247457647721799,False
45,47.0,17,14,0.8990053697359367,0.37605494510565973,0.31310090587805817,0.1337314222957083,0.0537421307685409,0.0457253408525165,0.6134250654732615,False
45,48.0,17,14,0.9251384979192899,0.36252937326941315,0.3221766237015967,0.13879127444165595,0.05272960424084753,0.044585094448623366,0.606818662049417,False
45,49.0,17,14,0.943035598321731,0.3534536382423734,0.32837984774154416,0.14233829758656813,0.051803952595206856,0.043591515810488105,0.6007957925638983,False
45,50.0,17,14,0.9511979355302552,0.349365103158248,0.3312111548632564,0.14398115413822374,0.05095971193826573,0.04274903888333324,0.5985163407125732,False
45,51.0,17,14,0.9500037372289066,0.3499614003822308,0.33081213560328027,0.14374871785801585,0.05018432919825988,0.04204248199562272,0.5985163407125732,False
45,52.0,17,14,0.9416426882800986,0.35415488107974313,0.32794047618085215,0.14208469639495905,0.04946723383350186,0.04144525361653693,0.6009777395106346,False
45,53.0,17,14,0.9290150914799615,0.36055136360633155,0.32359300497156424,0.13959482732715442,0.0488053583996975,0.040931828173802746,0.6047184268139472,False
45,54.0,17,14,0.9145444538607783,0.3679746924876126,0.3186007279429995,0.13677926248700267,0.04820308102700962,0.04048614842581193,0.6102640507198314,False
45,55.0,17,14,0.899742932083026,0.3756705573123549,0.3134822699537751,0.13394093712166874,0.047667619872585165,0.04010075862643815,0.6134250654732615,False
45,56.0,17,14,0.8855415589516739,0.3831518278038447,0.308559291489712,0.13125725308842545,0.04720261469332882,0.039769095982544085,0.6184631906368913,False
45,57.0,17,14,0.8727680066571961,0.3899622209818825,0.30412157211258234,0.12887695655641793,0.046803000790536065,0.039478451162747584,0.6229641787568864,False
45,58.0,17,14,0.862225440136025,0.3956410032073092,0.3004533478200524,0.12693720769409558,0.04645357491186694,0.03920951943430749,0.627053665460641,False
45,59.0,17,14,0.8543602846572426,0.39991165751139046,0.2977163762971842,0.12550629295966495,0.046132155651675395,0.03894255043682214,0.629266610579046,False
45,60.0,17,14,0.84892901847531,0.4028778242874269,0.29583148208428345,0.12452899461242292,0.04581645800594667,0.0386653300538082,0.6315720791317673,False
45,61.0,17,14,0.8450383771907668,0.40501129902793354,0.2944890737784713,0.12383701780958874,0.04549221647310834,0.03837774064515139,0.6323602842492813,False
45,62.0,17,14,0.8415835520264483,0.4069117966875363,0.29329920080083144,0.12322648388853842,0.04515902857816717,0.03809050492855985,0.6330081399916646,False
45,63.0,17,14,0.8378023883626577,0.4089979585802407,0.29198579603902525,0.1225556356830293,0.044830472477961084,0.037819183913589675,0.6336765174437174,False
45,64.0,17,14,0.8335707620830299,0.41134009605169797,0.29049556547335625,0.12179837171286438,0.044527177979855365,0.03757672983040052,0.6345716060615669,False
45,65.0,17,14,0.8291869485546195,0.4137748550636837,0.28893055632675063,0.12100757284096336,0.04426548165215173,0.03736838702438206,0.6346394612054066,False
45,66.0,17,14,0.8247176044919943,0.4162662580223283,0.2873241095713171,0.12020059071561312,0.044047613744722595,0.037191386557670236,0.6371035349020755,False
45,67.0,17,14,0.8193509253437704,0.4192706238576538,0.28541232271486655,0.11924649982594092,0.04385899176720173,0.037038974143160645,0.6384060254509291,False
45,68.0,17,14,0.8112994202081878,0.42380388095822885,0.28259181237241,0.1178513522914994,0.043673869756268274,0.03690540442438705,0.6404712323926457,False
45,69.0,17,14,0.7984675720348096,0.4310913316713698,0.2781432874633072,0.1156810550411617,0.04346566454388293,0.0367880099722124,0.6437630552959123,False
45,70.0,17,14,0.7795749204188676,0.4419594601285014,0.27161766632945583,0.11256407301290015,0.04321640058114779,0.03668510491244235,0.6484937488668066,False
45,71.0,17,14,0.7550770543008202,0.45629552728917544,0.2631587791958005,0.10864143827583655,0.042921350783165696,0.03659204246883036,0.6600830819567866,False
45,72.0,17,14,0.7273026003400713,0.4728775703789839,0.2535593421309876,0.10435053716516506,0.042587821592284636,0.0364988844489192,0.669456480200025,False
45,73.0,17,14,0.6996973324190146,0.48969933188746295,0.24400685093670932,0.1002495666662605,0.042229120374651326,0.03639098812039382,0.678585410057319,False
45,74.0,17,14,0.6756098006279038,0.5046504210049292,0.23566443427093345,0.09680541733316295,0.04185578528928191,0.03625076863773325,0.6883459057820956,False
45,75.0,17,14,0.657271328698108,0.5162009803784658,0.22931271163245212,0.09426865537701548,0.04146662376001563,0.03605789415517218,0.6963739135726627,False
45,76.0,17,14,0.6454079224443552,0.5237497078328366,0.2252088951939199,0.09266886651012074,0.04104207475935323,0.03578684884552145,0.7014877830128877,False
45,77.0,17,14,0.639500443279599,0.5275311815416382,0.22317320069429736,0.09188668658563656,0.0405417236056933,0.03540339951036254,0.7037472617707403,False
45,78.0,17,14,0.6383793969750907,0.5282508459960027,0.22279505349501533,0.09174222134384324,0.03990658323595474,0.034862859232203565,0.7037741401329695,False
45,79.0,17,14,0.6407595551368468,0.5267246639313012,0.2236210837354149,0.09205813011648645,0.03906545528666506,0.03411229016295955,0.7037472617707403,False
46,0.0,17,14,0.28063075531986753,0.7811201579784303,0.09892217186208319,0.05809139115561339,0.6813233536308958,0.590162611771108,0.8583110802400241,False
46,1.0,17,14,0.368993984675772,0.7148965385089667,0.1295470326556797,0.06392204268926166,0.5837061944250058,0.48819629645810353,0.8190676413014758,False
46,2.0,17,14,0.481359357113004,0.633894293187308,0.16817281011697127,0.07358097615566653,0.4915002261555185,0.39574850023704855,0.7667559622544019,False
46,3.0,17,14,0.6206968565378338,0.5396556043233786,0.21563386423999348,0.08905548064617055,0.40864569811433077,0.316973970739408,0.7099375687920897,False
46,4.0,17,14,0.7884540283236126,0.43701552673130684,0.27225012308966157,0.11286270139340888,0.3374177301396304,0.25364899436302096,0.6470500160769055,False
46,5.0,17,14,0.9804117708711579,0.33569903604118856,0.3365572857793864,0.1471240569565278,0.278903153954642,0.20578913036457017,0.5940741368144629,False
46,6.0,17,14,1.1771674480062884,0.2501270514437466,0.402397816482548,0.190169481005328,0.23320347465022637,0.17206794781135157,0.5292360786215293,False
46,7.0,17,14,1.3223560883501861,0.19795047926787185,0.4519641574952986,0.22771922118701424,0.19964701276127042,0.15031364036373887,0.4849298349539143,False
46,8.0,17,14,1.306054476552561,0.2024774380181179,0.4491451690196129,0.2254700572462126,0.17711765244576097,0.1380976753635896,0.4882709510101982,False
46,9.0,17,14,1.083967169953165,0.2873665545782157,0.3758941010630326,0.17188364674360987,0.16436771908470782,0.13320239615615753,0.5609323915856729,False
46,10.0,17,14,0.8161626643635433,0.42106219454890703,0.28391455864812126,0.11850379309394046,0.16012701475189287,0.13381479281854158,0.6393954385436853,False
46,11.0,17,14,0.6364912376020655,0.5294654395237999,0.22095090289320848,0.09104142143269597,0.1629576030645426,0.13850285380067898,0.7037741401329695,False
46,12.0,17,14,0.5422909630899896,0.5918573237589847,0.18741369088672571,0.07936938822028312,0.17097852082522302,0.1461180759995822,0.7417953413228882,False
46,13.0,17,14,0.48758070345372756,0.6297508197037989,0.16769719910539457,0.07344618756728886,0.18168342761467673,0.15568376855690821,0.7651745736034586,False
46,14.0,17,14,0.4326354771066262,0.668847183984267,0.14822102033661896,0.06826749401493716,0.1920600795323572,0.16623225491313987,0.7893327610270541,False
46,15.0,17,14,0.352404111756134,0.7274637366216452,0.12046874554891324,0.062026653427263864,0.19908157891333048,0.17658228555594652,0.8265299966292161,False
46,16.0,17,14,0.23476562715969246,0.8162894084716745,0.08024614498188207,0.05531605142803207,0.20041773718578185,0.1851760280488421,0.8819075281237384,False
46,17.0,17,14,0.07773918287696462,0.9386321388582601,0.026628641343522604,0.050583738370082704,0.1950412253249499,0.19017040479920003,0.9609396668384382,False
46,18.0,17,14,-0.1123658446441238,0.9113567025519567,-0.038652192635553764,0.05123037631062083,0.18341971306151733,0.1898733249515771,0.9435738536722407,False
46,19.0,17,14,-0.3222695711196818,0.7495972131177037,-0.1115114772235594,0.060294760627942715,0.1672057830029463,0.1833697938445879,0.8399221774373558,False
46,20.0,17,14,-0.5339559415577197,0.5974427968288228,-0.18601983975131184,0.07892797709215048,0.14860660041169135,0.17099035751557287,0.7451402365793781,False
46,21.0,17,14,-0.7284473634955865,0.4723217448371668,-0.25547367294461276,0.10519262702401419,0.1297422082069605,0.15431605563579515,0.668960568045992,False
46,22.0,17,14,-0.8896269882496977,0.38150970474348134,-0.3137188730128757,0.13407105952599813,0.11222496708624145,0.1356822992726519,0.6180677955342803,False
46,23.0,17,14,-1.0059381009927248,0.32373382108268234,-0.3560334969570123,0.1590243227245757,0.09701729799296874,0.11743835965447233,0.588094615583916,False
46,24.0,17,14,-1.0703264603238087,0.2945695845407909,-0.379540592168878,0.17432357478633947,0.084493512459624,0.10132489782926914,0.5655559972576992,False
46,25.0,17,14,-1.0819251739938358,0.2896353552396062,-0.38407379653694895,0.17739074903574392,0.07459906599136329,0.08820315122557579,0.5622011907598207,False
46,26.0,17,14,-1.0500248020182763,0.3039923247487013,-0.37331177726454795,0.17017052573071847,0.06702841623285656,0.07814002667617952,0.5732926021688836,False
46,27.0,17,14,-0.9915136583946185,0.3314945978849424,-0.3532989021021768,0.15731087256859852,0.061376415096491645,0.07069307183596793,0.5914667282866679,False
46,28.0,17,14,-0.9185867673448577,0.36795209817077323,-0.32806694641424505,0.14215765686097895,0.05723985871986077,0.06521697236572764,0.6102640507198314,False
46,29.0,17,14,-0.8317415621406905,0.4144353657884412,-0.2975285791378077,0.12540862421344368,0.05426348044816919,0.061084227961021594,0.6352658891647639,False
46,30.0,17,14,-0.7250953126965893,0.4760525115156027,-0.2595110141994316,0.10699081572922398,0.05214296463547921,0.05779658173583331,0.6717485137476388,False
46,31.0,17,14,-0.594886326214354,0.5579233015063779,-0.21274357661609322,0.08799745936861218,0.050610110575614986,0.055012892238462736,0.7199557263486227,False
46,32.0,17,14,-0.44420307115789853,0.6610377471447207,-0.15851188398116084,0.07092107201367011,0.04942484289824211,0.05253024061388532,0.7831758922448031,False
46,33.0,17,14,-0.2830242124170395,0.7795490721252442,-0.10063516828061587,0.05837540371159135,0.04838554256223257,0.050246343516607075,0.8578443937797446,False
46,34.0,17,14,-0.12448866252407129,0.9018846597735825,-0.04404910431609363,0.051598305873658865,0.047351077286009874,0.04811974818810382,0.936636860758058,False
46,35.0,17,14,0.020545335108133955,0.9837556342328393,0.00722688037353398,0.05004298130311774,0.04625632019972184,0.04613679634040173,0.9909143334173889,False
46,36.0,17,14,0.14764373521282495,0.8836526543942448,0.05159894091821195,0.052193927124368183,0.0451057826851208,0.04428994303810283,0.9253291872318706,False
46,37.0,17,14,0.25950452214579645,0.7970838539440164,0.09012201527839371,0.05671048225076837,0.043944957168050885,0.04256792288978133,0.8689817486216402,False
46,38.0,17,14,0.36320195891985496,0.7191580287868953,0.12545895301944426,0.06305101996609778,0.042823977350307914,0.04095439272120888,0.8215223175625458,False
46,39.0,17,14,0.4659798156758161,0.6449232199393069,0.1603278263913976,0.07140854371234436,0.04177148112896985,0.03943012833117975,0.7730564934266979,False
46,40.0,17,14,0.5722916734833587,0.571929867806457,0.19642465133873843,0.08230674814669399,0.04078723422250276,0.03797543289012432,0.7296227196512959,False
46,41.0,17,14,0.6831593303211645,0.5005021188671177,0.23419238518735075,0.09621093542251198,0.03984976310117478,0.03657222702320985,0.6858815860618905,False
46,42.0,17,14,0.7968566420583241,0.4327297927867827,0.2730657206520162,0.1132489016127239,0.03892958820613233,0.035206711772711057,0.644646810223725,False
46,43.0,17,14,0.9096420682906017,0.3713336980260128,0.31174049992219927,0.13298625539248093,0.03800085937946906,0.03387274905436747,0.6118209932461256,False
46,44.0,17,14,1.0162322900300427,0.3188137263658201,0.34836201468504085,0.1542526733254693,0.03704880466149379,0.032574561131407144,0.5857897123163447,False
46,45.0,17,14,1.1104569494920464,0.27685324428259683,0.38077841796147555,0.17515736149511396,0.036072779828227305,0.03132681371930362,0.5544319407341594,False
46,46.0,17,14,1.1864806738260507,0.24599935836043185,0.40697903766628446,0.19345892621678928,0.03508501582451383,0.030151210938260835,0.5271002533364808,False
46,47.0,17,14,1.240339131215175,0.22570856178961848,0.4256185964546178,0.20722735216450333,0.034105799712953015,0.0290705699156192,0.5160661085380185,False
46,48.0,17,14,1.2709730010801221,0.2147052602082792,0.4363504831986845,0.21543094800720022,0.03315729781873848,0.028102661756479717,0.504318163591165,False
46,49.0,17,14,1.280167163540822,0.2114234579427623,0.43978510423602263,0.2180984327790515,0.0322587988297034,0.0272561343040598,0.5014466955442456,False
46,50.0,17,14,1.271631736845663,0.2143109697326071,0.43716985207041553,0.2160654678495216,0.03142472811488577,0.026529661552469365,0.5042611052531932,False
46,51.0,17,14,1.2499147365137204,0.22193716631123858,0.4300254682712736,0.2105718394319397,0.030664625130017102,0.025913843418238627,0.5132194590651368,False
46,52.0,17,14,1.2195896438296847,0.23298071274844492,0.4198807237583677,0.20292362306002848,0.029983414787934478,0.025394299987331614,0.5219232613406223,False
46,53.0,17,14,1.184763663319556,0.24620125092652279,0.40811441971054585,0.1942799689389768,0.02938115738560047,0.024954482242902136,0.5271002533364808,False
46,54.0,17,14,1.1487908027733937,0.26045886924854084,0.39586343195124574,0.18554285903392131,0.028852739986317134,0.02457763836626593,0.5399887704700311,False
46,55.0,17,14,1.1141244047005405,0.27478083512141943,0.3839745225074065,0.1773231780248858,0.028388441557959946,0.024248136286865302,0.5530732464105247,False
46,56.0,17,14,1.0823621460082835,0.2884078776750899,0.37301746739785513,0.16997605743603236,0.027975823116669078,0.023952363986440014,0.5616754829765847,False
46,57.0,17,14,1.0545197463934235,0.300751589028753,0.36337146827251676,0.16369066370002908,0.027602463757349673,0.023679142617588418,0.5702738934179514,False
46,58.0,17,14,1.0313449460098523,0.3113095917155094,0.3553225141747957,0.15857749829383408,0.027258281197482734,0.023419690934529825,0.5804662753407945,False
46,59.0,17,14,1.0133357205395475,0.3196914913612665,0.3490616066891254,0.15468328672023388,0.026936200019254366,0.023167565084517904,0.5863337396145499,False
46,60.0,17,14,1.0003794297449007,0.3258164991571021,0.34455954325779414,0.15192809991541753,0.02663109096328862,0.022918944005367706,0.5886080349129416,False
46,61.0,17,14,0.9914185934896276,0.3300968785319729,0.34145678491003856,0.1500512324914121,0.02633843195116642,0.022672980137802137,0.5911923428326186,False
46,62.0,17,14,0.9847006823732936,0.33332539342496126,0.33915463547324254,0.1486702513504951,0.02605445975803307,0.02243148980725009,0.5927251186946515,False
46,63.0,17,14,0.9786666773304356,0.33623556428915036,0.33712187284705003,0.14745908329764296,0.025778002908778096,0.022197724813910556,0.5943974900095819,False
46,64.0,17,14,0.9728004711232374,0.33907310227091036,0.33518361910580635,0.1463114067507665,0.02551205332688524,0.021974901280608732,0.5961636508881453,False
46,65.0,17,14,0.9676035423685353,0.3415919147629536,0.33350867679450136,0.1453252903534997,0.02526267984878423,0.021765433266229744,0.5962745803869961,False
46,66.0,17,14,0.9635537508952371,0.34355464482633213,0.33225032230601026,0.1445878847697297,0.02503489644554698,0.02157105756855119,0.5968684625731521,False
46,67.0,17,14,0.9598452572402154,0.34535652256799654,0.3311155432509721,0.1439254314653641,0.024827968132124262,0.021393140325397537,0.5977324429061479,False
46,68.0,17,14,0.9540091265995823,0.3482247959636746,0.3292390374408047,0.14283525647752338,0.024633790635043135,0.021232456556176314,0.5979384051355009,False
46,69.0,17,14,0.9428823422267267,0.35376610157521093,0.3255198250490593,0.14069398929925248,0.024440156506428168,0.0210885090488567,0.6009373616242207,False
46,70.0,17,14,0.9243687409686178,0.36313626611739624,0.31922748329401984,0.13713018367953791,0.02423711717865934,0.020958979471700827,0.606818662049417,False
46,71.0,17,14,0.8988489905642222,0.37633140921494534,0.3104867528121907,0.1323025771859677,0.02402206312864595,0.020839634717537695,0.6134250654732615,False
46,72.0,17,14,0.8693147416349282,0.391995122605165,0.3003253597325914,0.12686998216026643,0.023799752998255347,0.020724466979133237,0.6245051291934277,False
46,73.0,17,14,0.8401021052838225,0.4078980172841645,0.290241317975356,0.12166958939396502,0.02357699673698905,0.020605729689646544,0.6330918888043886,False
46,74.0,17,14,0.8149817120187489,0.42189628045606065,0.28154629505879264,0.11733796190227862,0.023355317859462484,0.020473783260812988,0.6395059409018182,False
46,75.0,17,14,0.7957402691309218,0.4328186854161439,0.2748740458829054,0.11410958860110111,0.02312585780453556,0.020316778101366673,0.644646810223725,False
46,76.0,17,14,0.7819351707019564,0.440759735986023,0.27009073260832744,0.11184616183537231,0.02286858069260461,0.02012009697773152,0.6484937488668066,False
46,77.0,17,14,0.7716223983734605,0.44674513657002446,0.2665408001947375,0.11019384575061847,0.02255470736728495,0.019865525984980547,0.651503324164619,False
46,78.0,17,14,0.7623651668729503,0.4521534262156809,0.26339091285419625,0.10874731374784984,0.022149972698231164,0.01953046721628399,0.6567300484515941,False
46,79.0,17,14,0.7520253675760635,0.4582361411787701,0.25990104465731323,0.10716612877271754,0.021617456997665034,0.019087862976326773,0.6605092768355517,False
47,0.0,17,14,-0.8072780187609182,0.43367893525924406,-0.2967688717824153,0.12501419157158966,0.4170317932698309,0.6508062719763783,0.6453326937427192,False
47,1.0,17,14,-0.7513711692503359,0.46542765374546424,-0.2761427756340938,0.11471708235177683,0.36944802258634196,0.5387207296892232,0.6645199362258187,False
47,2.0,17,14,-0.6732992278694558,0.5121104420399861,-0.24733514245989047,0.10165934318401577,0.3238581900960654,0.4368906631578816,0.6943986553645938,False
47,3.0,17,14,-0.5638230053135145,0.5819723701094088,-0.2069482725622285,0.08592156095799389,0.28224256828340943,0.3499131273789732,0.7364149498748231,False
47,4.0,17,14,-0.40929811197046406,0.6884607828104206,-0.1500022136421641,0.06871356803525094,0.24592296097913463,0.2798029796233057,0.8024359847136429,False
47,5.0,17,14,-0.19398188589002552,0.8488074171750906,-0.07088784970179371,0.054145593597563726,0.2157733042282529,0.2266473954480659,0.902186074228963,False
47,6.0,17,14,0.08319281499113383,0.9347008769325322,0.030243660656152728,0.05075306661827435,0.1922876974186052,0.189047498399222,0.9582775467331087,False
47,7.0,17,14,0.36697099790279825,0.7176712700741567,0.1323583765631331,0.06453771912111572,0.1756741213677473,0.1646730780333168,0.820411095005339,False
47,8.0,17,14,0.5522885982703689,0.5862119201166835,0.1974098711237168,0.08263672179389922,0.16604720085129762,0.15095935716670944,0.7392166473097153,False
47,9.0,17,14,0.6128686424755353,0.5453558400768499,0.2171012624612023,0.08959843349591758,0.1636096589630945,0.14569155870727693,0.7131794068467369,False
47,10.0,17,14,0.6152492917808401,0.5433260889201337,0.21592467665393827,0.08916277400100608,0.1686156042117903,0.14725364365572066,0.7123734360451285,False
47,11.0,17,14,0.6097550147106808,0.5467746796055978,0.2120402001868512,0.08774226962777366,0.18099013647107387,0.15454232649730476,0.7142935161255088,False
47,12.0,17,14,0.6029589765356858,0.551388651461042,0.20802821122853193,0.08630379873932681,0.1996934336195027,0.16668170667725696,0.7169759554601784,False
47,13.0,17,14,0.583048235720334,0.5648075532655299,0.19999504990460182,0.08351084273521854,0.22215464332366686,0.1826512807277321,0.7261811399128242,False
47,14.0,17,14,0.5387008307913678,0.5948271982725979,0.18412868096827756,0.07833461026532386,0.24422030106930706,0.2009024071438604,0.743221048854636,False
47,15.0,17,14,0.46381706077805396,0.6468560960569101,0.15829893183162685,0.0708642855776761,0.2609153998072904,0.2190913961970166,0.7740158414356189,False
47,16.0,17,14,0.356283034125679,0.7246478149862579,0.12164425194515005,0.06226411459629493,0.2678808310290441,0.2341386577223798,0.825138191747132,False
47,17.0,17,14,0.21645397348905415,0.8303527500340274,0.07406265751912358,0.05452625293611596,0.26286317445821106,0.2427741379669019,0.8912409303078086,False
47,18.0,17,14,0.04706649025007597,0.9628082614619797,0.016168683077585386,0.050215165453966926,0.246476299444136,0.24247951421087238,0.9757799392254932,False
47,19.0,17,14,-0.14547671576948623,0.8853651782494036,-0.05026950646138799,0.052082192431184844,0.22182273248014386,0.23242564151250658,0.9258152458658644,False
47,20.0,17,14,-0.34914757702771576,0.7295011242224103,-0.12157115091014933,0.06224927865366241,0.19322182652806824,0.21389161315369307,0.828071833572656,False
47,21.0,17,14,-0.5449324500549887,0.5901128268919451,-0.19141383132300382,0.08065541983338625,0.16475184764961978,0.18988545936706308,0.7413182072620647,False
47,22.0,17,14,-0.7079281286243925,0.48538749410520887,-0.25082990204568767,0.10316159491081679,0.13927054563370517,0.16413216634749547,0.6765786169807452,False
47,23.0,17,14,-0.8130317574318049,0.4244886350908966,-0.2900633068822035,0.1215794944368658,0.1181599522463486,0.13993356958310718,0.6405457248078201,False
47,24.0,17,14,-0.8464891501179338,0.40655975231857366,-0.3032412468983078,0.12840914764089212,0.10161832768816917,0.11940715131621428,0.6328169091061183,False
47,25.0,17,14,-0.8177482450535315,0.42271750235948713,-0.29348343370501084,0.12332084229189023,0.08915458790402882,0.10332083783485688,0.6395965811743666,False
47,26.0,17,14,-0.7552003668435172,0.45869650471934587,-0.2713053286625362,0.11241687017896279,0.08001856643982122,0.0914028855422316,0.6605229667958581,False
47,27.0,17,14,-0.6836948497649334,0.5019327005227614,-0.24584735796768398,0.1010266364836783,0.0734637237426468,0.08283659563022813,0.6864235403684469,False
47,28.0,17,14,-0.6102248020732656,0.5486115889708332,-0.21960177869216324,0.09053265517585031,0.06885758508857664,0.07668793481506755,0.7159063414026597,False
47,29.0,17,14,-0.5293440101514939,0.6024543097841939,-0.19056338407021797,0.08037961203491835,0.06569773568452288,0.07215522470949853,0.7481925734589651,False
47,30.0,17,14,-0.43411280293099497,0.6688853933275454,-0.15624942935654515,0.07032181746383906,0.06358623724710259,0.06865323818387258,0.7893327610270541,False
47,31.0,17,14,-0.32205724276861736,0.750729481921789,-0.11583149317028592,0.06111294154992582,0.06219696203042059,0.06579733459656888,0.8407086237056305,False
47,32.0,17,14,-0.19600322188303584,0.8465298648226407,-0.07040833963495546,0.05408956397118199,0.06125462807027879,0.06334998196999732,0.9015483612665662,False
47,33.0,17,14,-0.062230193233804666,0.9509628069695579,-0.022317741064422275,0.050409991651011316,0.06053196618502436,0.06116673645039224,0.9680574726573565,False
47,34.0,17,14,0.07241579457531752,0.9429274107728427,0.02591903589643548,0.050553031465926185,0.05985967478071541,0.05915590799703796,0.9624046476903863,False
47,35.0,17,14,0.2031838583991534,0.8407946359656414,0.07255670717936992,0.054343589756236675,0.05913518656580055,0.05725372419963008,0.8978717969022316,False
47,36.0,17,14,0.32864446908379374,0.7453065116965951,0.11705908805480313,0.06135124772352085,0.058317143907361126,0.0554125505331306,0.8379087260653223,False
47,37.0,17,14,0.44995179024638826,0.656668392445541,0.1598362551967515,0.07127601587346151,0.05740378193652557,0.05359853798529215,0.7803840362946302,False
47,38.0,17,14,0.568777834152229,0.5744618672751634,0.2015183277864163,0.08403152711508963,0.056406232438614715,0.05179394208023218,0.7316875944065765,False
47,39.0,17,14,0.6853126636699949,0.49913075161475273,0.24224389217861195,0.09951108098362235,0.05533105150969812,0.04999874579567792,0.6850814237849547,False
47,40.0,17,14,0.7974731815220086,0.4321552457539928,0.2813559897236313,0.11724473362897031,0.05417810120567759,0.048227880679768534,0.6442065775214799,False
47,41.0,17,14,0.9014757207248015,0.3752126677926454,0.3175728780820052,0.136205358623801,0.05294870381706273,0.046504141346820314,0.6132826795952279,False
47,42.0,17,14,0.9931127218013863,0.3292712522365313,0.3494225468566552,0.15490580881826366,0.05165417026968072,0.044850155299642536,0.5904183787941455,False
47,43.0,17,14,1.0690122865108505,0.294226245372471,0.3756964127023551,0.17175206691744618,0.05031825862922389,0.043283016554537986,0.5651904306934609,False
47,44.0,17,14,1.12759913271344,0.2690097639871616,0.3958146608264872,0.1855086164730555,0.04897358374592629,0.04181287948780109,0.5474250073945846,False
47,45.0,17,14,1.1697037084176969,0.251849184871514,0.4100659970416484,0.19569661194422788,0.04765561610979736,0.04044455578153066,0.5322095982190485,False
47,46.0,17,14,1.198466994676486,0.24057466688742318,0.4195808918690845,0.20270032207684321,0.046397236164537045,0.03918047906220007,0.5243500915990251,False
47,47.0,17,14,1.2181022393682346,0.23308422251993127,0.4258815367532919,0.2074259542364307,0.045224510091535934,0.03802349724992244,0.5219232613406223,False
47,48.0,17,14,1.2319706838713649,0.22789753779895683,0.4301851470896328,0.21069365826133254,0.044153442630324655,0.03697790935715201,0.5172304105737887,False
47,49.0,17,14,1.2413606812857336,0.2244365344152512,0.4329655934778318,0.21282194727437356,0.04318834733783525,0.036047747340313956,0.5143975140758826,False
47,50.0,17,14,1.2458750280868476,0.22278568556863113,0.4340922453049378,0.21368815114514927,0.04232322469814923,0.035233317207954945,0.5132194590651368,False
47,51.0,17,14,1.2448706217814727,0.22314564577747753,0.43334297095886626,0.21311184211005388,0.041546474172221515,0.034528975054722064,0.5132194590651368,False
47,52.0,17,14,1.238586998448348,0.2254337381189442,0.4308071898762416,0.21116863625741542,0.04084693955876665,0.03392448001002193,0.5159791281196543,False
47,53.0,17,14,1.2281538173724806,0.22927351346459268,0.4268923104223588,0.20819052824671314,0.04021791515035346,0.033408995727897524,0.5188767435390872,False
47,54.0,17,14,1.2148156839619544,0.2342519321943782,0.4220505217763456,0.20454430208880747,0.039656854751114926,0.03297411095756005,0.5219232613406223,False
47,55.0,17,14,1.1992683440068086,0.2401521106167529,0.4165389334017685,0.20044377365355667,0.03916138306598336,0.0326130386776308,0.5243500915990251,False
47,56.0,17,14,1.1816324768541622,0.24697247031275243,0.41040044099382866,0.19594006489006396,0.038724579332664426,0.03231668685601726,0.5271106943998731,False
47,57.0,17,14,1.1619215793493023,0.25475937350104744,0.4036214689907736,0.19104441650839768,0.0383327799190223,0.032070097171437245,0.5339098952427144,False
47,58.0,17,14,1.1405451774603637,0.2634045472554654,0.3963108895015445,0.18585722279627842,0.03796746143367708,0.03185243719938387,0.5434912685640811,False
47,59.0,17,14,1.1185047773514263,0.2725401040156054,0.3887787552383728,0.180613782666142,0.03761037706732203,0.03164108793523103,0.5505419335625856,False
47,60.0,17,14,1.0971960525174473,0.28158868031080186,0.381478944306836,0.17563047074332677,0.03724932244412482,0.031417809868820895,0.5569885984169708,False
47,61.0,17,14,1.0779237037812224,0.289956740154215,0.3748487897744843,0.17118870891627191,0.03688153474900364,0.031173974487501168,0.5622788196927455,False
47,62.0,17,14,1.061371087381297,0.2972840436243655,0.36912848341586146,0.16742133633492212,0.0365130066299333,0.03091235234684162,0.5681879332069784,False
47,63.0,17,14,1.0473508069069768,0.30359176926922754,0.3642718312236646,0.1642700821283898,0.03615433552118656,0.030644479885812415,0.5730721037891037,False
47,64.0,17,14,1.0350564417142967,0.30919938687273996,0.3600231787860623,0.1615490623321455,0.03581572838795564,0.030384808078002163,0.5776000407111228,False
47,65.0,17,14,1.023675054287861,0.31445413477392625,0.35611499047281414,0.1590755980553183,0.035503951968766455,0.030144714367740775,0.583308369253069,False
47,66.0,17,14,1.0128788278279426,0.3194954826153534,0.3524282373964056,0.1567682423996478,0.035222074022760876,0.029929523099772225,0.5863337396145499,False
47,67.0,17,14,1.0027723897647625,0.3242651865372572,0.34897675955285234,0.15463101304453045,0.03497040814211837,0.02973943594860649,0.588094615583916,False
47,68.0,17,14,0.9933483811012129,0.32875688517680135,0.3457320918260725,0.1526420467027731,0.03474652512462484,0.029572385043276552,0.5902866766266757,False
47,69.0,17,14,0.9840007208567164,0.3332541334172918,0.342468884933585,0.15066148341295563,0.03454414041546223,0.029425803463124064,0.5927251186946515,False
47,70.0,17,14,0.9736792133070701,0.33826848609894367,0.3388238933440615,0.14847266231890235,0.034352926256230355,0.02929598440036533,0.595484865504253,False
47,71.0,17,14,0.9616951743670561,0.34415463496538123,0.3345706634042058,0.14594992357074252,0.03416103813858593,0.029176345094604865,0.5974195391678175,False
47,72.0,17,14,0.9484820179195123,0.3507243914100784,0.3298744118209465,0.1432036469247236,0.03395928987246089,0.029056986402518532,0.599029733873634,False
47,73.0,17,14,0.9355097185662894,0.357256057136901,0.32525624783753737,0.14054322081874474,0.033743372830591985,0.028926496528043227,0.6023989722214724,False
47,74.0,17,14,0.9242181384153789,0.3630076716949614,0.32122300951192656,0.1382523756775922,0.03351107998447237,0.028774395357089894,0.606818662049417,False
47,75.0,17,14,0.9146840393492195,0.3679121867025402,0.3178090543895919,0.13633705367275514,0.03325493117744089,0.02859135220037067,0.6102640507198314,False
47,76.0,17,14,0.9050464186080517,0.3729134699992821,0.3143810833499627,0.13443580603190736,0.032954059643590605,0.028365588228314274,0.6126473412227538,False
47,77.0,17,14,0.8922231352725282,0.37963359435333355,0.3098862734984702,0.13197617262211941,0.03257004918468668,0.028076755600244852,0.616394745701796,False
47,78.0,17,14,0.87352390087302,0.38956915417081817,0.30340528648591436,0.12849620916267682,0.03204925952384659,0.027690823932495633,0.6227911160739115,False
47,79.0,17,14,0.8481453341552779,0.4033151505909879,0.2946625984803777,0.1239262758123649,0.031330835141366135,0.02715949484419169,0.6318645815911033,False
48,0.0,17,14,-0.6819405558176165,0.5069223457512697,-0.2506533323851015,0.10308515477831559,0.45656299678682083,0.6885006995911815,0.690697113432387,False
48,1.0,17,14,-0.6116065906860042,0.5510077549864818,-0.22473973380925213,0.09248792998633959,0.4073748678938555,0.5682997064393147,0.7166655703566112,False
48,2.0,17,14,-0.5102379343522333,0.6180873993817735,-0.18739695199114811,0.07936406672306381,0.3605899163240369,0.4599820553866717,0.7585002417541121,False
48,3.0,17,14,-0.36227448186466327,0.7226295541229582,-0.13292470966226522,0.06466339191113285,0.3182882789639086,0.36838750502475115,0.8236212014427203,False
48,4.0,17,14,-0.14311945342543855,0.8881863568129249,-0.052407534980883415,0.05226332065418267,0.28184884074375066,0.2954079021626607,0.9272796039002555,False
48,5.0,17,14,0.17918811553040806,0.8600979196665531,0.06532939794173545,0.05351965508098734,0.2522019918360952,0.24076192830155635,0.9089732680057513,False
48,6.0,17,14,0.6171872157115597,0.5446151960442431,0.22296916092708718,0.09180870403742768,0.22994804382288847,0.20257921668953788,0.7130845394422592,False
48,7.0,17,14,1.084018739541774,0.289041589696397,0.3856280908604596,0.17845102553259576,0.21550783163189408,0.17812305250596414,0.5619083640042681,False
48,8.0,17,14,1.3808390015524536,0.17796376709217968,0.4827568633901847,0.2531398834253701,0.20936584221742602,0.16464647975822727,0.46888496040550004,False
48,9.0,17,14,1.4270636039625382,0.16464180322502334,0.4922198041504851,0.26125622848521796,0.2122673856059855,0.16007556958261596,0.46508535341265483,False
48,10.0,17,14,1.3269637603828828,0.19641991580759388,0.4536003896315949,0.22903082517442067,0.22511145513114517,0.1632500948280454,0.48432308007351915,False
48,11.0,17,14,1.1909428028214493,0.2458392701778817,0.40480154729777396,0.19189073914163748,0.24834638391922112,0.17369387283631266,0.5271002533364808,False
48,12.0,17,14,1.066276643346683,0.2980827622767146,0.36121802484928955,0.16231091838906164,0.2809349584686513,0.19105925358810785,0.5685282965734546,False
48,13.0,17,14,0.9598239774521607,0.3481360775251017,0.32459691732121,0.14016664681981503,0.31933997453992724,0.21443452846549876,0.5979384051355009,False
48,14.0,17,14,0.8644786318688022,0.3972622435556711,0.2921940515039799,0.12266179145438962,0.3572752105649753,0.24172680693024956,0.6286365995412947,False
48,15.0,17,14,0.7712689215011508,0.44921524492401044,0.2607999515717979,0.10757124709408775,0.38682928060547267,0.269384188321017,0.6538660276203236,False
48,16.0,17,14,0.672998691542264,0.5081553383683292,0.22788345571414234,0.09370800145848236,0.4008463761637591,0.2927163975539714,0.6915096718403786,False
48,17.0,17,14,0.5651605984718117,0.5775793015990355,0.19183865973208453,0.0807936797705975,0.39551809049165515,0.30689656071193033,0.7330646386449607,False
48,18.0,17,14,0.44663712324343535,0.659150532912944,0.15217895455215483,0.06926620567734304,0.3717672877339306,0.30838039582429744,0.7819887113402315,False
48,19.0,17,14,0.32097735233108293,0.7507995070037784,0.10994728432234414,0.06000635293857093,0.33463351391532725,0.296151026601511,0.8407086237056305,False
48,20.0,17,14,0.19804853142103188,0.8444410964664392,0.06830956619145401,0.05384884359854296,0.2910888524255375,0.27215570406333456,0.9003560664672844,False
48,21.0,17,14,0.09449416232522538,0.9253669643614013,0.03285222719133203,0.05088864821922887,0.2475716018824811,0.24065872523313753,0.9523891158630718,False
48,22.0,17,14,0.029550494268390327,0.9766314542473731,0.010351559902261182,0.05008818635071469,0.208424525808745,0.20680194972653324,0.9854299358171692,False
48,23.0,17,14,0.013492132453200861,0.9893329720761285,0.004751911764350723,0.05001858267126352,0.17561931918774054,0.17506092061291434,0.993761636510278,False
48,24.0,17,14,0.03508154880086204,0.9722764409505783,0.012389679868900775,0.050126333928770014,0.14937199151472147,0.14825142925376192,0.9826094370144204,False
48,25.0,17,14,0.06449427221208001,0.9490676454178982,0.022814116883270678,0.050428436754579066,0.1289948208312816,0.12734881444388962,0.9669094265021644,False
48,26.0,17,14,0.07532781943199104,0.9405457340376928,0.026710900576680355,0.05058735170740136,0.1135374495230149,0.11194031949048107,0.961888341863996,False
48,27.0,17,14,0.0649488652183639,0.9487519330825678,0.02311503310914925,0.05043981641013752,0.1021031667873612,0.1009123262121422,0.9667832071848245,False
48,28.0,17,14,0.054766837677018204,0.9568048231540474,0.01956538934017235,0.05031508414792543,0.09393186805632461,0.09302942659073314,0.9718452859122125,False
48,29.0,17,14,0.07333610089208852,0.9422112210133295,0.02626636404396995,0.05056795770616274,0.08837944772244245,0.08725691194503744,0.9620633212939994,False
48,30.0,17,14,0.1389144511565881,0.890814943163611,0.04978697118068933,0.05204236184881813,0.08487728601081368,0.08285195119293888,0.9291612817766141,False
48,31.0,17,14,0.2533476567133564,0.8023650728554601,0.09069084147454914,0.056795793337857635,0.08290468375171411,0.07932508338256113,0.871491057141044,False
48,32.0,17,14,0.40547714425842385,0.6888920504876097,0.1447564447396136,0.06741564778708652,0.08198022251567787,0.07636481152084597,0.8024359847136429,False
48,33.0,17,14,0.5774552298477296,0.5689505263752123,0.20537914542844943,0.08536992747872559,0.0816687644666962,0.07377364076324434,0.7283180591751619,False
48,34.0,17,14,0.7506592147480055,0.45965797619772175,0.26582971224898866,0.10986568225885153,0.08159726767763345,0.07142557139737617,0.6609632525068524,False
48,35.0,17,14,0.9103204629895487,0.37068031286520553,0.3209621945057947,0.13810528220578935,0.08147097987803875,0.06923884273558234,0.6118209932461256,False
48,36.0,17,14,1.0480408792447657,0.3035635458933855,0.3680485847856634,0.166716878844614,0.08108304936311928,0.06715798387897307,0.5730721037891037,False
48,37.0,17,14,1.1616662577776318,0.25496706484171217,0.4066097861566644,0.1931924011609325,0.08031444540588273,0.0651431237941913,0.5339098952427144,False
48,38.0,17,14,1.2532310390760257,0.2201727643277055,0.43758815754848845,0.21638984890444427,0.07912443337034081,0.06316504956296913,0.5111334556479206,False
48,39.0,17,14,1.326500362219941,0.19503597957868463,0.4624426200058897,0.23619586882085764,0.07753368319529702,0.06120335038861124,0.4830375120769388,False
48,40.0,17,14,1.3852111309025545,0.17655384058087828,0.4825367124522455,0.252952723560131,0.07560367552228572,0.059245903871024276,0.4686051916826489,False
48,41.0,17,14,1.432135988640063,0.16279787614829827,0.49883176273077096,0.26700907412345576,0.07341738079342651,0.057290318332480446,0.4645785671066477,False
48,42.0,17,14,1.468540971212096,0.15272656123772305,0.511719486183779,0.2784106051862255,0.07106511663772691,0.0553478795767269,0.45886986504026445,False
48,43.0,17,14,1.4937968498994492,0.1460450477842255,0.5209079161853082,0.286687226390811,0.06863570138071236,0.053447086481572766,0.45395636907619796,False
48,44.0,17,14,1.505463522401059,0.14305451804901737,0.5254699609361521,0.29084098673023495,0.06620991096824136,0.051631266743040784,0.4538520427582829,False
48,45.0,17,14,1.5003732275871613,0.14439257426328342,0.5242319218561132,0.28971087320181604,0.06385406290696068,0.0499476038487296,0.4538520427582829,False
48,46.0,17,14,1.4765948011898855,0.15066763066644018,0.5164591176824203,0.282664819923625,0.06161502621354503,0.048431851395378624,0.45751735055731396,False
48,47.0,17,14,1.4351409593582982,0.16209725312622225,0.5024507359717107,0.27018581630027444,0.059519788361565774,0.04709748079746789,0.46418795885475583,False
48,48.0,17,14,1.380189252518947,0.1782736353622443,0.4836244346356605,0.25387818483876606,0.05758075851335972,0.04593529657719791,0.46888496040550004,False
48,49.0,17,14,1.3178380709577464,0.19810890246832508,0.462092713464109,0.23590987501657348,0.055804285045161404,0.04492200711442073,0.4849298349539143,False
48,50.0,17,14,1.2545966719357038,0.21990293949659823,0.44013618859066905,0.2183722403856475,0.05419775699174792,0.04403062179051375,0.5111287170249619,False
48,51.0,17,14,1.196595748286108,0.2414269209145996,0.4199158019724567,0.20294975804125004,0.052771583143501014,0.04323620887327873,0.5244643402267803,False
48,52.0,17,14,1.149414760351142,0.2600459556677423,0.4033979442127968,0.19088439136255442,0.05153550651954519,0.04251599320107295,0.5399887704700311,False
48,53.0,17,14,1.1177636497749437,0.27309711453045477,0.3922360440624549,0.18300778356112668,0.05049218841142576,0.04184792831296994,0.5512252531972335,False
48,54.0,17,14,1.10455684809993,0.278660231198125,0.38744866483260443,0.179698545409907,0.049632531415247136,0.04121254131486625,0.5546791331905806,False
48,55.0,17,14,1.1097061472425966,0.27643539806660067,0.3890043612458715,0.1807693416124437,0.04893552920499761,0.04059866314243621,0.5544319407341594,False
48,56.0,17,14,1.1294849628364079,0.2681013752197697,0.395607660333525,0.18536332775828943,0.04837187159665903,0.04000837841631622,0.5473295715998527,False
48,57.0,17,14,1.1572282169700536,0.25673427498453183,0.40494940108968747,0.19199695208427225,0.04790834498926135,0.03945529097553045,0.5362837254336592,False
48,58.0,17,14,1.1854586439712576,0.24553708880029765,0.4144471882048274,0.19890158894174653,0.04751098795140067,0.038954960597342714,0.5271002533364808,False
48,59.0,17,14,1.208507630958952,0.23666542399325513,0.422148697512142,0.2046178277571131,0.047147297960748326,0.03851339406070613,0.5219645178872445,False
48,60.0,17,14,1.2240367142448882,0.23082179877230788,0.42725109415328033,0.20846234978730074,0.0467887610993093,0.0381222050735057,0.5200455367959016,False
48,61.0,17,14,1.2324424482090848,0.22770061734391517,0.4298948462860213,0.2104722209653985,0.04641401535501063,0.03776437662244674,0.5172304105737887,False
48,62.0,17,14,1.2347255010482303,0.2268530913099249,0.4304347465258028,0.21088416614289116,0.04601162919273853,0.037426292317257394,0.5169438434240549,False
48,63.0,17,14,1.2305022224623496,0.22840120215444804,0.42875999426001793,0.20960797747100396,0.04558110525347675,0.03710727727810764,0.5175998466090009,False
48,64.0,17,14,1.2173916563701503,0.2332713245587556,0.4240823075107676,0.20606939056833257,0.045131306386048335,0.03682103518519831,0.5219232613406223,False
48,65.0,17,14,1.1916953341745822,0.24304499839861946,0.4151640490745182,0.19942923784266176,0.04467649696023523,0.0365903463007877,0.5253560929892347,False
48,66.0,17,14,1.1495012220257415,0.2597491260927887,0.40068950764094163,0.1889525041692098,0.044231162882898134,0.03644006800720474,0.5398795392907858,False
48,67.0,17,14,1.0877212429449754,0.28570151064455834,0.3796080546531561,0.1743689445759116,0.04380537146533697,0.03639106968259237,0.5599516126735209,False
48,68.0,17,14,1.0054583944318813,0.3230653702633115,0.3515814419658512,0.15624183903889818,0.04340239645376811,0.0364535162067996,0.588094615583916,False
48,69.0,17,14,0.9060942109823079,0.3725184304524801,0.31768213092252245,0.1362662664896659,0.04301958147146878,0.036617839664081275,0.6126473412227538,False
48,70.0,17,14,0.7989971246216719,0.43108128481023456,0.28100491553072027,0.11707292375270897,0.04265199880332012,0.03684637702324291,0.6437630552959123,False
48,71.0,17,14,0.6985664343720615,0.49080584131779503,0.24642480351213802,0.10127172140531929,0.042296755704305224,0.037072627427412484,0.678585410057319,False
48,72.0,17,14,0.6201238910578928,0.5405178193988514,0.21925736646823407,0.09040330443978016,0.04195482950227431,0.03721318775753265,0.7103545788188295,False
48,73.0,17,14,0.5753393686760366,0.5700232810739672,0.2036500317133668,0.08476719013096962,0.041628227641456426,0.0371901656832364,0.72901686876856,False
48,74.0,17,14,0.5696798881261148,0.57378281104375,0.20159067792664734,0.08405636150951337,0.041312992289487094,0.0369547306910883,0.7310074235744438,False
48,75.0,17,14,0.6015227615554987,0.5526020044188185,0.2125192285758034,0.08791596711961353,0.040991295062014765,0.03650059211888923,0.7169936316950304,False
48,76.0,17,14,0.6617534529780756,0.5136891282373317,0.23320089864359692,0.09581276335544917,0.04062651737885098,0.03586047205432195,0.6946587620918035,False
48,77.0,17,14,0.7345030683453231,0.46875991553463126,0.25807535868604015,0.10634793515300284,0.04016345092404497,0.035086248086056857,0.6677642663353708,False
48,78.0,17,14,0.8008023421714073,0.4298810661315343,0.28060931753218943,0.11687959989256173,0.03953325666571467,0.034220643694975135,0.6437630552959123,False
48,79.0,17,14,0.8447974681951953,0.4052034468599901,0.2954341053318608,0.12432380629931994,0.038661482215574715,0.0332722214867603,0.6323602842492813,False
49,0.0,17,14,-0.9204528379218695,0.37401882206113235,-0.3387316183023904,0.14841757258384639,0.289534723472972,0.8156647332841029,0.61302597176849,False
49,1.0,17,14,-0.9042118481385668,0.3822642686513167,-0.33276732110393176,0.14489049221256645,0.2563372142998338,0.6943075393174251,0.6184452497060272,False
49,2.0,17,14,-0.884272083766699,0.39255029246751194,-0.3254380286626905,0.14064718714801708,0.22509533629576806,0.5786498646098688,0.6245118289255872,False
49,3.0,17,14,-0.8596426552041899,0.40550429453382963,-0.31637659817289154,0.13553989992895865,0.19721980826028324,0.4735077608147459,0.6323602842492813,False
49,4.0,17,14,-0.8284804875786842,0.4222894094138818,-0.3049012600889021,0.1292924967661473,0.17358073877776212,0.3820110190182589,0.6395965811743666,False
49,5.0,17,14,-0.7877646586974779,0.4448842054153216,-0.2898934999965641,0.12149360692895271,0.15470027849181917,0.306143721703802,0.6506721982859027,False
49,6.0,17,14,-0.732827066534216,0.47654978887834154,-0.26961997168873747,0.11162570013946041,0.14087634105873845,0.24671811779007097,0.6717485137476388,False
49,7.0,17,14,-0.656508706044358,0.5227298363795445,-0.24141080130818776,0.09916409544842379,0.13232257516458468,0.20326773402237427,0.7010461420009076,False
49,8.0,17,14,-0.5475707161091012,0.5928475465969432,-0.20106350538179796,0.08387562361606606,0.1293254621614677,0.17425411112004602,0.7417953413228882,False
49,9.0,17,14,-0.3895296321556523,0.7024914880393971,-0.14248597734476137,0.06686870788514829,0.13231832997004064,0.1575790411912235,0.8116820494540489,False
49,10.0,17,14,-0.16888794319861672,0.8678306763645898,-0.06121714513489411,0.053089714559545836,0.14175041216784118,0.15108718130574555,0.9146521557669454,False
49,11.0,17,14,0.09293090342673717,0.9267555184405671,0.03314674543723238,0.05090466173858646,0.15769995204975526,0.15278203018623243,0.953042967997799,False
49,12.0,17,14,0.3243976495054164,0.7480026617309913,0.11361240667005255,0.06068868835763259,0.17931096196303767,0.16072230788416805,0.8390681983361219,False
49,13.0,17,14,0.47230504172258886,0.6403376046415239,0.16314669067419346,0.07217669542583308,0.2042927826362935,0.1727614152508985,0.7709750423777545,False
49,14.0,17,14,0.5420986997505294,0.5923672694812374,0.18572177048540967,0.07883403253553846,0.228834438038286,0.18634803044974133,0.7417953413228882,False
49,15.0,17,14,0.5596544437248072,0.5808199214379601,0.19089993934314387,0.08048860543118581,0.24821285989235797,0.1985630295265848,0.7353421988484948,False
49,16.0,17,14,0.5446888948445402,0.5910802397836664,0.18542274039868242,0.07873994418684521,0.25804446752654914,0.2064698470344621,0.7416092627606867,False
49,17.0,17,14,0.5085697271163554,0.6158139705964214,0.17304927549356783,0.07498598504598664,0.255699269530668,0.20771306633126652,0.7581854090903599,False
49,18.0,17,14,0.4576124942765893,0.6513974433516945,0.15582550639524184,0.07021052948502876,0.24119334956966412,0.2011470688382023,0.7772355858173627,False
49,19.0,17,14,0.39554222778000325,0.6958767953330343,0.13493351242680773,0.06511361743777028,0.2171083441349113,0.1871997126010224,0.8068136757484454,False
49,20.0,17,14,0.32481055045394586,0.7479725697054365,0.11112737175055656,0.06022355307199477,0.18761524362326443,0.16775711995954956,0.8390681983361219,False
49,21.0,17,14,0.2474088746504842,0.8064712084097547,0.08499621476332057,0.05596628777811371,0.15712343570601475,0.14557894658894568,0.8741107291150889,False
49,22.0,17,14,0.16599177398112042,0.8693457659336239,0.057338174022164255,0.052709954182664304,0.12915515759346485,0.12348792450612867,0.915244245996006,False
49,23.0,17,14,0.08633833561914539,0.9317911356645212,0.030022375365628972,0.05074208200876999,0.10579339433904934,0.10367106928394541,0.9563228297376193,False
49,24.0,17,14,0.020870220583310287,0.9834942352065374,0.007307547905541381,0.05004394621169131,0.08770943394001478,0.08733215636694991,0.9909143334173889,False
49,25.0,17,14,-0.012503118776588848,0.990114668758922,-0.0044026152590187235,0.05001595115675017,0.07455471552496405,0.07473077516260467,0.993761636510278,False
49,26.0,17,14,-0.0014192686607443499,0.9988782360544728,-0.0005015169976552582,0.0500002069845228,0.06545559196407044,0.0654723152461456,0.9992747736630693,False
49,27.0,17,14,0.053602806025142606,0.9576632525924973,0.018975792356890762,0.05029637698664932,0.059421616253016576,0.05885984248110353,0.9725212156087419,False
49,28.0,17,14,0.14556438353190987,0.8854026756098148,0.051565262136382545,0.05219106034111767,0.05558687661663463,0.05416981583478782,0.9258152458658644,False
49,29.0,17,14,0.26744886897395403,0.7912522472557246,0.09471012165485891,0.05741413461326874,0.053293465272855896,0.05080125936612528,0.8652443753892064,False
49,30.0,17,14,0.4122919377079029,0.6834799856942562,0.14581039690843822,0.0676725786157944,0.05207279378103012,0.04831504991976972,0.8001716905688853,False
49,31.0,17,14,0.5717241931983414,0.5722616291233279,0.2017457109009662,0.08410960872851878,0.05158663691519241,0.04640809952332693,0.7296227196512959,False
49,32.0,17,14,0.7363948398151304,0.4676901405198809,0.259070436306444,0.1067931210723845,0.05157201046980999,0.04486594470392191,0.6664286989596268,False
49,33.0,17,14,0.8982298063387271,0.37661294391123146,0.31484562132905336,0.1346921639217721,0.05180952872763448,0.04352281928775033,0.6135915606489148,False
49,34.0,17,14,1.052698042863033,0.30120063180214296,0.3674543154783279,0.1663301322990025,0.05211464457382646,0.042242048004844525,0.5709105619717189,False
49,35.0,17,14,1.1993110804012743,0.24012693650631298,0.4167734844697471,0.20061718419032654,0.05234025439996663,0.04091639649801286,0.5243500915990251,False
49,36.0,17,14,1.3400838630307796,0.1907988286390544,0.4636186562120217,0.23715856857658915,0.05237876695030658,0.03947900947597583,0.4777079465180497,False
49,37.0,17,14,1.4771851858706635,0.15092161397453988,0.5089051987138657,0.27589994840949794,0.05215875055805298,0.03791179402410814,0.45751735055731396,False
49,38.0,17,14,1.611327862849202,0.11890688927678907,0.5530676168942885,0.3165673109819003,0.0516388300058216,0.03624114998531447,0.447563788741945,False
49,39.0,17,14,1.7416323974190324,0.0935839328642417,0.595984161752357,0.35841020043555594,0.050803708578077755,0.03451997182302758,0.4198025330173058,False
49,40.0,17,14,1.8665169847342067,0.07386818099305899,0.6372513919086646,0.400363601309777,0.04966385591564898,0.03280445604013653,0.389430577620311,False
49,41.0,17,14,1.9845057076945598,0.058694850734586766,0.676438501236336,0.4413269408458141,0.04825619231720566,0.031137629457521066,0.37167427069695336,False
49,42.0,17,14,2.0941639660377214,0.04713034339666453,0.7130631516619592,0.4802086106937618,0.046642086951764916,0.029546310816299336,0.37167427069695336,False
49,43.0,17,14,2.1933355365138256,0.03846150428817951,0.7463515810288759,0.5157280370122395,0.04490104282041966,0.028048769195131253,0.37167427069695336,False
49,44.0,17,14,2.2786486408263755,0.0321739197840515,0.7751057047791753,0.5463215763117447,0.043120835534313263,0.026663942667999367,0.35098821582601636,False
49,45.0,17,14,2.346204249980814,0.027861228087698354,0.7979730808081661,0.570466551469106,0.04138594347202387,0.02541405429880657,0.3376899021132159,False
49,46.0,17,14,2.3933437369537267,0.025148719156471735,0.8140631671998906,0.587304527123094,0.0397663886547512,0.02431914145288247,0.3346321985274807,False
49,47.0,17,14,2.4202121414179696,0.02367189477311551,0.8234591615271283,0.5970655430710029,0.03830946863069373,0.02338861879607578,0.3346321985274807,False
49,48.0,17,14,2.4298556108840272,0.02309424625860161,0.8272092044736097,0.600944801223655,0.03703684231832454,0.0226165583819787,0.3346321985274807,False
49,49.0,17,14,2.426983529355587,0.02312910178972226,0.826873015304304,0.600597428538252,0.035948005756811924,0.021983598758191447,0.3346321985274807,False
49,50.0,17,14,2.416644870465137,0.023539361096399036,0.8240695420293034,0.5976976180451744,0.03502857156040006,0.021463265571670533,0.3346321985274807,False
49,51.0,17,14,2.403740931625673,0.02410754401863943,0.8203360873295604,0.5938275287601683,0.034259659203022014,0.02102825781777365,0.3346321985274807,False
49,52.0,17,14,2.393196499123101,0.024595874368047634,0.8172217085944563,0.5905921244985578,0.03362462695922447,0.020653890603801163,0.3346321985274807,False
49,53.0,17,14,2.389935756504872,0.02474166688486478,0.8163084649294121,0.5896422100093899,0.03311115648717472,0.02031901164657172,0.3346321985274807,False
49,54.0,17,14,2.3980298124028248,0.024325193343215236,0.8189385106385139,0.5923764203323081,0.032708912258700755,0.020006391083063086,0.3346321985274807,False
49,55.0,17,14,2.4191885027003446,0.023284837827563642,0.8257087046052429,0.5993937721272106,0.03240456678831884,0.01970386881056685,0.3346321985274807,False
49,56.0,17,14,2.45149791115156,0.021782783779275564,0.8360429351296665,0.6100429451015199,0.03217686962495472,0.019405730430616656,0.3346321985274807,False
49,57.0,17,14,2.4894107557920933,0.0201433208469288,0.8481800001017847,0.6224446172106701,0.03199475051902884,0.01911282922220155,0.3346321985274807,False
49,58.0,17,14,2.5252933382976734,0.018706491875912504,0.8596720053546059,0.6340720719185293,0.03182060945210624,0.01883070959107266,0.3346321985274807,False
49,59.0,17,14,2.551752096139209,0.017716178631386813,0.8681337464547731,0.642556115700891,0.031618489503573974,0.018566565345060855,0.3346321985274807,False
49,60.0,17,14,2.563510055420647,0.017300828180939767,0.8718461535808955,0.6462564533493892,0.03136379530007696,0.018326709736651098,0.3346321985274807,False
49,61.0,17,14,2.558234098914225,0.01750932216576759,0.8700278249404093,0.6444457386599322,0.03104983683075695,0.01811558811869054,0.3346321985274807,False
49,62.0,17,14,2.5365544822735657,0.018343069010002353,0.86285625270172,0.6372726805215749,0.030688001976153727,0.01793596111179386,0.3346321985274807,False
49,63.0,17,14,2.501605960714067,0.01976100259484478,0.851338813467481,0.6256522597694034,0.0303017251291733,0.017789126585132386,0.3346321985274807,False
49,64.0,17,14,2.4580622754088157,0.021672474729072504,0.8370099080566145,0.611035306861959,0.02991733412130817,0.017674559939061293,0.3346321985274807,False
49,65.0,17,14,2.4107145245558943,0.023947481862387657,0.8214601842069995,0.5949937484520567,0.02955579022601103,0.017589406832541427,0.3346321985274807,False
49,66.0,17,14,2.363150984758704,0.02645516129581084,0.8058857474744205,0.5787650296927987,0.02922818994690816,0.017528628084643876,0.3376899021132159,False
49,67.0,17,14,2.3172198877082213,0.029106165125184297,0.7908974480504698,0.563019360676253,0.02893554090446641,0.017485897077128228,0.3376899021132159,False
49,68.0,17,14,2.2734217518304307,0.031863400305677456,0.7766483233656469,0.5479567937568082,0.028671172469270357,0.01745445459499467,0.35002662605677387,False
49,69.0,17,14,2.23178747097725,0.034711848566505034,0.7631293668121156,0.5336018235649761,0.028423611868433243,0.017427127305230928,0.36402193906685537,False
49,70.0,17,14,2.192686595978995,0.0376071572611021,0.750442415797903,0.5200903443842589,0.02817905372029639,0.01739567700311295,0.37167427069695336,False
49,71.0,17,14,2.157261576864629,0.040429113579357134,0.7389469596541653,0.5078277105948409,0.027924051037734994,0.01735055157458552,0.37167427069695336,False
49,72.0,17,14,2.127407057091611,0.04296363993173579,0.7292556103753277,0.4974836487249263,0.02764883550341791,0.0172819883269797,0.37167427069695336,False
49,73.0,17,14,2.105263708302362,0.04494006301725002,0.7220681145314126,0.4898129834320166,0.027349880795264177,0.01718232565211306,0.37167427069695336,False
49,74.0,17,14,2.092227823425572,0.04614261831070911,0.717842147597034,0.4853045996424489,0.027029252350872668,0.017048213907939324,0.37167427069695336,False
49,75.0,17,14,2.08770703319097,0.046566615366944626,0.716377270189665,0.48374225207734023,0.02668970521894347,0.016881032448257702,0.37167427069695336,False
49,76.0,17,14,2.088301070090274,0.04651545684209736,0.7165413703866573,0.48391725876762914,0.026327429721348238,0.01668440567418167,0.37167427069695336,False
49,77.0,17,14,2.0883487549925968,0.04652805965246305,0.7164556961792575,0.48382589004364746,0.025926115499068002,0.01645895600327662,0.37167427069695336,False
49,78.0,17,14,2.082196379250159,0.04714576433690125,0.7142537976400594,0.4814779534661444,0.02545512766507462,0.01619596284994556,0.37167427069695336,False
49,79.0,17,14,2.0671064138820623,0.04865701915086074,0.7090486563745114,0.4759303752218338,0.024872165670617338,0.015872950108221463,0.37167427069695336,False
50,0.0,17,14,-0.8747680005053944,0.3973331766977478,-0.32173813187599454,0.13854326625008767,0.2895651004925876,0.5030817360062051,0.6286365995412947,False
50,1.0,17,14,-0.8261717301953999,0.4233530934850205,-0.3038292023216223,0.12872142913595247,0.25714553173093535,0.4137304440045269,0.6399818809731563,False
50,2.0,17,14,-0.7596038553461653,0.46074958183445813,-0.2792791601640427,0.11623170693262708,0.22613793345112798,0.33293773789428227,0.6617776837975688,False
50,3.0,17,14,-0.6685186526373673,0.5151291132350173,-0.24565726630005788,0.1009460902822838,0.19787605602639083,0.2644507098901298,0.6955310171476291,False
50,4.0,17,14,-0.5442483429306036,0.5949873909581218,-0.19974297791100254,0.08342508207396157,0.17324616293153938,0.2099649211313353,0.743221048854636,False
50,5.0,17,14,-0.37954084389563936,0.709764707478638,-0.13887320398452088,0.06601683719466636,0.15286397831720838,0.16967378372137418,0.8161565424805693,False
50,6.0,17,14,-0.1850667100187508,0.855414084855799,-0.06724341972392579,0.053729376089341876,0.13715170197502266,0.14262369133923236,0.9063037602844707,False
50,7.0,17,14,-0.030696693433626385,0.9758100696198292,-0.011032970495966151,0.05010017926675639,0.1263976992460605,0.1270949764692168,0.9851928587507891,False
50,8.0,17,14,-0.00784046223756639,0.9938128544820839,-0.002800673870808532,0.05000645495600925,0.12082991304358265,0.12100679977195601,0.9955906950088854,False
50,9.0,17,14,-0.057383537749235276,0.9547383279160973,-0.020487690410872433,0.050345496440287754,0.12064834568011014,0.12218244818164493,0.970332964851206,False
50,10.0,17,14,-0.07506588419581293,0.9408033757624469,-0.02676986306377957,0.050589948573701145,0.12592797595896565,0.1284157747634544,0.961888341863996,False
50,11.0,17,14,-0.02782895337803094,0.9780212904921222,-0.009882992088856245,0.050080383073762405,0.13635561582678954,0.13748302999107206,0.9864373232099851,False
50,12.0,17,14,0.0750914428985491,0.9406934193412807,0.02647506759143854,0.05057702232334589,0.15087547920800842,0.14727172617165227,0.961888341863996,False
50,13.0,17,14,0.20762549498441524,0.836979753828936,0.07251900072641176,0.05433906482025381,0.16743229422250228,0.15602161046575455,0.8961924706390136,False
50,14.0,17,14,0.3375057987546763,0.738211977587248,0.1167257512002302,0.06128628441216387,0.1830429070873596,0.1625029800550451,0.8331523662279563,False
50,15.0,17,14,0.43631303191767123,0.6661734060026565,0.1496045398492936,0.06861349741616572,0.19432813467464688,0.16598331310094536,0.7877745645149098,False
50,16.0,17,14,0.48793560579756684,0.6300343930816765,0.1662485194586676,0.07303808511376012,0.1984017740999344,0.16602891103011722,0.7652483795731345,False
50,17.0,17,14,0.4891836643879097,0.6294825387433729,0.16601663111137507,0.07297310365638046,0.1937691594079499,0.1623495769289129,0.7650330347881841,False
50,18.0,17,14,0.44391120775436954,0.6615384378424227,0.15035967757073943,0.0688037553512364,0.1808136456264286,0.15485083112656772,0.783584894647664,False
50,19.0,17,14,0.356526294299136,0.724942839892123,0.12071730620089384,0.062076667366608905,0.16163006129237292,0.14384852479117363,0.825138191747132,False
50,20.0,17,14,0.22770953489533846,0.8219958982736195,0.07717742342745043,0.054916091390196216,0.13929527567043784,0.13022929210077838,0.8857941687618222,False
50,21.0,17,14,0.0522245067627507,0.9588046244199426,0.017744001954353644,0.05025914210732349,0.1169283758443449,0.11536656672117655,0.9730920876110573,False
50,22.0,17,14,-0.17984875631097055,0.8587432653431842,-0.061384424003751215,0.053106654441272494,0.09693127044671429,0.10079050367312625,0.9077539752807303,False
50,23.0,17,14,-0.46963959759327817,0.6423524434811099,-0.1615287372478451,0.071734091928184,0.0806345584566124,0.08778617773954148,0.7717132593923011,False
50,24.0,17,14,-0.7722172191068302,0.4462389717138726,-0.26843767333565005,0.11107383406008593,0.06834764840091284,0.07712165815536295,0.6511419853612964,False
50,25.0,17,14,-0.989650523711583,0.3307722585733368,-0.34736609128229307,0.15364123231856927,0.059661262216648685,0.06899771005611528,0.591377149063362,False
50,26.0,17,14,-1.0779047302804026,0.29064719358130164,-0.3803156242882616,0.17484530030042372,0.053817513236182675,0.06317666532210801,0.5627590686322551,False
50,27.0,17,14,-1.0837530534218314,0.28829287826181693,-0.3830939904278592,0.17672462988742793,0.05001278470161293,0.05918305058142182,0.5616754829765847,False
50,28.0,17,14,-1.0573705957588904,0.30000006581738037,-0.3739608972845622,0.1706000012954178,0.0475752533648561,0.056483382521313116,0.5696688019174153,False
50,29.0,17,14,-1.0184312188089417,0.3177881332632403,-0.3601799951917897,0.1616489007345082,0.04602238798646575,0.054602194932276846,0.5850822902465691,False
50,30.0,17,14,-0.9683762288339819,0.34167149725742774,-0.34233888538508317,0.1505829926611465,0.045038545849548556,0.05317324324865465,0.5962745803869961,False
50,31.0,17,14,-0.903336771121017,0.37446621181384343,-0.3190905618635477,0.1370534584503975,0.04442016689859314,0.05194480671707357,0.6131610485840711,False
50,32.0,17,14,-0.8204637650854024,0.419156275472675,-0.28945828068677226,0.12127372089727788,0.044025105066890446,0.050761281477049704,0.6384060254509291,False
50,33.0,17,14,-0.7198182201209702,0.47773533657586065,-0.2535184937660497,0.10433264226107547,0.04374374941476543,0.04953848437933299,0.6721184579104499,False
50,34.0,17,14,-0.6040013839275956,0.5507220077431068,-0.21226719745986045,0.08782452792115504,0.043491479441496395,0.048242799462627516,0.7166173702127169,False
50,35.0,17,14,-0.477379529852631,0.6367450088326952,-0.1673369490850545,0.07334435759511618,0.04321100735514197,0.04687709367042476,0.7692221583213769,False
50,36.0,17,14,-0.34595386751891577,0.7318935009229299,-0.12092968257750832,0.0621194842843277,0.042872312188576706,0.04547065161334472,0.8298362930535463,False
50,37.0,17,14,-0.21739578605751303,0.829423674836339,-0.0757871950589487,0.054740087221186035,0.04246507152149754,0.04406800215733437,0.8905614233436618,False
50,38.0,17,14,-0.09999960429126421,0.9210329224402638,-0.034784203235966385,0.05099630558696367,0.04198701927733018,0.04271397968896235,0.9501083452363693,False
50,39.0,17,14,-0.00046298468905037985,0.9996337686130532,-0.00016081328510810715,0.05000002128189799,0.041434990855805987,0.04143831989036112,0.9997448702436267,False
50,40.0,17,14,0.07796888934956564,0.9383901383714387,0.027065287786369022,0.05060304621467075,0.04080254534847743,0.04024737597356496,0.9608870982104939,False
50,41.0,17,14,0.1355501663752707,0.8931164182972064,0.04705846916844002,0.05182440058496886,0.0400832731319614,0.03912829431400329,0.9307913044288504,False
50,42.0,17,14,0.17441921539381897,0.8627503109436605,0.06058884865193322,0.05302650451030566,0.039276501213972435,0.03806315003944046,0.9111312735740417,False
50,43.0,17,14,0.19674496006380435,0.8454003713879923,0.0684041511269162,0.05385953392074945,0.038392471690525155,0.03704379548110537,0.9008071610561271,False
50,44.0,17,14,0.20398157801286218,0.8397926540081354,0.07099017417610631,0.054157599680147175,0.0374550284247899,0.03607838599602743,0.8974883325277783,False
50,45.0,17,14,0.19747550352952567,0.8448334269258366,0.06879337316409852,0.05390368224991541,0.03650027156370248,0.03518702680570062,0.900583856113836,False
50,46.0,17,14,0.17953962814338523,0.8587640782020877,0.06260087714021738,0.05323124205764421,0.03557038098041289,0.03439094058823539,0.9077539752807303,False
50,47.0,17,14,0.15381792833166502,0.878821353986803,0.053671970259627874,0.052374009139667166,0.034703787355757625,0.03370222468884527,0.9219940932750806,False
50,48.0,17,14,0.12447613664349645,0.9018003547110939,0.043457928220883124,0.05155565270447836,0.03392538856280864,0.03311934975855778,0.936636860758058,False
50,49.0,17,14,0.09481336774044109,0.9251183462832611,0.033115168781883905,0.05090293800062311,0.033241606495571854,0.032629547590012735,0.9523277094092394,False
50,50.0,17,14,0.06636704670284023,0.9475436939380601,0.023187199637384533,0.050442567701346044,0.03264318192541466,0.03221558082726019,0.966047376657269,False
50,51.0,17,14,0.03911380510408179,0.9690695392809051,0.013669986650581702,0.050153795367202554,0.03211415702616718,0.031862598992166445,0.9800022971451849,False
50,52.0,17,14,0.01243922208799979,0.9901610892017916,0.004349170219045786,0.05001556622929198,0.031641389061612776,0.031561553066952276,0.993761636510278,False
50,53.0,17,14,-0.013996860274548379,0.9889293307684686,-0.004896197753084188,0.050019728297626825,0.03121869502141646,0.031308329344385995,0.993661050054442,False
50,54.0,17,14,-0.04009948839786735,0.9682921381703962,-0.014034909919735682,0.050162116987597614,0.03084409614638005,0.031100372590468862,0.9800022971451849,False
50,55.0,17,14,-0.06571072758569525,0.9480661117938066,-0.02301206677844958,0.05043590576461684,0.030514033825169994,0.03093329793536315,0.9662797175815542,False
50,56.0,17,14,-0.09086421967891985,0.9282368191602642,-0.03183804650771844,0.05083460099121598,0.030219993610501525,0.03079894031786352,0.9538419745115637,False
50,57.0,17,14,-0.11557377844749757,0.9088039127999672,-0.040515017070319605,0.05135192781047278,0.02994964726047558,0.030685082836089474,0.9418819083923163,False
50,58.0,17,14,-0.1394801034018132,0.8900577134053878,-0.04891355798220984,0.051971248194371794,0.029690328947447654,0.030576821656602887,0.9287049340539834,False
50,59.0,17,14,-0.16188696012900636,0.8725459178632714,-0.056786104747441606,0.05265793861390601,0.029431719885840035,0.030459599746764415,0.9168987616467426,False
50,60.0,17,14,-0.18225483647642607,0.8566843080537981,-0.06394166518697232,0.05337141794422061,0.029166919650625966,0.03032334033204914,0.9064191138828459,False
50,61.0,17,14,-0.20070260866716882,0.8423703991474166,-0.07042340987212888,0.05409131904967655,0.02889300328197059,0.030166025519317467,0.8984892956249115,False
50,62.0,17,14,-0.21809269404763407,0.8289279415762929,-0.07653898842740792,0.05483486326825359,0.028611581221233206,0.029994778724336823,0.8904085305934604,False
50,63.0,17,14,-0.23570949425456272,0.8153657299558948,-0.08274681951290273,0.05565364842185878,0.028328492767052488,0.029823690979289313,0.8812907188921887,False
50,64.0,17,14,-0.25481385945423607,0.8007271763060542,-0.08949808831265504,0.05661753389255318,0.028052032436900135,0.029669402525889576,0.8712575493485564,False
50,65.0,17,14,-0.2762545937842818,0.7843903888429671,-0.09709818792773485,0.05779443258294374,0.027790643338321014,0.029546369384884613,0.8607529251554412,False
50,66.0,17,14,-0.30015852558921263,0.7662998501632557,-0.1055951166805227,0.059225786066617644,0.027551441547029584,0.029463334833783876,0.8511803222932055,False
50,67.0,17,14,-0.32577694008699337,0.7470661796793326,-0.11472276895040158,0.060899921626721476,0.02733956430087222,0.029421546883576517,0.8389513247735821,False
50,68.0,17,14,-0.3516705013950851,0.7277993397775702,-0.12396499250406692,0.06273987030625447,0.02715717350350929,0.029414667611007746,0.8265765554881807,False
50,69.0,17,14,-0.37626850361415726,0.7096677886318852,-0.13275508011939055,0.06462569208339766,0.027001805968140637,0.029430283141154673,0.8161565424805693,False
50,70.0,17,14,-0.3985062750728574,0.6934269134811708,-0.14070592892136355,0.06644615783812666,0.026865628837449397,0.029452891225939144,0.8051302759081616,False
50,71.0,17,14,-0.41810667409163976,0.6792358849126119,-0.14771391970316308,0.06814150784681702,0.026737411137000927,0.029467709843276537,0.7979834172399917,False
50,72.0,17,14,-0.43532728097702866,0.6668668679132592,-0.1538697094410943,0.06970116220389214,0.02660676539461619,0.029463785441419848,0.7882291309293683,False
50,73.0,17,14,-0.45041858877123947,0.6561057200229011,-0.1592629583290864,0.07112198975285111,0.026467500311492333,0.029434503029704687,0.7802358949449264,False
50,74.0,17,14,-0.4632552095539183,0.6470112229490262,-0.16384838091551573,0.07237007728254685,0.02631661257965491,0.029374513704178234,0.774017698472132,False
50,75.0,17,14,-0.47345576295395286,0.639823028952551,-0.167488294082962,0.07338710964489152,0.026148276871997264,0.02927416891117841,0.7707237251244878,False
50,76.0,17,14,-0.48092654196239626,0.6345795409772097,-0.1701484267701438,0.07414513535909048,0.02594603285123584,0.0291143689171576,0.7671583414728119,False
50,77.0,17,14,-0.4864170487831232,0.6307366370132452,-0.17209763750889612,0.07470850221233515,0.025678078059770085,0.028864603409141088,0.7656340680507602,False
50,78.0,17,14,-0.4916201579435645,0.6271041188614584,-0.17394303452806373,0.07524804876742804,0.02529878155617629,0.028484783163040057,0.7636155494229888,False
50,79.0,17,14,-0.4986610717922268,0.6222054066619698,-0.17644586500113854,0.07598943575587949,0.024755833237549558,0.02792927441596414,0.761078091508421,False
51,0.0,17,14,-0.7370939632166236,0.473423157984738,-0.2704791702695764,0.1120283808234012,0.3275915418472976,0.5186150737326377,0.6698547271401474,False
51,1.0,17,14,-0.6383186262397694,0.5334217323643191,-0.2338622008491954,0.09607813650917535,0.29967479320549095,0.42880809716318374,0.7063703444866444,False
51,2.0,17,14,-0.49607354020412336,0.6270095045030357,-0.1811976374180174,0.0774275451526977,0.27246752596881973,0.34766906429550837,0.7636155494229888,False
51,3.0,17,14,-0.2906839013715275,0.7748395813412963,-0.10554702514880748,0.05921734050275146,0.2470231267192495,0.2789034952079044,0.8549018147898716,False
51,4.0,17,14,-0.0003236170042853173,0.9997448702436267,-0.00011617171101456324,0.05000001110624576,0.2240896051568372,0.2241148148296142,0.9997448702436267,False
51,5.0,17,14,0.3697304568828892,0.7144312053128954,0.13023879629639942,0.06407227489170238,0.20427162105742516,0.18335951399354053,0.8187753286269607,False
51,6.0,17,14,0.729265109443257,0.4719450739499135,0.25135500277856976,0.10338926020995191,0.188067809235317,0.15550947446763796,0.668960568045992,False
51,7.0,17,14,0.9374538567262897,0.35822428876869894,0.3187430025123958,0.13685885774583828,0.1758414160984635,0.13865036775868614,0.60241922435577,False
51,8.0,17,14,0.9611172123198296,0.3468877646859646,0.32600621354959425,0.14097254878094082,0.16777305379718188,0.13052468597406672,0.5977681990874191,False
51,9.0,17,14,0.874053249493059,0.3908489865304624,0.2976498879705518,0.1254717064560478,0.16380070456809598,0.12885548561977042,0.6233793962384591,False
51,10.0,17,14,0.756957941583863,0.45590351892516534,0.2592675160112459,0.10688150961107439,0.1635326101000401,0.13146686623330175,0.6599873589358478,False
51,11.0,17,14,0.6607097251505798,0.5143091767156804,0.2274182396754344,0.09352631569488602,0.16615276827414283,0.13630433774598505,0.6953106895512418,False
51,12.0,17,14,0.6055199679128878,0.5496946360611783,0.20900054946566352,0.08664975332230036,0.17038937257440145,0.14150670337202062,0.7160131056116351,False
51,13.0,17,14,0.5893822108946096,0.5603040062049136,0.20349801552108923,0.08471445763553381,0.17462269677335454,0.14556067584939442,0.7219043415822541,False
51,14.0,17,14,0.5982748115353301,0.5545049192811956,0.20620466164025167,0.0856595877533193,0.17715160542001526,0.14743958560270487,0.7176951189463857,False
51,15.0,17,14,0.6144693270740772,0.5440640578001439,0.21112032779811346,0.08740988463297567,0.17655443989091313,0.14662139207197078,0.7130845394422592,False
51,16.0,17,14,0.6230911148980713,0.5387124450524543,0.2132959527557655,0.08819849301189188,0.17202464111287732,0.14298460711373798,0.7096473400586435,False
51,17.0,17,14,0.616898040863831,0.5430104034381004,0.2104466585401621,0.08716743306403882,0.16356124355957413,0.1366776371317338,0.7123734360451285,False
51,18.0,17,14,0.5977237136636129,0.5557897265922017,0.20333186823678007,0.08465687083603742,0.15194278217718127,0.12805539892289822,0.7183844760148742,False
51,19.0,17,14,0.5742114471962815,0.5715434081083137,0.19491209449458718,0.08180354354510906,0.1384893956618754,0.1176894134404292,0.7296144970793067,False
51,20.0,17,14,0.5573356104949064,0.5830076178014407,0.1888504707760027,0.07982802054127097,0.124696144751906,0.10637372512799197,0.7367942527957879,False
51,21.0,17,14,0.5552086356137235,0.5846195306724773,0.18782214700552666,0.07949939622370161,0.11186776287934018,0.09504474777054488,0.7379127153700796,False
51,22.0,17,14,0.5690764064383841,0.5755325986456248,0.19221432541062541,0.08091620860885602,0.10087427041653042,0.08460611315853232,0.7323212615236716,False
51,23.0,17,14,0.5933680812883615,0.5596533617955309,0.20015266864698075,0.08356452625606568,0.09208272174367445,0.07573150510255652,0.7215791617931634,False
51,24.0,17,14,0.61988528669515,0.5425493436506907,0.20889063460118892,0.08661056039275203,0.08544150206283012,0.0687415142785201,0.7122815035164057,False
51,25.0,17,14,0.642349039635199,0.5282712061010444,0.21632021769230364,0.08930895247468383,0.08064302446030068,0.06360402164620492,0.7037741401329695,False
51,26.0,17,14,0.6584044580901581,0.5181884185012544,0.22164302449457612,0.09130371083436792,0.07728583587759352,0.0600367017587519,0.6971838774033441,False
51,27.0,17,14,0.6691155966106024,0.5115151156135571,0.22520504783146478,0.09266738110707472,0.07498655227637516,0.05764764483709571,0.6941650857003505,False
51,28.0,17,14,0.6772723218238538,0.5064554128363619,0.2279321342228674,0.0937270352211915,0.07343104958297277,0.05605344440185013,0.6902475069484219,False
51,29.0,17,14,0.6857590122149774,0.5012100171819573,0.2307846700143475,0.09484996025356038,0.07238158078873858,0.0549450460182742,0.6858815860618905,False
51,30.0,17,14,0.6966716468679335,0.49450402093869317,0.23446200079197713,0.09631952186471585,0.07166360586976303,0.054103263639557655,0.681328667449703,False
51,31.0,17,14,0.7111951904698508,0.4856565426038395,0.2393605246795796,0.09831557715192067,0.07114879899490302,0.05338359690242538,0.6765786169807452,False
51,32.0,17,14,0.7298117556054687,0.4744500113444644,0.24564203772458668,0.1009396404633846,0.07074070034658876,0.05269271598219377,0.6705810458728365,False
51,33.0,17,14,0.7524278029783932,0.46104224466896304,0.2532754052790207,0.10422621348318581,0.07036420470458273,0.0519714549568167,0.6620093769605624,False
51,34.0,17,14,0.7783406690036561,0.44596082974133433,0.26202548459691183,0.10812598004842562,0.0699592647890964,0.051187756539863134,0.6510242731848577,False
51,35.0,17,14,0.8062339393731662,0.4300632591566115,0.2714523949571402,0.11248615903617497,0.06947938031776443,0.05033453716404416,0.6437630552959123,False
51,36.0,17,14,0.8343613190678351,0.41438421560001293,0.28097342020281263,0.11705752168989492,0.06889452189378695,0.04942613124810736,0.6352658891647639,False
51,37.0,17,14,0.8608528548976646,0.39993558295235765,0.28996433337415817,0.12152942756685961,0.06819595084227749,0.04849126870397169,0.629266610579046,False
51,38.0,17,14,0.8839598085664061,0.3875768945967142,0.2978387029780773,0.12556994755393697,0.06739825785642817,0.04756467868231747,0.6215041516918357,False
51,39.0,17,14,0.9021921271212202,0.37797324757261397,0.30409124814950644,0.1288608181572511,0.06653432099454422,0.046679563582662016,0.6151066089008635,False
51,40.0,17,14,0.9144899921397418,0.3715500847750055,0.3083547777344458,0.13114674657664968,0.06564315747301262,0.04586115529485226,0.6118209932461256,False
51,41.0,17,14,0.9205098039687724,0.36839027785455547,0.31049893316289456,0.13230920508088886,0.06475622183668324,0.04512142554155323,0.6103453831771803,False
51,42.0,17,14,0.9208337328821038,0.3681540401284151,0.31070579398170134,0.13242181005267192,0.06388945067285691,0.044457146776131974,0.6103453831771803,False
51,43.0,17,14,0.9168138437556921,0.37015316731957215,0.30942242131190206,0.13172449674294948,0.06304423123847036,0.043854012126709585,0.6118209932461256,False
51,44.0,17,14,0.9100424109543619,0.37359299196488294,0.307184745727849,0.13051603839548168,0.06221430976067963,0.04329592443480164,0.61302597176849,False
51,45.0,17,14,0.9017971070859544,0.37783282868678236,0.30442940498009785,0.1290408824153296,0.061393017704973116,0.04277389114753983,0.6150766978622038,False
51,46.0,17,14,0.8928315880433154,0.38248923085953046,0.3014196976924296,0.12744577006740815,0.060577440174294464,0.04228865240972185,0.6184452497060272,False
51,47.0,17,14,0.8835606380346702,0.38734629376468943,0.2983044325068451,0.12581255314254025,0.05976981095489518,0.041846355625828,0.6215041516918357,False
51,48.0,17,14,0.874364817177095,0.39220099466684777,0.29521866456093004,0.12421268528115581,0.05897776936759791,0.04145223222012948,0.6245118289255872,False
51,49.0,17,14,0.8657070597943277,0.396801306382611,0.29232298377233357,0.12272755375964042,0.05821396507479698,0.04110765161892503,0.6284973551754744,False
51,50.0,17,14,0.8580018639489361,0.4009150925379201,0.2897602589699092,0.12142625195073144,0.057494364199225774,0.0408112354843736,0.6300070860090028,False
51,51.0,17,14,0.8514395169390276,0.40442767812539593,0.2875965196676753,0.12033709402683275,0.0568352003213727,0.040560484914961954,0.6323602842492813,False
51,52.0,17,14,0.8459915130950513,0.40734459779677645,0.2858216009215329,0.1194501793920256,0.05624983916592462,0.04035102273884363,0.6330918888043886,False
51,53.0,17,14,0.8416062072611038,0.40968878425830835,0.28441366007912683,0.11875082120328506,0.05574679499370344,0.04017449043887379,0.6342377941699815,False
51,54.0,17,14,0.8383797511091545,0.411406576483508,0.2833970522185721,0.11824814604242823,0.055328485104042154,0.04001829215652989,0.6345716060615669,False
51,55.0,17,14,0.8364940129000302,0.41239870059361017,0.28282434206976215,0.1179658105704854,0.05498921154099219,0.039868451245890786,0.6345716060615669,False
51,56.0,17,14,0.8359515073454491,0.4126633953943175,0.2826913325418906,0.11790032684529456,0.05471223579192303,0.039713513244355424,0.6345716060615669,False
51,57.0,17,14,0.836359754332528,0.4124137664330487,0.2828674066819888,0.11798701936214348,0.05446855406253057,0.03954653304691681,0.6345716060615669,False
51,58.0,17,14,0.8369867145701131,0.4120465526309658,0.2831137928361784,0.11810842799220866,0.05422081653327961,0.039364332851102364,0.6345716060615669,False
51,59.0,17,14,0.8370630002935184,0.4119769456359538,0.2831818606252957,0.11814198886039658,0.05393305078057121,0.039165762097813625,0.6345716060615669,False
51,60.0,17,14,0.8361044647996045,0.4124649610640495,0.2829174371395296,0.11801166308860246,0.053582375931658335,0.03895105329230565,0.6345716060615669,False
51,61.0,17,14,0.8340439120134675,0.4135464743499502,0.28230221467114325,0.11770894432508287,0.05316643288003517,0.038722567824235755,0.6346394612054066,False
51,62.0,17,14,0.8311232109232941,0.41509251674218306,0.2814165367176218,0.11727438754507954,0.052701937376862386,0.0384854338829796,0.6356931888120944,False
51,63.0,17,14,0.8276398209702585,0.4169463362566951,0.2803547075240669,0.11675532936433844,0.05221471510259802,0.03824670314935745,0.6372821169314732,False
51,64.0,17,14,0.8236908907011402,0.4190626650889161,0.2791405473046239,0.11616438102799366,0.05172679193219551,0.038013407477312945,0.6384060254509291,False
51,65.0,17,14,0.8190416673746302,0.42158061034430716,0.2776856572580296,0.11545988268282814,0.05124813900892327,0.03779119912513136,0.639412060227297,False
51,66.0,17,14,0.813190403539145,0.4247896084067272,0.27581396646358924,0.11455935423021674,0.050777608097687665,0.03758458292385306,0.6406670303549676,False
51,67.0,17,14,0.8056052298486897,0.42900068729872554,0.27334298006995666,0.11338047068859654,0.05031102400510039,0.03739788274126341,0.6435010309480883,False
51,68.0,17,14,0.7959957665508286,0.4343966470707994,0.2701748801128206,0.1118856122662386,0.04984924832974474,0.037235247987165106,0.645893998719011,False
51,69.0,17,14,0.7844338467625522,0.440961741853811,0.2663358730825547,0.11009917668561228,0.04939972809377575,0.03709926776279134,0.6484937488668066,False
51,70.0,17,14,0.771220449759762,0.44855047027900796,0.2619306392034712,0.108082949295348,0.04897097700429374,0.03698966848708713,0.6531910922294712,False
51,71.0,17,14,0.7565843122313285,0.45705557531538066,0.25704104709037745,0.10588713826064772,0.048565078482171,0.03690367582887011,0.6604243404786464,False
51,72.0,17,14,0.7404592026160445,0.46654074108020693,0.251651108899965,0.10351786581132615,0.048173760957494136,0.03683739448664366,0.6650001787592638,False
51,73.0,17,14,0.722568173617559,0.4772010196650486,0.24567374740912257,0.10095307107271562,0.047779460569180116,0.03678536793371912,0.6717485137476388,False
51,74.0,17,14,0.702824231517912,0.48912934083039894,0.2390829090871489,0.0982012776908837,0.04735871421356299,0.03673614495566836,0.678585410057319,False
51,75.0,17,14,0.6818030172211594,0.5020172770434986,0.23207073303585785,0.09536109309292036,0.04688452437545628,0.03666517897026093,0.6864235403684469,False
51,76.0,17,14,0.6609536661582226,0.5149900102059528,0.22511905634550702,0.09263418825598708,0.046326198512054315,0.03652959776232696,0.6955310171476291,False
51,77.0,17,14,0.6423468662646086,0.5267255252532911,0.21891717226781143,0.09027574943538673,0.04564703030559648,0.03626919902263921,0.7037472617707403,False
51,78.0,17,14,0.6280251808989956,0.5358583098130658,0.21414570816525264,0.08850883471871433,0.04480111614857291,0.03581434895158801,0.7081146008652107,False
51,79.0,17,14,0.6192749506735613,0.5414800107893973,0.21123269957501242,0.08745040677049871,0.04373131125888496,0.035097202684745435,0.7111359928181061,False
52,0.0,17,14,-0.8659224127769884,0.40181003580583385,-0.3182785447857778,0.13659915764641603,0.23408603779599918,0.46034223116931855,0.6307670705455343,False
52,1.0,17,14,-0.8147754660385134,0.42944677038523293,-0.29944019114066034,0.1264058871907075,0.20774172682020703,0.3734218609660686,0.6437630552959123,False
52,2.0,17,14,-0.741906949559734,0.47087660184932356,-0.27257466620708026,0.11301623027637332,0.18304883775070058,0.2951907096740906,0.668960568045992,False
52,3.0,17,14,-0.6356816631274145,0.5354864405559469,-0.2333769677900238,0.0958833397404671,0.1610521725254441,0.22917493626790914,0.7081146008652107,False
52,4.0,17,14,-0.47571670025169105,0.6415517079498589,-0.17434492577341876,0.07536634974186221,0.14233321089552356,0.1767988400873057,0.7716220034612937,False
52,5.0,17,14,-0.22857420848673518,0.8222206127822534,-0.08340809874233933,0.055744676786117664,0.12719587082613296,0.13795327827830167,0.8858469192865663,False
52,6.0,17,14,0.1452941218280756,0.8860290576919918,0.05245887173825425,0.05226776299489137,0.11581437607251506,0.11140117311711595,0.9260859499725504,False
52,7.0,17,14,0.6112331370711734,0.5463455288737986,0.21627738457947893,0.08929310911667274,0.10841266848708876,0.09524717658934823,0.7142581272391729,False
52,8.0,17,14,0.9215780669459992,0.3643608341427528,0.320293976986734,0.13772900395516496,0.10547297202490477,0.08746480244275341,0.6071180207780037,False
52,9.0,17,14,0.9551738820305388,0.3475262118073461,0.33038802859724403,0.14350199358337443,0.10787657485934192,0.08627536852246291,0.5977681990874191,False
52,10.0,17,14,0.9079948507097427,0.3715688819122599,0.3136074752874135,0.1340097820979259,0.11683868700301481,0.09022722556413318,0.6118209932461256,False
52,11.0,17,14,0.9040518471074735,0.37385904199873055,0.31109630104336766,0.13263460132814675,0.1335379068807269,0.09802417252144137,0.61302597176849,False
52,12.0,17,14,0.9535392738921202,0.3492279628427787,0.3263278033227137,0.14115696929195973,0.15845208667596766,0.1082782847238091,0.5985163407125732,False
52,13.0,17,14,1.0311931623007329,0.31299908723838404,0.3508593067199517,0.15579398213756399,0.19057459269150046,0.11935176068278375,0.5825389215958108,False
52,14.0,17,14,1.1132210028920992,0.2780331149425426,0.37684570550671576,0.1725180305409193,0.22683736717749756,0.12937974947405032,0.5546791331905806,False
52,15.0,17,14,1.186529713777657,0.2495795073262687,0.40006678648211486,0.18851019071556321,0.2621113895954227,0.13649387767193824,0.529188353775513,False
52,16.0,17,14,1.2467806550843046,0.2280742328182624,0.41916638390964295,0.2023918764007636,0.2900181379026665,0.13919376521998628,0.5173240924410633,False
52,17.0,17,14,1.293899087317898,0.2123697642451026,0.4341333275881597,0.2137197778814945,0.3044787519029834,0.1367335373381225,0.5018019745875842,False
52,18.0,17,14,1.328601224286927,0.20140174988774392,0.4451751774823286,0.22232527771566393,0.30155365703547216,0.12934318734342107,0.48822946481411916,False
52,19.0,17,14,1.3505677421672624,0.19474049307651456,0.45214138932684095,0.22786107368272573,0.2808580088146006,0.11815327741291869,0.4827801697519102,False
52,20.0,17,14,1.357687619503826,0.19272168265105535,0.45428865564938953,0.22958387757279658,0.24587245860653764,0.1048359148756794,0.4803876128091467,False
52,21.0,17,14,1.3455601307709375,0.1966216965330533,0.45012216200691896,0.22624804980080754,0.20289531534204328,0.09112279408451125,0.4843899918449775,False
52,22.0,17,14,1.3065288973522644,0.20925804924752991,0.43707739551169933,0.2159938116430004,0.15903769741391977,0.07840562637381031,0.49882950269885257,False
52,23.0,17,14,1.227688385440833,0.23661423923598818,0.4108593904474655,0.19627447369834955,0.1201517674412639,0.0675449882779058,0.5219645178872445,False
52,24.0,17,14,1.0880005613195798,0.2917291009280453,0.36448186821934214,0.16440546454088234,0.08955997816141617,0.05888571602160109,0.5628510840361756,False
52,25.0,17,14,0.8585923984157573,0.4018637030797044,0.28831945343294296,0.12070002390684419,0.06794051049116483,0.05239167215529798,0.6307670705455343,False
52,26.0,17,14,0.524088392997769,0.6059438347450292,0.17692020896340627,0.0761311957346032,0.05410093122661217,0.04780382882907096,0.7505209135318892,False
52,27.0,17,14,0.14418140183604652,0.8865676222731933,0.04911654541342542,0.051987662717273855,0.046044644853763084,0.0447656406949294,0.926441062251945,False
52,28.0,17,14,-0.14376743670981706,0.8867364452982902,-0.049478422762905955,0.052017095249981875,0.04181736327714397,0.04290344774770388,0.926441062251945,False
52,29.0,17,14,-0.27103292257662215,0.7882988822080528,-0.09397460557836305,0.0572989434462323,0.03992686501204417,0.04187195512120633,0.862614834249427,False
52,30.0,17,14,-0.27311666690268005,0.7866991701184056,-0.09505366005352421,0.05746824989381245,0.03940171976975503,0.041376847406208894,0.862614834249427,False
52,31.0,17,14,-0.20206689367270636,0.8412755050433354,-0.07038223149146225,0.05408652431657986,0.03966604390420086,0.04118135276209658,0.897930653413471,False
52,32.0,17,14,-0.09109258536718712,0.9280455136596131,-0.03168352245094577,0.050826515243647494,0.04038210723817399,0.04110106098517037,0.9538419745115637,False
52,33.0,17,14,0.040869741551537775,0.967681736264381,0.01417100851924283,0.05016527669405432,0.041335432677581406,0.040993172813983854,0.9799308721664618,False
52,34.0,17,14,0.1821356847587824,0.8567818766940234,0.06288086944311594,0.05326026724447665,0.0423722557491278,0.040748518129312225,0.9064191138828459,False
52,35.0,17,14,0.3246463648738244,0.7479624189192965,0.1115250100254347,0.060297273992922236,0.043369468513263225,0.040292489496961195,0.8390681983361219,False
52,36.0,17,14,0.46162513771062985,0.6483150959580077,0.157786305601567,0.07072791281448582,0.04421719040859968,0.03959375339550374,0.7752095097576178,False
52,37.0,17,14,0.5861374964257872,0.5633902690916459,0.19944882701029376,0.08332514954102674,0.04480760272544306,0.03867172883361584,0.7246847573238601,False
52,38.0,17,14,0.6911448924129128,0.4967142889199737,0.23435279332355136,0.09627552302153265,0.04503443564633353,0.03759190856237088,0.6828805281387528,False
52,39.0,17,14,0.7706603321741881,0.44950294866803286,0.260693927590776,0.10752338649044287,0.04480718997937456,0.03644488907875195,0.6538978282036978,False
52,40.0,17,14,0.8207938022404382,0.4212247505237202,0.2773100675545769,0.11527865179646707,0.04407551511487266,0.03531618251677418,0.639412060227297,False
52,41.0,17,14,0.8399204209302266,0.4106937739720392,0.28372445779550187,0.11840982565664274,0.042851276756757234,0.034261134278376564,0.6345716060615669,False
52,42.0,17,14,0.8281463638623683,0.41701516302380925,0.27998395674316917,0.11657458862811373,0.04121564429987288,0.033296916418703006,0.6372821169314732,False
52,43.0,17,14,0.7867352171054267,0.440015976160522,0.26647907080628686,0.11016532075826607,0.039305887591335555,0.03241323326412991,0.6484937488668066,False
52,44.0,17,14,0.7181077842915066,0.4800118478746661,0.24393599235328078,0.10021977447290593,0.03728627282655767,0.03159250614081661,0.6735132832094424,False
52,45.0,17,14,0.6266720112307497,0.5367302820921172,0.21368448851566857,0.0883402290252939,0.03531398305050301,0.03082635542491947,0.708321285189813,False
52,46.0,17,14,0.5199630039883801,0.6075106221237738,0.1780725109859285,0.07647722738896767,0.03351173579370387,0.030120212409095928,0.7518103345980055,False
52,47.0,17,14,0.40857066082026056,0.686047923633686,0.1405368160822444,0.06640629917506348,0.03195443494793843,0.029487307666217488,0.8016458447221261,False
52,48.0,17,14,0.30371301625383756,0.7635781432169683,0.1048713531785055,0.05909909772859099,0.03067067484498116,0.028939711549905833,0.8500538308329945,False
52,49.0,17,14,0.21381915881524852,0.8322014001195733,0.07405381231160318,0.05452516899437825,0.02965455495652456,0.028483289651255312,0.8921508096160196,False
52,50.0,17,14,0.14290461941935198,0.8873576121505671,0.04959876352613531,0.05202693101257848,0.02888111662152354,0.028117557095768415,0.9267058361456398,False
52,51.0,17,14,0.09165439122185833,0.9276035481548941,0.03185390072238577,0.05083543282097498,0.0283196571586712,0.027836684420061913,0.9537172343330612,False
52,52.0,17,14,0.05976126129679941,0.9527558634204949,0.020784030206406703,0.050355565611463135,0.027941563201377972,0.027628534378821033,0.9689042678852491,False
52,53.0,17,14,0.04750633507093942,0.9624354285251207,0.016524093050357146,0.05022472998927559,0.027721647083636485,0.027472935888318582,0.9757223576331595,False
52,54.0,17,14,0.0553906969117566,0.956207287337655,0.01925945600718398,0.05030530577733911,0.02763399647022345,0.027343081384477493,0.9714341318649026,False
52,55.0,17,14,0.08209634534205235,0.9351350300316834,0.028523221929847558,0.050669792050074575,0.027645335085194594,0.02721179570080933,0.9585276695870825,False
52,56.0,17,14,0.12240775618985626,0.9034236190363598,0.04248611075937973,0.05148679333741066,0.027710339642656217,0.027059744484294174,0.9376554859850192,False
52,57.0,17,14,0.16692356318882814,0.8685966975978336,0.05787692622201335,0.05276120332576632,0.027772985110398527,0.026880414882255087,0.9148855498209157,False
52,58.0,17,14,0.20411742095641866,0.8397021258266808,0.07071180305519617,0.05412497835693013,0.02777522623116982,0.02667912245635832,0.8974883325277783,False
52,59.0,17,14,0.22364994136506053,0.8246178643444579,0.0774352780464864,0.05494909170394053,0.02767035694250465,0.02646774763242878,0.8878602940175321,False
52,60.0,17,14,0.21921890870999253,0.8280363319540005,0.07588611669502482,0.0547525038993012,0.0274354639428824,0.026259186097550628,0.8902097084147104,False
52,61.0,17,14,0.18983239592556284,0.8507803248153907,0.06572245377261855,0.05356222429687013,0.027077209760338634,0.02606422801152613,0.9034835307774061,False
52,62.0,17,14,0.13929192218141376,0.8901931619870622,0.04824392093735472,0.051917582435142676,0.02662795687105513,0.025890862277192866,0.9287049340539834,False
52,63.0,17,14,0.07431252189338095,0.9412764488240531,0.02575311078231682,0.05054597114740967,0.026133706590428053,0.025744524342513116,0.961888341863996,False
52,64.0,17,14,0.0021190847736248285,0.9983238179860034,0.0007348753938681701,0.05000044442044841,0.025639217988492936,0.025628246204607207,0.9989184122790267,False
52,65.0,17,14,-0.07151409666786976,0.9434815256354072,-0.02481875729381151,0.05050706091604719,0.025176725965801873,0.025542778027708452,0.9627752357162285,False
52,66.0,17,14,-0.1431383327833738,0.8871731188085994,-0.049714067132643966,0.05203637759756789,0.0247621100315262,0.025487127325576012,0.9267051852425576,False
52,67.0,17,14,-0.21139151824288718,0.8340617711408878,-0.07347617682606276,0.05445466547553988,0.024397844602175995,0.025459380158432878,0.8936242453725273,False
52,68.0,17,14,-0.2761230339633531,0.7844123383410598,-0.09604691114532386,0.05762583079775328,0.024078752515241483,0.02545702421192415,0.8607529251554412,False
52,69.0,17,14,-0.33749940991871324,0.7381712312191698,-0.11747423924729238,0.06143242101579038,0.023796615492944567,0.025476196835393847,0.8331523662279563,False
52,70.0,17,14,-0.39546703144165934,0.6953927580219175,-0.13772603594298125,0.06575106747191992,0.023542368198264354,0.02551023338070128,0.8065897744675254,False
52,71.0,17,14,-0.4495348513141519,0.6563889274933508,-0.15661654309853204,0.07041844584465809,0.02330714650551965,0.025548596468734107,0.7802358949449264,False
52,72.0,17,14,-0.4986188838284274,0.6218108062407428,-0.1737546877422263,0.07519270518121017,0.02308364764748257,0.02557698492659104,0.7610439524080025,False
52,73.0,17,14,-0.540902393491909,0.5927079902699615,-0.18849679014143825,0.07971478094672002,0.022867392269845993,0.025578508820090322,0.7417953413228882,False
52,74.0,17,14,-0.5740490851982772,0.5703624852357383,-0.2000220795532486,0.08352004561804975,0.022655912937649368,0.025535224479265522,0.7292305747306244,False
52,75.0,17,14,-0.5960938361205296,0.5557380994863651,-0.20764551286789218,0.08616810415689888,0.022444595868170804,0.02542941115451938,0.7183844760148742,False
52,76.0,17,14,-0.6067785041208092,0.5487194834996973,-0.2112850706879919,0.08746930000411578,0.0222204717390202,0.025244205891078713,0.7159063414026597,False
52,77.0,17,14,-0.6085194420394111,0.5475802375970299,-0.211796807731315,0.08765417370639722,0.02195739836175502,0.024963130501946793,0.7149752325101115,False
52,78.0,17,14,-0.6062075982117371,0.5490937989596434,-0.21089953779347273,0.08733033255711058,0.02161590811720815,0.024568086808601987,0.7160131056116351,False
52,79.0,17,14,-0.605712075968429,0.5494195424993611,-0.21064844859016624,0.0872399706147103,0.02114862142806947,0.024036311237236898,0.7160131056116351,False
53,0.0,17,14,-0.7403535502013183,0.4709077773005068,-0.2709565265691891,0.11225269618913845,0.3551089272440451,0.5966995151776463,0.668960568045992,False
53,1.0,17,14,-0.7033934258599878,0.4930338317045,-0.2575275726078146,0.1061036440820747,0.31740710160429564,0.5114366052306634,0.6801325785986382,False
53,2.0,17,14,-0.654310425781378,0.5232704833193043,-0.23960608966144373,0.09841679869555751,0.2820832367170706,0.43024542951620975,0.7010461420009076,False
53,3.0,17,14,-0.5881933555811277,0.5655327348183274,-0.2153673405492033,0.08895728312965001,0.2504702370682428,0.35637398506544665,0.726219222262093,False
53,4.0,17,14,-0.49641723303820734,0.6270087522151309,-0.18163569175155575,0.077562138428275,0.22320236822387,0.2918200116841393,0.7636155494229888,False
53,5.0,17,14,-0.3641413036377376,0.720814023687948,-0.13300166206550515,0.06468051078372472,0.20052431239908208,0.2377792346792826,0.8224615730232018,False
53,6.0,17,14,-0.16675989062520194,0.869621037981176,-0.06067370124607183,0.05303500278406882,0.18248717221098795,0.19471112132320106,0.915244245996006,False
53,7.0,17,14,0.13080843580281798,0.8973105780051033,0.04721140469587221,0.05183629119006365,0.1690602178131589,0.16229901182576592,0.9340035756186948,False
53,8.0,17,14,0.551165834230407,0.5865324884488253,0.19595980950261427,0.08215166588960768,0.1601552416241037,0.1395372138482576,0.7394006357634016,False
53,9.0,17,14,1.022740872771662,0.31488855788262404,0.35626946378845215,0.15917282572764094,0.15556482159625726,0.12497690344512227,0.5838993126300314,False
53,10.0,17,14,1.3582897457968313,0.18591571795169226,0.46574715356529134,0.23890671457402354,0.15486386889380957,0.11700926900447864,0.4749190159536386,False
53,11.0,17,14,1.4761778477258682,0.15296442716149566,0.5028787038327206,0.2705627839133633,0.15734624612101417,0.11406285698070914,0.45891075398607106,False
53,12.0,17,14,1.4537664535284698,0.15945415270490718,0.49431465200358193,0.2630716783967924,0.16202906932492303,0.1146753555760517,0.4621327944984084,False
53,13.0,17,14,1.3752888975333295,0.18243913262342515,0.46720496544654194,0.24010829392885935,0.16770501275942848,0.1174729433302455,0.472500851748004,False
53,14.0,17,14,1.2877715083459067,0.21100022713261085,0.4370597837077478,0.21598016370881407,0.17302078353256453,0.12112767614353435,0.5011503980906498,False
53,15.0,17,14,1.2142598794807764,0.23755234713778628,0.41171216246391984,0.19689683242424597,0.17660091264290362,0.12436874031753106,0.5219645178872445,False
53,16.0,17,14,1.1646080204994256,0.2568745498116905,0.39455549923835126,0.18462603838821842,0.1772508181763211,0.12608883324001222,0.5362837254336592,False
53,17.0,17,14,1.1414902729975862,0.26629084316910034,0.38651095879127273,0.17905524316374277,0.17421964647259217,0.12551800140928474,0.5465225551621682,False
53,18.0,17,14,1.1441917403177455,0.26524771234306455,0.38734008863102065,0.17962397604313823,0.16742514797111546,0.12237663543368864,0.5458233192423795,False
53,19.0,17,14,1.17054853330973,0.254675223765431,0.39633101867225984,0.1858713731563655,0.15752113551962127,0.1169156156042948,0.5339098952427144,False
53,20.0,17,14,1.2168054868198528,0.23679001323222024,0.41225909639640534,0.19729666905409945,0.14575121991591486,0.10980909950830899,0.5219645178872445,False
53,21.0,17,14,1.2748001373915172,0.21562819772759087,0.4323833038069327,0.21237512573473238,0.1336333740383887,0.10193970462541276,0.5056585780867096,False
53,22.0,17,14,1.3282956130645027,0.1973716359693214,0.45102417980268117,0.22696776443563874,0.12259206541341292,0.09415845913978182,0.48477243922289465,False
53,23.0,17,14,1.3592087577721101,0.1875082452955948,0.4615490894138195,0.23546594709496807,0.11366572246303802,0.08709857789346735,0.4767419610157134,False
53,24.0,17,14,1.3679867060546194,0.18520250348155498,0.46375983900002116,0.2372742930008435,0.10737251496700943,0.08108891661014443,0.4740582110447116,False
53,25.0,17,14,1.375175165455752,0.1837685610565432,0.46489644773839167,0.23820713605232238,0.10374308552640349,0.07617164717289417,0.47350992682738047,False
53,26.0,17,14,1.3968376048449784,0.1781421265036702,0.4708574253459891,0.24313394971463934,0.10246185254643482,0.07219404984347723,0.46888496040550004,False
53,27.0,17,14,1.4343149304844558,0.16812574728296914,0.4823358058223503,0.2527819906504882,0.10303226651323548,0.06892562608955834,0.46517824412467296,False
53,28.0,17,14,1.4817177517460063,0.1558508334550503,0.49740007159509125,0.2657577737682867,0.10490345331666623,0.06615383927617732,0.4606145309863377,False
53,29.0,17,14,1.5333289210030263,0.14319451328438518,0.5141020189987624,0.28054508087006425,0.10754099424419417,0.06373181562628474,0.4538520427582829,False
53,30.0,17,14,1.586049111827542,0.13107192944672041,0.5313535279372849,0.2962405632946203,0.11045859369502546,0.061578245353848184,0.4538520427582829,False
53,31.0,17,14,1.6390017617196937,0.11971232166607117,0.5488146228672758,0.31253811491647476,0.11323482980554078,0.059649919980740644,0.447563788741945,False
53,32.0,17,14,1.6923291672380956,0.10908106919328216,0.5664966400574905,0.3294353914152935,0.11552906479827213,0.05791238252534781,0.4412725691048068,False
53,33.0,17,14,1.746131056197865,0.09915153654759276,0.5844071750262155,0.34692316886638735,0.1170985521013164,0.056325203986378615,0.4288850081539885,False
53,34.0,17,14,1.7998806629990982,0.08999739584074164,0.6023524508534007,0.3647861221481282,0.11781172495445127,0.054844280375548296,0.4145316548023903,False
53,35.0,17,14,1.8523538312366432,0.08176195124305542,0.61991104535511,0.3825596368786168,0.11764970013805956,0.05343357633167849,0.3982348961003349,False
53,36.0,17,14,1.901928406410901,0.07458139450668895,0.6365324668969101,0.3996209586356884,0.1166888918997093,0.052076184976607987,0.3895878060827143,False
53,37.0,17,14,1.9470235985638997,0.06852359995971022,0.6516838274247684,0.4153462883780379,0.11506426017998671,0.05077700863601581,0.3767982227964955,False
53,38.0,17,14,1.9864684602871374,0.06356809947237575,0.6649732239589733,0.429254667032796,0.11292360255629674,0.049554105171343024,0.37167427069695336,False
53,39.0,17,14,2.0196719983704243,0.05962239745615438,0.6762058197364845,0.44108134780131536,0.11039094098499619,0.04842218196230051,0.37167427069695336,False
53,40.0,17,14,2.0465487727218354,0.05655927906094689,0.6853565554536565,0.4507562968955238,0.1075540899818883,0.04737794556688439,0.37167427069695336,False
53,41.0,17,14,2.0672413699758625,0.05426008751999574,0.69247396651541,0.458302428692317,0.10447854649653494,0.04639787300711427,0.37167427069695336,False
53,42.0,17,14,2.0817967149590917,0.05264830056453817,0.6975690036092105,0.46371396961601113,0.10123555692772135,0.045451159853662916,0.37167427069695336,False
53,43.0,17,14,2.090018889016335,0.051698714794607414,0.7005645896589905,0.4668989140583386,0.09792563461712091,0.04451888781295122,0.37167427069695336,False
53,44.0,17,14,2.091647945229379,0.05141586968311691,0.7013561986429485,0.4677409335438551,0.09468275630663209,0.04360514165710099,0.37167427069695336,False
53,45.0,17,14,2.0868106576734697,0.051789310015260624,0.699964738962156,0.46626096495995517,0.09165565137639166,0.04273238968634167,0.37167427069695336,False
53,46.0,17,14,2.0764376885227085,0.05274919612790032,0.6966791837514908,0.46276835040011594,0.08897523589381871,0.041926267659938794,0.37167427069695336,False
53,47.0,17,14,2.0622330574403405,0.05415613446348437,0.6920507493062366,0.457853261808602,0.08672529536204805,0.041202525806827865,0.37167427069695336,False
53,48.0,17,14,2.0460347039820483,0.05584786791908032,0.6866840156793652,0.45216242547627,0.08493204489762261,0.04056524782500544,0.37167427069695336,False
53,49.0,17,14,2.02889911226752,0.057727149336182525,0.680933474775959,0.44607573943804824,0.08357680351400618,0.04001491479320457,0.37167427069695336,False
53,50.0,17,14,2.0105348030940604,0.0598345023941249,0.6747118030906176,0.4395049818106892,0.08262166211312774,0.0395570523101919,0.37167427069695336,False
53,51.0,17,14,1.9895758215191957,0.062341889844971674,0.6675753517408909,0.4319890783337091,0.08203114534800228,0.03920292203078135,0.37167427069695336,False
53,52.0,17,14,1.96471211427237,0.06544309989307999,0.65909722435311,0.4230928520116283,0.08177835176716919,0.038961113549380644,0.3745270779600481,False
53,53.0,17,14,1.9360418713639604,0.06918810877516823,0.6493190924762717,0.41288215737912215,0.08183664834088243,0.03882632483057235,0.37756204633930146,False
53,54.0,17,14,1.9056329045505518,0.07336791648960744,0.6389418038642896,0.4021112227093601,0.08216754875912456,0.03877356708292185,0.38862713948796695,False
53,55.0,17,14,1.876740860444726,0.07755152915450844,0.6290659591303761,0.39193047380048224,0.08271584317391038,0.03876190608593722,0.391185760243823,False
53,56.0,17,14,1.8521752037062074,0.08128546480308661,0.6206442796354368,0.3833076697620424,0.08341594455163764,0.03874561784403542,0.39728189785568563,False
53,57.0,17,14,1.832897594794682,0.08433969681529924,0.614009902108771,0.376555881973812,0.08420489038598128,0.03868707446973806,0.40232961400724976,False
53,58.0,17,14,1.8176287733702632,0.08683633687566923,0.6087427630536177,0.37122271704532983,0.08503331236153581,0.03856642476413381,0.4051982585428691,False
53,59.0,17,14,1.8035545797936843,0.08918170051265947,0.603905366157477,0.3663467905674829,0.08586830636549024,0.03838591740426534,0.41198512427479717,False
53,60.0,17,14,1.787701063985039,0.09185659953769523,0.5985033477913441,0.36092770488466513,0.08668905102896719,0.038168409873597195,0.4170786141171027,False
53,61.0,17,14,1.768293208561008,0.09519017995494526,0.5919405274122127,0.35438242600720227,0.08748129796876601,0.03794980449708082,0.42232262937757403,False
53,62.0,17,14,1.7454492167718352,0.09922220625149814,0.5842514783338552,0.3467696297007932,0.08823583218619398,0.03776616983652742,0.4288850081539885,False
53,63.0,17,14,1.7209411674636996,0.10369710111500997,0.5760221222433978,0.3386915287680652,0.08895011328050134,0.03763955585908825,0.4382931335490076,False
53,64.0,17,14,1.6972717391455667,0.1081774772785025,0.5680822502593453,0.3309689474763583,0.08962801787689355,0.03756960802695731,0.4404672051291093,False
53,65.0,17,14,1.6766148125751563,0.1122228471375296,0.5611529380310365,0.3242888855101195,0.09027442911679974,0.03753670048450939,0.44264461086039397,False
53,66.0,17,14,1.660108958570336,0.1155511753054472,0.5556117647952117,0.31898836879702747,0.09088707075273363,0.03751542841419716,0.4468500279075229,False
53,67.0,17,14,1.6477217720309847,0.11810801084223234,0.5514480596168659,0.31503030041235486,0.09145141786699455,0.03748979689270664,0.447563788741945,False
53,68.0,17,14,1.6386071683785293,0.12002196850591983,0.5483817425861671,0.31212929190361854,0.09194257563553243,0.03746003448661506,0.447563788741945,False
53,69.0,17,14,1.6316798486591773,0.12149225564874877,0.5460537824711177,0.3099347996861196,0.09233283254974577,0.037437303396951616,0.44927341787840686,False
53,70.0,17,14,1.6261064068621847,0.12268028816150107,0.5441885924815826,0.3081815573401131,0.09259969375451343,0.03743129760929189,0.44927341787840686,False
53,71.0,17,14,1.6215406651808075,0.12365256330902144,0.5426714653520754,0.3067588014141019,0.09272961933057601,0.03743972460168087,0.44927341787840686,False
53,72.0,17,14,1.6180854680038115,0.12438351296370044,0.5415353586363321,0.3056953237575559,0.09271669667519417,0.03744573986683824,0.44927341787840686,False
53,73.0,17,14,1.6160462979755343,0.12480592056187233,0.540878831506292,0.3050815353104284,0.0925587781560207,0.03742319468480964,0.44927341787840686,False
53,74.0,17,14,1.6155769328479974,0.12488731318405714,0.5407485536862879,0.3049598054101319,0.09225236881809395,0.03734507888466924,0.44927341787840686,False
53,75.0,17,14,1.6163631357937083,0.12469857413678409,0.5410350317351629,0.3052275160750079,0.09178370703130659,0.037189826812121685,0.44927341787840686,False
53,76.0,17,14,1.617524846626202,0.12443299281612845,0.5414415289104548,0.3056075676514974,0.0911140076627378,0.036942040111344956,0.44927341787840686,False
53,77.0,17,14,1.6178499542219706,0.12435258671401334,0.5415633459723574,0.30572150169384166,0.09016455774899056,0.03658691474474745,0.44927341787840686,False
53,78.0,17,14,1.6162756981127786,0.12468475522667158,0.541048583199253,0.30524018243475803,0.08881438073588444,0.036100582273066,0.44927341787840686,False
53,79.0,17,14,1.6123473864098044,0.1255280558149275,0.5397497186011937,0.30402724668460734,0.08691854638871607,0.0354412602785444,0.44997254716019536,False
54,0.0,17,14,-0.47625604660483295,0.639655805306201,-0.17238380752708696,0.07479177670786509,0.3317875577776839,0.4368843492455107,0.7707237251244878,False
54,1.0,17,14,-0.419099344007461,0.6802171456626193,-0.15183291317151504,0.06917779940835546,0.28697483404049007,0.35921507450564966,0.7983960923273195,False
54,2.0,17,14,-0.33462782749719294,0.7419306114779718,-0.12133940574537341,0.06220230617764527,0.24567538447774992,0.28879879517584406,0.8356045322567549,False
54,3.0,17,14,-0.20767491731261045,0.8379390484541243,-0.07535417013837141,0.05468592648607602,0.20954566241842978,0.22869326031039458,0.896470816106939,False
54,4.0,17,14,-0.013132425465166195,0.9896740145515683,-0.0047645280927816796,0.05001868147738037,0.1792812125471365,0.18011148545829056,0.993761636510278,False
54,5.0,17,14,0.28711915770500274,0.7773404578624302,0.10395935506515633,0.05894072602436537,0.15495776951536383,0.1429232778900392,0.8569390569812192,False
54,6.0,17,14,0.734682347446409,0.47107269877615665,0.26435474293835676,0.10918798233906427,0.13627318488824905,0.11601375631654676,0.668960568045992,False
54,7.0,17,14,1.3096345134022045,0.20225806138583685,0.4649174545189379,0.23822439674503,0.12275653991248729,0.09770398631513041,0.48822946481411916,False
54,8.0,17,14,1.799600530151644,0.08234548469668829,0.6272901785421935,0.3901076156094151,0.11393036827117538,0.0862398642266574,0.3998683627793186,False
54,9.0,17,14,1.9368607368034405,0.06310127996358113,0.6668261854993428,0.43120148069136843,0.10936563465406202,0.08017488690574352,0.37167427069695336,False
54,10.0,17,14,1.7741192237559804,0.08755948816412945,0.6086248277846594,0.371103587364333,0.10861608607248015,0.07849472560411698,0.40638254985242844,False
54,11.0,17,14,1.508989128403073,0.1430624637877164,0.5180208323175887,0.2840736500518846,0.11109571709150694,0.08047985814167309,0.4538520427582829,False
54,12.0,17,14,1.25063574354579,0.22171304380226256,0.43013271584988577,0.21065365363213384,0.11599076132302372,0.08541839989325763,0.5130549773936655,False
54,13.0,17,14,1.0365340497261362,0.3089193398874136,0.35714321909283947,0.15972361254084502,0.12226398568975272,0.09232429283923783,0.5774073976819136,False
54,14.0,17,14,0.8782855188706203,0.3872780107449534,0.30294156637471015,0.12825022670153002,0.1287484547959018,0.09981571788781553,0.6215041516918357,False
54,15.0,17,14,0.7797626472568692,0.44209609928456584,0.2689018685904717,0.11129019876034621,0.13428006999685685,0.1062562872481447,0.6484937488668066,False
54,16.0,17,14,0.7409596106581529,0.4650113059374009,0.25505094643515447,0.10500609242821748,0.1378145559395545,0.11013481986855447,0.6643018656248585,False
54,17.0,17,14,0.757364098462189,0.45553369228322504,0.25980029239120195,0.10712081510801195,0.13851943448277543,0.11050734557797391,0.6597384508929466,False
54,18.0,17,14,0.8190533654611724,0.4205540726014674,0.2796903559714035,0.11643164016652491,0.13588026261014818,0.10726325074481416,0.6392016061252701,False
54,19.0,17,14,0.9120331819935169,0.371238588578236,0.3099759215446921,0.13202486007425654,0.1298473444625767,0.10107549298402092,0.6118209932461256,False
54,20.0,17,14,1.0224411215916382,0.3180549477814425,0.3461195977773357,0.1528785558764969,0.1209660570337003,0.09308583101571231,0.5852489729165645,False
54,21.0,17,14,1.1404373297609545,0.26746428979439085,0.3850362072602096,0.1780467472269211,0.1103653912642739,0.08451094056990678,0.5473045242878961,False
54,22.0,17,14,1.2572967686085657,0.22334611601315407,0.42400832526357174,0.20601373146561597,0.09952230559638986,0.07634669493000981,0.5132194590651368,False
54,23.0,17,14,1.351279792891696,0.19183377412611302,0.45582683619390146,0.2308227320071171,0.089864525362789,0.06923993415579228,0.47958443531528255,False
54,24.0,17,14,1.3850695791035774,0.18113858377825284,0.4676607725498132,0.24048469657516533,0.08239795603584643,0.06349562199009844,0.47107247793725193,False
54,25.0,17,14,1.358049330157263,0.18928280544794218,0.45875418875198004,0.23319130283353462,0.0775345538604759,0.05915209141485433,0.47723128537150006,False
54,26.0,17,14,1.321743383023051,0.20096421693665795,0.4463751004007594,0.22327297006088836,0.07516446752566441,0.05607329139517003,0.48822946481411916,False
54,27.0,17,14,1.3098727895715458,0.20506370080822534,0.4420899562632938,0.2198998152299211,0.07487631460725372,0.05403340908521781,0.4933274711567807,False
54,28.0,17,14,1.3212816469053212,0.20153180753523983,0.44560810653259136,0.2226669211837509,0.076180688063661,0.05278432400780798,0.48822946481411916,False
54,29.0,17,14,1.3437033465763843,0.19454841086685037,0.45281678147115867,0.22840212536981125,0.07864168512488706,0.052101519775847885,0.4827801697519102,False
54,30.0,17,14,1.3668254617001714,0.18756276814204145,0.4602546251920989,0.23441083709208968,0.08190635295095638,0.05180667052622718,0.4767419610157134,False
54,31.0,17,14,1.3847296689262927,0.18235075519318017,0.4659495060556819,0.2390732933520855,0.08567822816372013,0.05176870151255201,0.472500851748004,False
54,32.0,17,14,1.3953473792501856,0.17939583361124412,0.46922682082140926,0.2417805025253447,0.08968710801783275,0.0518900057341241,0.4694470412256856,False
54,33.0,17,14,1.3994343339465112,0.1783729076510413,0.4703535451600806,0.24271525581879433,0.09368068382738524,0.05208908388329514,0.46888496040550004,False
54,34.0,17,14,1.3992641439240128,0.17857694796451357,0.4700952615131267,0.2425007969200593,0.09743446180091465,0.05229163777182062,0.46888496040550004,False
54,35.0,17,14,1.3971382776351857,0.1793298179514267,0.46922022837461147,0.2417750393496184,0.10076339682672886,0.0524359928682804,0.4694470412256856,False
54,36.0,17,14,1.3941408775201487,0.18031589489399166,0.4680892615272355,0.24083884825211116,0.10352351886790034,0.05248750407304468,0.470145944265762,False
54,37.0,17,14,1.3896185365658056,0.18173070880739192,0.4664855705619759,0.23951491050446844,0.10560477972785538,0.05244801988796789,0.47209615496642515,False
54,38.0,17,14,1.381594484967045,0.18417373679304797,0.4637510822880447,0.23726711436596276,0.10692546380811707,0.05234826528563496,0.47350992682738047,False
54,39.0,17,14,1.3678946726715278,0.18834475229460654,0.45915714392749474,0.23351845359799142,0.10743705894256388,0.052223284785035864,0.47677425995219336,False
54,40.0,17,14,1.347402596387474,0.19469620221706352,0.45232091544726677,0.22800481616115634,0.10713852054400584,0.05208499191600648,0.4827801697519102,False
54,41.0,17,14,1.3208063939084445,0.20318632037449696,0.4434587015719166,0.22097386288058604,0.10608929475080232,0.051910172159506815,0.4895119764280424,False
54,42.0,17,14,1.2905212859020903,0.21321082474558953,0.4333675657667597,0.21313074396115295,0.10440963790784391,0.051652544062812215,0.5025469941134343,False
54,43.0,17,14,1.2599569204497105,0.2237188792789892,0.4231853692708247,0.20539524309624804,0.1022649123424562,0.05127043205063569,0.5132194590651368,False
54,44.0,17,14,1.232610305884294,0.23345184502653835,0.4140863866548036,0.19863636371413773,0.09983993658637504,0.0507508563744812,0.5219232613406223,False
54,45.0,17,14,1.211392102522288,0.241208412356669,0.4070510106098211,0.19351090453291395,0.0973129106147185,0.05011574563258638,0.5243500915990251,False
54,46.0,17,14,1.1982411516704514,0.24608125883492452,0.4027328186544374,0.1904087469873095,0.09483603652797333,0.04941224323823646,0.5271002533364808,False
54,47.0,17,14,1.193790549681734,0.2476866321325421,0.4013473042660513,0.18942048891130864,0.0925260908513833,0.04870144056191177,0.5276645374942022,False
54,48.0,17,14,1.1969037060788223,0.24639845175808506,0.40252134546317686,0.19025768469408466,0.09046452849138019,0.04805654765755243,0.5271002533364808,False
54,49.0,17,14,1.2042764128769576,0.24347597432040075,0.40516518880593905,0.19215203662325422,0.088702469482343,0.047566272762708715,0.5255327240149121,False
54,50.0,17,14,1.2106753327709627,0.2408894501346593,0.40755241260237535,0.1938732700932076,0.08726345514759873,0.04732764006271763,0.5243500915990251,False
54,51.0,17,14,1.210345103094635,0.24075514004252035,0.4077820882350422,0.19403940770420794,0.08614034214231192,0.047416850907875216,0.5243500915990251,False
54,52.0,17,14,1.1994572352731603,0.24451964183597413,0.4045811998866935,0.19173252200631308,0.08529067653132646,0.04784514239301372,0.5268200910286124,False
54,53.0,17,14,1.178480986690999,0.2521818760914647,0.39808075257979,0.18710419219313085,0.08463949766015072,0.04852498496441259,0.5326892940071174,False
54,54.0,17,14,1.152848286913469,0.26190415205090195,0.3900373582883048,0.1814827908226506,0.08409452111466198,0.04927491106637886,0.5416483078935355,False
54,55.0,17,14,1.1310406958315433,0.27041398721491755,0.3832177853660665,0.1768086948999276,0.0835696106562687,0.049872835639321454,0.5484635962898486,False
54,56.0,17,14,1.1209453899784911,0.2743440665584922,0.3802118266576198,0.17477536348309983,0.08300633272596732,0.05013765526052683,0.5526355297581138,False
54,57.0,17,14,1.1264604959651165,0.2719220929198607,0.3823094571021999,0.17619253016916406,0.08238470431725645,0.04999814478018916,0.5497341950726425,False
54,58.0,17,14,1.1459449562804251,0.26391064726696783,0.38897596167258325,0.1807497545630395,0.08172122628575962,0.04951322149241792,0.5440121317895779,False
54,59.0,17,14,1.1730275036027866,0.25313682788865677,0.3981137638206914,0.18712750417819668,0.08105900532980034,0.048835896139085955,0.5331423370492395,False
54,60.0,17,14,1.1993663207167056,0.24299089168227933,0.406977576598874,0.19345787114081103,0.08045572155607413,0.04814443898836785,0.5253560929892347,False
54,61.0,17,14,1.218095136810942,0.23594676416737317,0.413313661574074,0.19806911009515912,0.0799707024652025,0.04757772826097078,0.5219645178872445,False
54,62.0,17,14,1.2262033695297097,0.23289795506656402,0.41614087295787866,0.20014969840244604,0.0796493264158111,0.04720199571621012,0.5219232613406223,False
54,63.0,17,14,1.2247765810739513,0.23333067366418103,0.4158250786871526,0.19991659831110856,0.0795071815917694,0.047014159161557954,0.5219232613406223,False
54,64.0,17,14,1.2175046818850277,0.23590429645374975,0.41358597433476074,0.19826889267087422,0.07952365062807797,0.04696874447263706,0.5219645178872445,False
54,65.0,17,14,1.2087244631927305,0.2390620498438372,0.41085329174237467,0.19627002748169067,0.07965358251784271,0.04701028274299012,0.5240855725154152,False
54,66.0,17,14,1.201896991456422,0.2415241535052296,0.4087658708667479,0.19475209982891645,0.07985236705298339,0.04709874729208789,0.5244643402267803,False
54,67.0,17,14,1.198627789625467,0.24267056865567072,0.40784716005484667,0.19408649502299694,0.08009570666790526,0.04722306599994732,0.5253560929892347,False
54,68.0,17,14,1.1981212969385155,0.24278983414458585,0.4078230069559752,0.19406901645725796,0.08037741368272566,0.04740099780889605,0.5253560929892347,False
54,69.0,17,14,1.1973421790299295,0.24302985075634698,0.40767492077097706,0.1939618755835437,0.08068827994544701,0.047664985585375644,0.5253560929892347,False
54,70.0,17,14,1.192295409496259,0.24491130150211998,0.40606640144158945,0.19280063040338116,0.08099771156362978,0.04803838535867001,0.5271002533364808,False
54,71.0,17,14,1.180143660974379,0.2495594306710462,0.402048864930735,0.18992046633862428,0.08125718028285159,0.04851370949920924,0.529188353775513,False
54,72.0,17,14,1.1609255971988908,0.2570756906047065,0.39563702224824066,0.18538393147406074,0.08142211261538901,0.049045903167187085,0.5362837254336592,False
54,73.0,17,14,1.1376478452542935,0.26641890232612975,0.3878442513233309,0.17997041286867857,0.08146963579163029,0.0495640549719259,0.5465225551621682,False
54,74.0,17,14,1.1147293480050569,0.27586561941872184,0.3801648795964133,0.17474373794408718,0.08139333368002345,0.04999105484365317,0.5537621512229568,False
54,75.0,17,14,1.0959990410811418,0.28376317970520865,0.37389847218982647,0.17055866549374724,0.08117801254199482,0.05025566376532075,0.5594887852258272,False
54,76.0,17,14,1.0835522981420076,0.2890929340998149,0.3697550684569392,0.16783106597663983,0.08077462696430851,0.050290427292881336,0.5619083640042681,False
54,77.0,17,14,1.077848622368567,0.2915496958090267,0.36787905907130414,0.1666064862369145,0.08009259846024544,0.05002312571106125,0.5628510840361756,False
54,78.0,17,14,1.078439317376212,0.291285046441495,0.36809497782631856,0.16674709853329303,0.07901039331378744,0.04937566328104261,0.5628510840361756,False
54,79.0,17,14,1.0844319467813734,0.288701245753815,0.3700763786488777,0.16804145415238614,0.077393486508629,0.04827751632707066,0.5616754829765847,False
55,0.0,17,14,-0.7946862160223528,0.4404157242651101,-0.29179132732759755,0.12245658068302803,0.27280278843258055,0.4625238961703464,0.6484937488668066,False
55,1.0,17,14,-0.7153756475550546,0.48626223291013615,-0.2624456957255332,0.1083168276965154,0.24939772836109034,0.3826881040054465,0.6767902631965325,False
55,2.0,17,14,-0.6007220404963394,0.5574197910436026,-0.22000246635259446,0.09068341251579105,0.2267760090241279,0.31043403003030823,0.7198041882807474,False
55,3.0,17,14,-0.4324073118283679,0.6714684123251263,-0.15779184244586847,0.0707293833106415,0.20576160701432192,0.24898452040020297,0.79162591768857,False
55,4.0,17,14,-0.1835413236368323,0.856462542005936,-0.06647715663045983,0.05364468292173797,0.18686255322594686,0.199643617497127,0.9064191138828459,False
55,5.0,17,14,0.16788025176954335,0.8681561728225351,0.05994411204415517,0.052962323208929143,0.17041933786377175,0.16226477739201764,0.9148039119852764,False
55,6.0,17,14,0.5851671767168832,0.5630073709032883,0.20468731271403418,0.08512812076862972,0.15665947004756786,0.1355759764675201,0.7244598682250992,False
55,7.0,17,14,0.9361018837789127,0.35755321332575174,0.321591323942188,0.138460312967466,0.14570725664606593,0.11759567049122377,0.60241922435577,False
55,8.0,17,14,1.125418154083991,0.27165237725424807,0.38327668765709233,0.17684870330448565,0.13758792992078447,0.10615442080370234,0.5495160770082967,False
55,9.0,17,14,1.1854918540519344,0.2480232716912232,0.4028008148847915,0.1904573359986005,0.13223217398283943,0.09933532779207903,0.5276645374942022,False
55,10.0,17,14,1.1827859657157824,0.24911342483819654,0.4018067902051496,0.18974784833291403,0.12946731833498398,0.09567491635272608,0.5290904598333378,False
55,11.0,17,14,1.1599439850010174,0.2581174028772738,0.39402607579284876,0.18425580841860792,0.12898785742219276,0.09413469847056517,0.5380114600915881,False
55,12.0,17,14,1.1368579413253497,0.2675711007629714,0.3859622164676086,0.17867952758053388,0.13031608398575206,0.09396045991359465,0.5473045242878961,False
55,13.0,17,14,1.1204641198556102,0.2746020003143303,0.3799515347527192,0.1746000705826216,0.13277667655324324,0.0945360221417109,0.5529341116996502,False
55,14.0,17,14,1.111658739016275,0.2786567260008569,0.376368220389334,0.17219950909280277,0.13551133670968624,0.09528440683952474,0.5546791331905806,False
55,15.0,17,14,1.1092076979649137,0.2801211708038845,0.3748805549424289,0.1712097972983781,0.13755134311568135,0.09563376720762987,0.555627624506437,False
55,16.0,17,14,1.1111292558051704,0.2797642106160801,0.3748857285559039,0.17121323215229356,0.137949655382805,0.09504963665924412,0.555627624506437,False
55,17.0,17,14,1.1144281910594147,0.2788157825993211,0.3754134051959765,0.17156382417667226,0.13595434198763687,0.09311799351504002,0.5547696582315745,False
55,18.0,17,14,1.1142840726337753,0.2792712723013974,0.37485841382575363,0.1711950979728693,0.13118508877949808,0.08964160292529622,0.5554566741906247,False
55,19.0,17,14,1.1036535369296607,0.2840884724352561,0.3708546559264959,0.16855184418365055,0.1237573805888579,0.08470101357452962,0.5594887852258272,False
55,20.0,17,14,1.0743441153842117,0.29697840931847114,0.3606443620580503,0.16194481055492874,0.11429490442086954,0.07864476125800424,0.5680346045408328,False
55,21.0,17,14,1.0209062650992122,0.32120666660802893,0.3423981456316026,0.15061876873569058,0.10379696381881354,0.07200555932491584,0.5869051866070516,False
55,22.0,17,14,0.9466803847830423,0.3569176539242347,0.31725218761787066,0.13602670439776962,0.0933874868562881,0.06537185767383066,0.6023989722214724,False
55,23.0,17,14,0.8657401271877991,0.39872077650709625,0.28994235299130217,0.12151831102312582,0.08403558746740301,0.05926010720004075,0.628946324350733,False
55,24.0,17,14,0.7953967705702507,0.43748836207486086,0.26626528719302445,0.1100665865500328,0.07635750697925406,0.05402690715084065,0.6473143184393467,False
55,25.0,17,14,0.7462996297442802,0.46587298236556884,0.24976414586797555,0.10270108421295647,0.07056573391251042,0.04983865700154654,0.6645909513508257,False
55,26.0,17,14,0.7198413057252798,0.48161312873206963,0.24087967256085357,0.0989435439558808,0.0665524778855185,0.046692531386577744,0.6748207308339257,False
55,27.0,17,14,0.7118592387286855,0.4864223234245356,0.2381999477406189,0.09783868648653266,0.06403534146742972,0.04446764631266125,0.6767902631965325,False
55,28.0,17,14,0.7169769234401292,0.4833396135924678,0.23991376606562154,0.09854377872338496,0.06268614838693848,0.04298250212065639,0.6757602696858039,False
55,29.0,17,14,0.7308729720879008,0.4750270269986444,0.24456808572910835,0.10048586177705202,0.06220102980474791,0.04204091280951997,0.6709910580162952,False
55,30.0,17,14,0.7506529672069399,0.4633458003609747,0.25119068578993614,0.10331796342206903,0.06231662917569262,0.04145886053371393,0.6628620022195041,False
55,31.0,17,14,0.7744062162639698,0.4495547568900422,0.25913998081277057,0.10682430297183275,0.06280330104390307,0.041075016189787227,0.6538978282036978,False
55,32.0,17,14,0.800759244545654,0.4345600648597049,0.2679541698882234,0.11084889511955087,0.06346365536464826,0.040753979884815,0.645893998719011,False
55,33.0,17,14,0.8286545992791711,0.41904286738925833,0.277277000822389,0.1152627088982069,0.06414582387050075,0.04039052552621623,0.6384060254509291,False
55,34.0,17,14,0.8572442519843049,0.4035226473132989,0.28682302206192906,0.11994985995652871,0.06476212095786722,0.03991653363393188,0.6319932077249927,False
55,35.0,17,14,0.885766552543557,0.38842821831479535,0.2963375124426314,0.12479071414276817,0.06529527925441914,0.0393057961115712,0.6217327632514735,False
55,36.0,17,14,0.9133841050599836,0.37418390262827683,0.30554255270825964,0.12963513043041106,0.06577893405389089,0.038570995854853296,0.6130971616536135,False
55,37.0,17,14,0.9390595158165989,0.3612686811484056,0.31409478682266845,0.13427801277323223,0.0662547523955844,0.03775185343119502,0.6055185078110955,False
55,38.0,17,14,0.961572650011375,0.3502033112621783,0.3215900588608997,0.13845959831311552,0.06672730044448914,0.03689881012867235,0.5985163407125732,False
55,39.0,17,14,0.9796983945664957,0.34147058389910534,0.32762187746464655,0.14190102984225675,0.06714496354997802,0.03605829134989833,0.5962745803869961,False
55,40.0,17,14,0.9924446987961362,0.33542521047491647,0.3318604413582252,0.144360011578771,0.06742133333190721,0.03526337209145828,0.5940741368144629,False
55,41.0,17,14,0.9992491459686178,0.3322340652415988,0.3341181610915604,0.14568351587338607,0.06748405782643076,0.034530422311422705,0.5915250594563995,False
55,42.0,17,14,1.0001325265102354,0.33183123404675574,0.3344010828410626,0.14585003936491847,0.06731847149937487,0.0338604950703311,0.5914667282866679,False
55,43.0,17,14,0.9958269493264806,0.333865860468065,0.3329521231323797,0.14499878082662643,0.06697738437375798,0.03324398121916108,0.5929127365440431,False
55,44.0,17,14,0.9877840234165328,0.33768105952693794,0.33025458452924933,0.14342443199268434,0.06655273328329145,0.03266713809566914,0.5952856269851009,False
55,45.0,17,14,0.9779154008324459,0.34240231860443915,0.3269462907908613,0.14151219372481624,0.06613055515965524,0.032118743094407154,0.5964755276646352,False
55,46.0,17,14,0.968089559547738,0.347149220477434,0.32365173638629824,0.13962822831474792,0.0657596091353368,0.031594783788899974,0.5977681990874191,False
55,47.0,17,14,0.9596518044352402,0.35126313224953265,0.3208212357978858,0.1380258378037083,0.06545108742853115,0.031099619456243902,0.599029733873634,False
55,48.0,17,14,0.9532381696503447,0.3544143124561293,0.3186679720011779,0.13681687733862918,0.06520308835519145,0.03064351530799262,0.6009777395106346,False
55,49.0,17,14,0.9489143880672292,0.35655193683054487,0.3172139694766724,0.1360054261914968,0.06502706892256548,0.030238001014552828,0.6023989722214724,False
55,50.0,17,14,0.9464730385737534,0.35776624342478536,0.31638945811231545,0.13554703933566836,0.06495578123861467,0.02989118679106947,0.60241922435577,False
55,51.0,17,14,0.9457042074577309,0.3581551167854451,0.3161237691382312,0.1353996005707231,0.0650286809903209,0.029604794923241553,0.60241922435577,False
55,52.0,17,14,0.9465242279777542,0.35775819642795825,0.3163888565880468,0.13554670538268773,0.06526618621077407,0.029373765656667196,0.60241922435577,False
55,53.0,17,14,0.9489189260958802,0.3565837544243564,0.3171805608634796,0.13598682796050227,0.06564793248663253,0.029188347564472427,0.6023989722214724,False
55,54.0,17,14,0.9527418159771748,0.35470806118377385,0.3184510125058599,0.13669554533583736,0.06610515505059894,0.029037577451144575,0.6009777395106346,False
55,55.0,17,14,0.9574968138314753,0.3523803490606393,0.32003561960109195,0.13758374487216105,0.0665318909029024,0.02891211076966655,0.5995040128089008,False
55,56.0,17,14,0.9622596875540269,0.3500559952665099,0.3216263899173557,0.13848012320346353,0.0668153245211364,0.02880436678572578,0.5985163407125732,False
55,57.0,17,14,0.9658184138537651,0.3483228487059188,0.32281846488546295,0.13915494413602614,0.06687750563058381,0.028705761190956875,0.5979384051355009,False
55,58.0,17,14,0.9669997345049622,0.3477441871002839,0.3232189422471623,0.13938224647202546,0.06670956169566523,0.028603577894161254,0.5977681990874191,False
55,59.0,17,14,0.9650628287346646,0.34867763618528047,0.3225783526037041,0.139018805392343,0.06637602560336302,0.02848122691344483,0.5983022517809773,False
55,60.0,17,14,0.9599824887621787,0.35114645226459507,0.32088579437563525,0.13806221843951763,0.06598013866281541,0.028323452722418967,0.599029733873634,False
55,61.0,17,14,0.9524377540824192,0.35484103369412234,0.3183663095200909,0.13664820010341805,0.06560556361365256,0.028123829127794542,0.6009777395106346,False
55,62.0,17,14,0.9434628691965359,0.3592746460626134,0.31536535777231833,0.1349794619334279,0.0652681008537075,0.02788928229325805,0.6037377983810486,False
55,63.0,17,14,0.9339715014947876,0.36400646256313285,0.3121898754847529,0.13323201938287715,0.06490792883232595,0.027638010700349356,0.6071180207780037,False
55,64.0,17,14,0.9244659333828322,0.36878747540252066,0.3090100518930992,0.13150109226188048,0.06442898159654711,0.0273919105785409,0.6106073837150803,False
55,65.0,17,14,0.915056285617068,0.37355996857995233,0.30586453962147736,0.12980745361122362,0.06376255069807926,0.02716851404985566,0.61302597176849,False
55,66.0,17,14,0.9056708192402367,0.37835881957640105,0.3027300664854387,0.12813816915548643,0.06291675911703776,0.02697725747850971,0.6153367056034402,False
55,67.0,17,14,0.8962694254289367,0.38320497474839554,0.29959270948588795,0.12648574828516015,0.0619829403391959,0.026821042584010857,0.6184631906368913,False
55,68.0,17,14,0.8869453055923074,0.3880512647634029,0.29648222751067965,0.1248656489533604,0.061097332334067986,0.026700122023318524,0.6217327632514735,False
55,69.0,17,14,0.8778955337300587,0.3927943433877422,0.29346290502090394,0.12331032499492156,0.0603822144156716,0.026614502261809978,0.6247029001811993,False
55,70.0,17,14,0.8693210543386066,0.39732494290950726,0.2906009229777253,0.12185177313044665,0.059898673077455715,0.026563151568313664,0.6286365995412947,False
55,71.0,17,14,0.8613673441878787,0.4015595064235673,0.28794491337418143,0.12051187415538908,0.05963285509620144,0.026540771437326565,0.6306824282875598,False
55,72.0,17,14,0.8541883205194721,0.40540768202496036,0.28554691780223695,0.11931344733256581,0.059518483043451906,0.02653402156457555,0.6323602842492813,False
55,73.0,17,14,0.8480957751398832,0.40869270514073786,0.2835114683147077,0.11830462434615455,0.05947958040774043,0.026519280209461232,0.6334600579614604,False
55,74.0,17,14,0.8436380486673984,0.4111080388088797,0.28202134608720103,0.1175709781902209,0.05946563700767369,0.026463924340204833,0.6345716060615669,False
55,75.0,17,14,0.8414541154357715,0.4122968873628996,0.2812890807544853,0.11721197177448035,0.059454751107030766,0.026332036846913896,0.6345716060615669,False
55,76.0,17,14,0.8419113634634791,0.41205326160112987,0.2814367377646765,0.11728428287016701,0.05942156190058687,0.026092696809444763,0.6345716060615669,False
55,77.0,17,14,0.8447611954659358,0.41051335789196586,0.2823815382539463,0.11774793568358725,0.059293931710397124,0.025726103359220327,0.6345716060615669,False
55,78.0,17,14,0.849106753913489,0.4081697742414738,0.2838250740021656,0.11845955216293773,0.05893321710378827,0.025222841170247708,0.6331404895915679,False
55,79.0,17,14,0.8537404739169189,0.40567941599304214,0.28536545329731483,0.11922319494167956,0.05815648513002127,0.024575896511443762,0.6323602842492813,False
56,0.0,17,14,-0.708895789290166,0.48969951566126446,-0.25952428843251407,0.1069967776753924,0.3397478938821057,0.544712734642839,0.678585410057319,False
56,1.0,17,14,-0.6670843475260038,0.5152769172404775,-0.24424001646376997,0.10034766533117352,0.2956586901844845,0.44657021253154816,0.6955310171476291,False
56,2.0,17,14,-0.608643953429341,0.552243629004205,-0.2228339804701894,0.09175708076845983,0.25448617023609854,0.3574493409564458,0.7169936316950304,False
56,3.0,17,14,-0.52451828177406,0.607847259648358,-0.19196560731515902,0.08083505734362367,0.21807829453355254,0.28137241136712265,0.7519759913175562,False
56,4.0,17,14,-0.39761616621826523,0.6965911540328201,-0.14536465773921264,0.06756368157164937,0.1874392112228306,0.2200473052094671,0.8070977517526486,False
56,5.0,17,14,-0.19659090873226523,0.8466864531081081,-0.07167281153212235,0.05423814333169147,0.16291391488267237,0.17340078542888832,0.9015483612665662,False
56,6.0,17,14,0.12747782968293356,0.8999962684259569,0.046162571846016916,0.051755523628147115,0.1442675268860389,0.1399396405869704,0.9358327197992207,False
56,7.0,17,14,0.602070328191509,0.5530443746247096,0.21493863150594605,0.08879960049824515,0.13081411554450453,0.11724912226460237,0.7169936316950304,False
56,8.0,17,14,1.0917212936775416,0.28407455601894405,0.3822513347371371,0.176153154148422,0.12164970776255127,0.102660583442497,0.5594887852258272,False
56,9.0,17,14,1.348166293839296,0.1883143484202069,0.4657090290456306,0.23887533753850554,0.11590518719465182,0.0938427471276376,0.47677425995219336,False
56,10.0,17,14,1.3637508356123795,0.1840360361964881,0.46821385638418744,0.24094188351741813,0.1128966702948139,0.08908225314244148,0.47350992682738047,False
56,11.0,17,14,1.2664834683982302,0.21676170705081335,0.43335146935904745,0.2131183732684882,0.11212101808652529,0.08723546771962588,0.5069947059946264,False
56,12.0,17,14,1.139625853220787,0.26543907846489523,0.3888961883399698,0.18069474312063652,0.11313173940180811,0.08750121341137844,0.5458233192423795,False
56,13.0,17,14,1.0208993398880406,0.31765038255634337,0.3475507738449818,0.15375447766655062,0.1153773636539502,0.08918343866746567,0.5850822902465691,False
56,14.0,17,14,0.9240091890112307,0.36516958084239304,0.3139219275489961,0.13418281507099758,0.11809177253557547,0.09154705224806255,0.6080127807881271,False
56,15.0,17,14,0.8501871229696772,0.4043392970435127,0.2883712841044333,0.12072608160607895,0.1203038008993515,0.09379571343542467,0.6323602842492813,False
56,16.0,17,14,0.7948213941361025,0.4353560354902013,0.26928414890128655,0.11146868281532335,0.12098293721365086,0.09514807177442892,0.6467288287757651,False
56,17.0,17,14,0.7513069974862282,0.4606646542658075,0.2543847505166262,0.10471279350891899,0.11927428061488611,0.09496350897987497,0.6617776837975688,False
56,18.0,17,14,0.712978299053289,0.4835886409306458,0.24138489914487507,0.09915332754059068,0.11473266636139069,0.09286573413870625,0.6757602696858039,False
56,19.0,17,14,0.6740308312258433,0.5074799483992176,0.2282852511476367,0.0938652368067281,0.10746643068145323,0.08882254576221393,0.691151247877194,False
56,20.0,17,14,0.6302589965935489,0.5350767270540773,0.21362198183753647,0.0883174084297009,0.0981370857302359,0.08315347177010658,0.7081146008652107,False
56,21.0,17,14,0.5802750153941418,0.5675609256542676,0.19689162212575037,0.0824629307869181,0.0878081506167544,0.07645402494416632,0.7274941671662026,False
56,22.0,17,14,0.5278222596784743,0.6027106841752774,0.17935657511277817,0.07686560005498329,0.07768238768990461,0.06945082074024907,0.7481925734589651,False
56,23.0,17,14,0.4852333422036716,0.6319644422308521,0.16523212912110893,0.07275396616683204,0.06880813429338296,0.0628305548823811,0.7660680872219288,False
56,24.0,17,14,0.47462757659257754,0.6391990958533427,0.16208713185705348,0.07188632573703209,0.06185554594043845,0.05709985236245445,0.7707089576796284,False
56,25.0,17,14,0.5176175668529485,0.6091097795760084,0.17731068885708412,0.07624819167205575,0.05703825696758948,0.05251874851895054,0.7529393141879642,False
56,26.0,17,14,0.6156883348951969,0.543320344572692,0.2113622584079157,0.08749715504103021,0.05418775789630812,0.04911520025665907,0.7123734360451285,False
56,27.0,17,14,0.7491865709418001,0.46023676407352043,0.25742387110448645,0.1060574597775755,0.052917849487404654,0.046754169739036254,0.6614203396192115,False
56,28.0,17,14,0.8959132857119638,0.3782354270653385,0.30783773178414087,0.13086771608105643,0.0527905118395233,0.04522101097403179,0.6153345876079103,False
56,29.0,17,14,1.0418244954823361,0.30680564429067253,0.3577921143230364,0.16013357074123005,0.05342133230300252,0.044287354396158676,0.5760829057974216,False
56,30.0,17,14,1.1803044831858063,0.2483449167133644,0.40504922649420816,0.19206868526975215,0.05451250341400651,0.043747574565009,0.5281258988334838,False
56,31.0,17,14,1.3083926201499376,0.20206813379232252,0.44862902660320486,0.225059695382115,0.05583845810912793,0.04343156269445173,0.48822946481411916,False
56,32.0,17,14,1.4240207587904892,0.1663398074269073,0.48784659922086204,0.2574880503243591,0.05721887956544989,0.043206556729058355,0.46517824412467296,False
56,33.0,17,14,1.5250853632842425,0.1394684499280679,0.5219910330763045,0.28767077052322043,0.058503143076464315,0.042977349375367103,0.4538520427582829,False
56,34.0,17,14,1.6098478539767556,0.11983203395445498,0.5504722138711593,0.3141057778057007,0.05957288066204419,0.0426868024564924,0.447563788741945,False
56,35.0,17,14,1.6777412084006393,0.10588720264300476,0.5731116053201856,0.3358523654265405,0.06035505683545462,0.04231409504029766,0.44044808734393104,False
56,36.0,17,14,1.7298264068712295,0.09621338015652055,0.5903083154264734,0.3527612906475353,0.06083135385323469,0.04186855565089392,0.42350693099464065,False
56,37.0,17,14,1.7684405891065416,0.08959846981176325,0.6029187722782203,0.36535500757000494,0.06103203255026566,0.04137957898828611,0.41315305384381223,False
56,38.0,17,14,1.795990686108985,0.08515973796208694,0.6118362175240092,0.3743519667747734,0.06101183701769969,0.04088479665687501,0.40359208765722543,False
56,39.0,17,14,1.813479326742536,0.08245511159278231,0.6174763069560828,0.3800789774138642,0.06081690119328646,0.040418782397503725,0.3998683627793186,False
56,40.0,17,14,1.819728023483472,0.08150451658422736,0.619502138916689,0.38214267142852704,0.06045862533736221,0.04000431960687557,0.3976599841089118,False
56,41.0,17,14,1.8118628354829904,0.08269251813352493,0.6169813307800215,0.3795752766886664,0.059908624247576425,0.039647998988996326,0.39997148886081163,False
56,42.0,17,14,1.7867978100739887,0.08661034668130085,0.6088826061392485,0.37136399274099074,0.05911835522526571,0.03934073124120579,0.4051982585428691,False
56,43.0,17,14,1.7430293570638167,0.09388518570707831,0.5946759220496964,0.3571053026454583,0.0580535134137876,0.03906162363817422,0.42008595949138106,False
56,44.0,17,14,1.6821959988035657,0.10494004380743294,0.5748529412984041,0.337549870618383,0.05672481204587024,0.03878257335454816,0.4400947712762131,False
56,45.0,17,14,1.6099525527947858,0.11958537594086396,0.55122547789542,0.3148193197978107,0.05519871161094543,0.03847253867339624,0.447563788741945,False
56,46.0,17,14,1.5355008727642823,0.13653306583770344,0.5267904582842842,0.2920487136841246,0.053582831591787415,0.03810316137908727,0.4538520427582829,False
56,47.0,17,14,1.46921601460364,0.1533220353477582,0.504964772637072,0.27240416224260905,0.051994133383551265,0.03765754717166359,0.45897403691637423,False
56,48.0,17,14,1.4187855107052245,0.1672343848833262,0.4883037075065655,0.25788053436620534,0.0505256173992769,0.03714035659499145,0.46517824412467296,False
56,49.0,17,14,1.3856153740254133,0.17695204683074411,0.47727952777359256,0.24850610192221192,0.04922584622800589,0.03658321864830755,0.4686376134474036,False
56,50.0,17,14,1.3636782796496114,0.18364892702741745,0.4698751131385469,0.2423180878385877,0.048097594270796025,0.03603942574555465,0.47350992682738047,False
56,51.0,17,14,1.3419216836295955,0.1905145923698789,0.4623959662171185,0.2361577250216764,0.04711264452514528,0.035567200846758414,0.4776423579080321,False
56,52.0,17,14,1.309401015169744,0.20114839750834068,0.451208820248786,0.2271152565327809,0.04623350683741563,0.03520835296421983,0.48822946481411916,False
56,53.0,17,14,1.2605360788159918,0.21795672670905944,0.43450007297650356,0.21400224181737024,0.04543159100963586,0.03497341706040597,0.5089477275983246,False
56,54.0,17,14,1.1974489638099872,0.24118954838585627,0.4130328623004995,0.19786323918745835,0.044695047656742266,0.03484145838444443,0.5243500915990251,False
56,55.0,17,14,1.1279808634672301,0.2688457958785283,0.3894679602174118,0.18108929085252745,0.04402585745297597,0.03477372439566605,0.5474250073945846,False
56,56.0,17,14,1.0609960686772943,0.29763202842712755,0.3668004036618435,0.16590532351459142,0.043431004846218764,0.034731884526137985,0.568421911054461,False
56,57.0,17,14,1.0023283447043154,0.3245851984250343,0.3470082234018811,0.15342197224907692,0.04291394633020579,0.03469063943077567,0.588094615583916,False
56,58.0,17,14,0.9534400514177187,0.34830113995977663,0.33058900021835924,0.14361886694459208,0.042470526449114844,0.03464108730121603,0.5979384051355009,False
56,59.0,17,14,0.912386522916847,0.3691060888921295,0.31686392691546544,0.13581066477565976,0.042090444282721615,0.03458809910444637,0.6109243446519578,False
56,60.0,17,14,0.8756843004604076,0.3883990750386561,0.30460386670437284,0.1291338647253156,0.04176287557597229,0.0345455401368201,0.6217327632514735,False
56,61.0,17,14,0.8402897333932,0.40762232034428714,0.2927181463715085,0.12292930108947067,0.041483042522796165,0.0345292401574729,0.6330918888043886,False
56,62.0,17,14,0.8054835641871527,0.4271064400673832,0.2809237531278489,0.11703323690982868,0.041255773406262325,0.034546480332378914,0.6427654938431963,False
56,63.0,17,14,0.7740413146527035,0.44519053505078576,0.2701643035118011,0.11188065297127733,0.04109335912765549,0.03458549863920881,0.6507357945352622,False
56,64.0,17,14,0.7515264570245278,0.45841413478068704,0.2623691213919124,0.1082820254847399,0.041008123326374483,0.03461345896324811,0.6605092768355517,False
56,65.0,17,14,0.7433548198039349,0.4632642743146448,0.2594298595546222,0.10695437328749215,0.04100307581324243,0.03458872585981873,0.6628620022195041,False
56,66.0,17,14,0.7510560090762868,0.4586784685729923,0.26189607238013374,0.10806727069130409,0.04106473432155994,0.03448298474928367,0.6605229667958581,False
56,67.0,17,14,0.77003683709187,0.44750662527000284,0.26820296992646936,0.11096458944327088,0.04116058243488566,0.03429953513938426,0.6524250481228853,False
56,68.0,17,14,0.7903572979795601,0.43573601957163666,0.27495513822043477,0.11414832766561372,0.041241600982762465,0.0340750742937031,0.6467288287757651,False
56,69.0,17,14,0.8002724286747716,0.4300668400825899,0.27815670372211515,0.11568754499371177,0.04124975352742005,0.03386349094898868,0.6437630552959123,False
56,70.0,17,14,0.7906722159464742,0.4355638168233287,0.2747216161671933,0.11403680368091339,0.041130665586042,0.033712110015538234,0.6467288287757651,False
56,71.0,17,14,0.7581420569582142,0.45449014032023805,0.2634910771341235,0.108793029229751,0.04085004116472268,0.033643749959465,0.6590971326534308,False
56,72.0,17,14,0.7054927651868059,0.48613381372652953,0.2453968480584905,0.10083585308044543,0.040407381497982856,0.033651257073845094,0.6767902631965325,False
56,73.0,17,14,0.6401268574942295,0.5271160853515227,0.2229183361151386,0.0917892909467635,0.03983696065564804,0.03370262138737081,0.7037472617707403,False
56,74.0,17,14,0.5712314343796567,0.5722483860858325,0.19916116351741117,0.08322757131419137,0.03919080400353744,0.033751172256521654,0.7296227196512959,False
56,75.0,17,14,0.5067623416991545,0.6161639720170793,0.1768523885731942,0.07611090286383146,0.03851109805309775,0.03374634538484963,0.7581854090903599,False
56,76.0,17,14,0.4512839453276485,0.6551564564673135,0.1575936381358431,0.07067677687844638,0.037808863132420795,0.03364199845726686,0.7802358949449264,False
56,77.0,17,14,0.40561975382017706,0.688016356027817,0.14171186971764038,0.06668427454802961,0.03706127543541296,0.03339978417208219,0.8023143068903743,False
56,78.0,17,14,0.3683327301990435,0.715319762101942,0.12874286150584743,0.06374843338684566,0.036224947604322655,0.03298647161745049,0.819165884054249,False
56,79.0,17,14,0.33784908236449573,0.7379332660023299,0.11815391851846324,0.06156595234332767,0.035251270072304164,0.03236728439840851,0.8331523662279563,False
57,0.0,17,14,0.5658680576635795,0.5773143854243916,0.19170733908058857,0.08075090715296138,0.8037881876394197,0.6248701958664143,0.7330646386449607,False
57,1.0,17,14,0.6086679096888273,0.5489906073298563,0.20638163263301668,0.0857218439712017,0.6715373989207507,0.524300824581885,0.7160131056116351,False
57,2.0,17,14,0.6674977203312823,0.5112587309413517,0.22659690321927908,0.09320651447618339,0.5502989712325571,0.43234256994470427,0.6941650857003505,False
57,3.0,17,14,0.7470214033236983,0.46258412459860654,0.25400057536604487,0.10454402963324383,0.44515409433302106,0.35280218631035,0.6626393008468316,False
57,4.0,17,14,0.8519836702036954,0.4026673577994816,0.29028307319071517,0.12169073110618851,0.3582867965127271,0.2871822485066243,0.631438544900245,False
57,5.0,17,14,0.9841164037222386,0.33456862388833797,0.3360322945506474,0.14681306055655055,0.28991590952412927,0.23536981373301208,0.5932182593483839,False
57,6.0,17,14,1.132530540595536,0.2680825472603719,0.3871130990212723,0.17946815050105888,0.23890034077743127,0.1961151206700314,0.5473295715998527,False
57,7.0,17,14,1.248863879798139,0.22365914976170276,0.42579407340963554,0.2073598786797503,0.20324806869416226,0.16751031933763075,0.5132194590651368,False
57,8.0,17,14,1.2519616712301984,0.22393253558154314,0.42420642766859845,0.20616279147916539,0.18053637049429563,0.14747421482955872,0.5134758777665958,False
57,9.0,17,14,1.1559950225549505,0.26164351565343275,0.38966266968079416,0.18122378452885346,0.1681150349313576,0.13409837078698833,0.5413314116967574,False
57,10.0,17,14,1.0530355365895296,0.30587414258662393,0.354086514136069,0.1578029537929779,0.16310120444731785,0.1257761470288989,0.5753787154450805,False
57,11.0,17,14,0.9751954990398041,0.34229809837640424,0.3275935498039414,0.1418847086287181,0.16238380941617803,0.12118188900146643,0.5964755276646352,False
57,12.0,17,14,0.9117843898303262,0.3739327145639355,0.3061925918207225,0.12998322229960832,0.16286396613631404,0.11921058594717794,0.61302597176849,False
57,13.0,17,14,0.8458413412705263,0.4087325612084661,0.28406317836832234,0.11857730321673973,0.1619409332288991,0.1189290354911791,0.6334600579614604,False
57,14.0,17,14,0.7617743751301642,0.4559674571060758,0.2559295028988152,0.1053941391415915,0.15801003711345246,0.11953328165901171,0.6599873589358478,False
57,15.0,17,14,0.6445868962881525,0.5271173078537026,0.21672383677319826,0.08945840886180424,0.1506771182038311,0.12030697303570133,0.7037472617707403,False
57,16.0,17,14,0.4794799494520199,0.6370764671029971,0.16141184043956575,0.07170229188641795,0.14056059215251201,0.12060205912340892,0.7694381486218801,False
57,17.0,17,14,0.253714389004401,0.8023383954890632,0.08557249425157057,0.05604775128727124,0.12880756231901652,0.11986838288214001,0.871491057141044,False
57,18.0,17,14,-0.03918631479728882,0.9691133827324607,-0.013254009329729031,0.050144576992438676,0.11659490195403203,0.11772977982124412,0.9800022971451849,False
57,19.0,17,14,-0.3937018303540253,0.6974878134528373,-0.13370648381426115,0.06483778080564864,0.10483115117545305,0.11406712359067447,0.80756686878068,False
57,20.0,17,14,-0.7863018763148579,0.43911708083378564,-0.2685527431241484,0.11112743160150747,0.09409990440808678,0.10905473911189249,0.6484471395846116,False
57,21.0,17,14,-1.1714740212026045,0.2515337164501791,-0.4030192556362017,0.1906134863903998,0.08474132243713925,0.10311614487636941,0.5317659106161504,False
57,22.0,17,14,-1.4863634113472595,0.14803169477754047,-0.5156205316149404,0.2819097656914765,0.07694250854136077,0.09680578920923996,0.4554687606767046,False
57,23.0,17,14,-1.6727957654541021,0.10522788828421606,-0.5850618243118286,0.3475690277569608,0.07077430926591928,0.09066158739114338,0.4400947712762131,False
57,24.0,17,14,-1.7080267632655122,0.09892246333871588,-0.6014400311363732,0.3638702112358261,0.06618909958604885,0.0850864050700203,0.4288850081539885,False
57,25.0,17,14,-1.6136969872142781,0.11863634816763594,-0.5709347573212554,0.3337351317399809,0.06302307936881385,0.08029729719397453,0.447563788741945,False
57,26.0,17,14,-1.4355865249778097,0.16348269001866608,-0.5094404809254769,0.27637658934005743,0.06102753867197106,0.07634308637452472,0.46497806049197654,False
57,27.0,17,14,-1.2198840409837823,0.2341652491558945,-0.43370217264360533,0.213388003291289,0.05992138440875399,0.07316009821690746,0.5219232613406223,False
57,28.0,17,14,-1.0012183960864431,0.3267400655535203,-0.35643472071601734,0.1592768897496363,0.059441412591735465,0.07063015305417371,0.5891842326975822,False
57,29.0,17,14,-0.7997312111821834,0.43187500923327193,-0.28503235636714885,0.1190576871718727,0.05937233096200318,0.0686203330012992,0.6442065775214799,False
57,30.0,17,14,-0.6230137768120786,0.5393729676371662,-0.22227926273641133,0.0915455911752567,0.05955359869550974,0.0670031928404191,0.7099375687920897,False
57,31.0,17,14,-0.4704739547177481,0.64248191198613,-0.1679910068329918,0.07352940589011632,0.05987190626302148,0.06566562596433556,0.7717132593923011,False
57,32.0,17,14,-0.33778888985393263,0.7386283693701602,-0.1206579204920328,0.06206470850410012,0.06025089045540718,0.06451376785216588,0.8333751917675414,False
57,33.0,17,14,-0.21991159877944988,0.827899791798365,-0.07853448131816668,0.05509101706182873,0.06064483765452368,0.0634767727140906,0.8902097084147104,False
57,34.0,17,14,-0.11245808637186723,0.9114322233770156,-0.040126263217986825,0.051326087360877626,0.06103586298962417,0.0625092106314626,0.9435738536722407,False
57,35.0,17,14,-0.012112729042406054,0.9904374567102749,-0.004315888023461942,0.050015328896301,0.06142971207379285,0.0615908612923741,0.993761636510278,False
57,36.0,17,14,0.08326214246845395,0.934326613941086,0.02961500184303855,0.05072207129077641,0.0618462415579507,0.060722694350846526,0.9580932271148316,False
57,37.0,17,14,0.1745249045970119,0.8628630096763692,0.06195843496239812,0.053165137040067756,0.062305132202404856,0.05991855406243485,0.9111312735740417,False
57,38.0,17,14,0.26129428883522243,0.7959607892340714,0.09259425316917809,0.05708522621170582,0.06281181088693552,0.059193726360730045,0.8683156343321368,False
57,39.0,17,14,0.3423828065653803,0.7348081246879652,0.1211356333834327,0.06216107948610711,0.06335004234270208,0.058553644315408264,0.8314847212454748,False
57,40.0,17,14,0.4166190467358909,0.6803143779362102,0.14720365937844598,0.06801518817051978,0.06388528239190573,0.05798729307141879,0.7983960923273195,False
57,41.0,17,14,0.4836530473108041,0.6325569792588407,0.1706927910680373,0.07430179427254299,0.06437758249795088,0.057469018605921074,0.7661692665737212,False
57,42.0,17,14,0.5442488545415318,0.5907146634543197,0.19186485345729282,0.08080221505110659,0.06479738533598955,0.056968402305493944,0.7415389607519872,False
57,43.0,17,14,0.5999993841874935,0.553425967416521,0.2112573107705666,0.08745928480806223,0.06513575821450099,0.056462055198930515,0.7170351865756467,False
57,44.0,17,14,0.6529029910662711,0.5191810767911154,0.22955476293122307,0.09436397416628867,0.06540427988084054,0.05593884663664036,0.6981517147884796,False
57,45.0,17,14,0.7051539204994265,0.4865101435636978,0.24753207505973107,0.10174339779701484,0.06562627981653602,0.055395743129684316,0.6767902631965325,False
57,46.0,17,14,0.7588615279542005,0.45418103887474703,0.2659592578883691,0.10992539702110303,0.06582536466191732,0.054831382292013765,0.6590971326534308,False
57,47.0,17,14,0.8150737470597325,0.4217565012783391,0.2852548632713119,0.11916822249534972,0.0660165217697404,0.054247974967996986,0.6394863918299726,False
57,48.0,17,14,0.8720492252003822,0.39040282118964453,0.30488110976911675,0.1292817431976659,0.066201369186513,0.05366362309343843,0.6230621338808766,False
57,49.0,17,14,0.9237697362917293,0.3632797850352053,0.3228273006459138,0.13915995588794175,0.06636610168978863,0.053124590275562524,0.606818662049417,False
57,50.0,17,14,0.9602352139930483,0.34493866249570415,0.33570043035934655,0.1466167348817385,0.06648071190450672,0.052703466774152885,0.5974195391678175,False
57,51.0,17,14,0.97044468401891,0.3399594098315525,0.33971895801270213,0.14900785493757818,0.066500548993068,0.05247800951937919,0.5961636508881453,False
57,52.0,17,14,0.9471875073191673,0.35157772058052195,0.3323211872198704,0.14462933358278274,0.06637325494383699,0.05249833678195848,0.599029733873634,False
57,53.0,17,14,0.8910536559882395,0.3805994957083566,0.3135458127588304,0.13397587288565502,0.06605267010700937,0.05275750662388443,0.616989854734679,False
57,54.0,17,14,0.8111237703483076,0.424455056526597,0.2863453810857628,0.11971129735828133,0.06551646499947068,0.05317980513018151,0.6405457248078201,False
57,55.0,17,14,0.7219131678948405,0.4768452149055633,0.25564074466368314,0.10526644106408369,0.06477959184348442,0.05363486609026296,0.6717485137476388,False
57,56.0,17,14,0.6384982131055282,0.5289783483265229,0.226687042210925,0.09324155149702518,0.06389547716411408,0.053976241324278036,0.7037741401329695,False
57,57.0,17,14,0.572266722036649,0.572413666307128,0.20355820281092224,0.08473533086926568,0.06294266324334007,0.054091820391788795,0.7296319874021054,False
57,58.0,17,14,0.528498753826792,0.6020504819482652,0.1882192241275769,0.07962606766166873,0.06200313980881947,0.05394486447318932,0.7481100663262467,False
57,59.0,17,14,0.5058673140386872,0.6176576002387903,0.1802870306616817,0.07714884968262092,0.061143410555746146,0.05358520624311408,0.7583813708661209,False
57,60.0,17,14,0.49783110205288467,0.623256403701812,0.17749941058458396,0.07630483349498698,0.06040586063735467,0.05312364249049566,0.7616906582582765,False
57,61.0,17,14,0.49575315481425813,0.6247257475945178,0.17682151780231348,0.07610166856820941,0.05980910690786804,0.052682484344899395,0.7625618231718019,False
57,62.0,17,14,0.4925210997315579,0.6270021564535722,0.1757371805501934,0.07577838441883855,0.0593505251078325,0.05234829441929954,0.7636155494229888,False
57,63.0,17,14,0.4846202229368237,0.6325441411798403,0.17299442326553988,0.07496994752931094,0.05900726914909994,0.05214938582536382,0.7661692665737212,False
57,64.0,17,14,0.47169174837655853,0.6416404397829925,0.16846043920462359,0.07366268389231881,0.0587388873401118,0.05206375740875575,0.7716220034612937,False
57,65.0,17,14,0.45467738290735166,0.6536876512536272,0.16246737135316514,0.07199030274897013,0.05849606624293878,0.05204585402639539,0.7788618823447472,False
57,66.0,17,14,0.4343232223758946,0.668217004012572,0.15527633581106884,0.07006682871627867,0.058234491305391906,0.05205399503094327,0.7892696742965463,False
57,67.0,17,14,0.4108423732129455,0.6851318143586966,0.14695385089683669,0.0679535108594347,0.05792754012732938,0.0520653582677994,0.8011750218950885,False
57,68.0,17,14,0.38448558067724875,0.7043052734671194,0.13757882319673562,0.06571712676073038,0.05757242085498907,0.052075375797727794,0.8126599309235992,False
57,69.0,17,14,0.35640782214628564,0.7249382889214365,0.12755882683554934,0.06349484066770618,0.0571890325029959,0.05208687822080643,0.825138191747132,False
57,70.0,17,14,0.32920794615855026,0.7451201288560747,0.1178260883024773,0.06150144753402918,0.056813583971477004,0.052098320942269113,0.8378860886734977,False
57,71.0,17,14,0.30666434905607654,0.7619821030069853,0.10973987116347055,0.05996842249137131,0.056488758489364056,0.0520988380800655,0.8492679785836369,False
57,72.0,17,14,0.2926648864099103,0.7725062532643105,0.10469795855292738,0.059068878519954154,0.05625180418816587,0.05207147975442471,0.8541973489364031,False
57,73.0,17,14,0.2899152808466062,0.7745628111333095,0.10367115064185985,0.05889097161666454,0.0561225352083087,0.051999166929970024,0.8547835708587431,False
57,74.0,17,14,0.2991062443285525,0.7676097793015627,0.10690597779354347,0.059457504141317195,0.05609338074169196,0.051866382334908735,0.8517730708233985,False
57,75.0,17,14,0.31876189038921554,0.7528288752212788,0.1138738732666698,0.06073824005558412,0.05612284269667981,0.05165452413860694,0.8426066025128237,False
57,76.0,17,14,0.3455670589211059,0.7328337018968276,0.12339185267098683,0.06262151742478818,0.056133368383860294,0.05133489537456289,0.8300890140785372,False
57,77.0,17,14,0.3749524338022022,0.7111369655003887,0.1338331929122319,0.06486614481660377,0.05601508343176669,0.050864684289070795,0.8169889004153087,False
57,78.0,17,14,0.4018950043776378,0.6914620686749173,0.14341189073648994,0.0670906740330183,0.05563656190900004,0.05018790798407247,0.8037289728140182,False
57,79.0,17,14,0.42190134037033034,0.6769961122734218,0.150530792709068,0.06884700609464718,0.05486186121352228,0.04923960407967082,0.796094355076539,False
58,0.0,17,14,0.8754371492310451,0.3924978210693726,0.2944350921997249,0.12380926212422508,0.9917233296358193,0.6527880775584958,0.6245118289255872,False
58,1.0,17,14,0.9130489754352928,0.3727642944074129,0.30725053850578715,0.1305514361739945,0.815590387886581,0.5464603786489822,0.6126473412227538,False
58,2.0,17,14,0.9643922626620723,0.3468623752455886,0.32480135513077135,0.14028332372124447,0.6551920290628697,0.4486149278737928,0.5977681990874191,False
58,3.0,17,14,1.033884812821256,0.3136964109068929,0.34868944873042024,0.15445410245624455,0.5176477918549113,0.363606720028984,0.5826493215858729,False
58,4.0,17,14,1.1266061622817385,0.2727768642298072,0.38088586514835976,0.175229869035102,0.4059721250898952,0.2934675056130274,0.5507994373871107,False
58,5.0,17,14,1.2446206602719596,0.22603897831849046,0.4226422196105406,0.20498769207830767,0.32010750519976744,0.23845994546276786,0.5160661085380185,False
58,6.0,17,14,1.375867011504623,0.18081187597927367,0.4707493923529614,0.24304414628578766,0.25763319932289236,0.19743273524196378,0.4707086027559604,False
58,7.0,17,14,1.4779756967551732,0.15042922730250413,0.5108879785533321,0.2776676067625077,0.21461584347657806,0.16827744235540937,0.45751735055731396,False
58,8.0,17,14,1.49193283266211,0.14652149326804936,0.5198971926002705,0.2857709114232651,0.18663177805564257,0.14852157295258997,0.45395636907619796,False
58,9.0,17,14,1.4059425437715258,0.17038144830266724,0.4903128605236027,0.2596094780637826,0.1696033442108133,0.13584039829187222,0.4660109598483706,False
58,10.0,17,14,1.2690216432418275,0.2145688778235198,0.4403527426241457,0.21854123412904963,0.16016766379693118,0.1283037281514296,0.504318163591165,False
58,11.0,17,14,1.1298488179884651,0.2681783141437547,0.3895443773899104,0.18114206706338165,0.15563944241528563,0.12438289039246823,0.5473295715998527,False
58,12.0,17,14,1.006021503336792,0.323589635680824,0.3449175657225008,0.1521458227844432,0.153827693003387,0.12286436583135714,0.588094615583916,False
58,13.0,17,14,0.8940562384431915,0.3799127295550224,0.30523301571905526,0.12946965311152683,0.15291089713379,0.12277429688300681,0.616394745701796,False
58,14.0,17,14,0.7836233417469176,0.44105972359133105,0.2667588767665241,0.11029467499739083,0.15142567960909079,0.12332352069044819,0.6484937488668066,False
58,15.0,17,14,0.6650132220048752,0.5126701733848462,0.22602810914073324,0.09298576603069149,0.14832712884766697,0.12384619046223712,0.6944339344877698,False
58,16.0,17,14,0.531887431068719,0.5999368629928556,0.18073860219655277,0.07728687120717787,0.14305716251357745,0.12373855110643793,0.7463336464781597,False
58,17.0,17,14,0.38181699944726794,0.7060577172514695,0.12988410945648937,0.06399514372069233,0.13556970593455414,0.12244684149692228,0.8137504904979205,False
58,18.0,17,14,0.21604261786866624,0.8307638671797788,0.07366130919582373,0.05447720113569563,0.1262805234282235,0.11954325723296867,0.8912409303078086,False
58,19.0,17,14,0.03945768207716778,0.9688331095115708,0.01349807741295915,0.05014995118014272,0.11593658535263979,0.11486310571378315,0.9800022971451849,False
58,20.0,17,14,-0.13820413383547717,0.891111524809021,-0.04746855859609928,0.0518563720405945,0.10543399666674219,0.10861188328253273,0.9292783126500033,False
58,21.0,17,14,-0.2990521477768964,0.7671110044341912,-0.10316188757904468,0.05880339883889711,0.09563556763268724,0.10135123877355763,0.8514070606360545,False
58,22.0,17,14,-0.4131176397995378,0.6825892609136317,-0.14312852220304936,0.06702258513461903,0.0872329823587338,0.09384514168517713,0.7996861634134598,False
58,23.0,17,14,-0.4432148211151404,0.660900078455881,-0.1541679184854556,0.06977839591669205,0.0806728453618068,0.08683532795224334,0.7831758922448031,False
58,24.0,17,14,-0.3681117486669015,0.7154698852394452,-0.12844527292840388,0.06368447009300862,0.07614254490380701,0.08085108148627697,0.819165884054249,False
58,25.0,17,14,-0.20238077889594708,0.8410422129316341,-0.07073438945162526,0.05412762035287863,0.07360114681391847,0.07612466762578203,0.8978717969022316,False
58,26.0,17,14,0.017292446784357502,0.9863225297368439,0.0060431901235909035,0.05003005432310259,0.07283745179395464,0.0726179381937436,0.9924267418394276,False
58,27.0,17,14,0.2577985513306206,0.7983869173352738,0.08993866964414583,0.056683100669618444,0.07353642923703023,0.07011724569422004,0.8699265801501967,False
58,28.0,17,14,0.49860207908069015,0.6218212293682845,0.17346101649006132,0.07510653832771802,0.07533777706195036,0.06834297228211626,0.7610439524080025,False
58,29.0,17,14,0.728234394697899,0.47235004980133477,0.25250037020117805,0.10388761691173422,0.07787806431803548,0.06703534077835994,0.668960568045992,False
58,30.0,17,14,0.9393746708800396,0.35548642061122016,0.3245818831711405,0.14015806960302088,0.0808174331402981,0.06600034759178194,0.6014271768649042,False
58,31.0,17,14,1.1265412876712475,0.2696433271630744,0.38797877431751354,0.18006292888589828,0.08385765173819151,0.06511793611255141,0.5479848261701189,False
58,32.0,17,14,1.2860227347023212,0.20945517782839035,0.44160823491049206,0.21952257061376657,0.08675779880916532,0.0643259722961857,0.49882950269885257,False
58,33.0,17,14,1.4165313011431504,0.1685251611793282,0.4851971523336089,0.25521957344976093,0.08934874739039927,0.06359688157978126,0.46517824412467296,False
58,34.0,17,14,1.5195047836165727,0.14110602330033734,0.5193549358561983,0.285279900321673,0.09154239300976773,0.06291900268565316,0.4538520427582829,False
58,35.0,17,14,1.5988157493656356,0.12269857012895559,0.5454709978445306,0.3093865126295621,0.09333036043869905,0.06228592016292617,0.44927341787840686,False
58,36.0,17,14,1.6600664646479988,0.10999436870286376,0.5654856513413608,0.3284591248002768,0.09477017955057852,0.06169082606200083,0.44173037311747676,False
58,37.0,17,14,1.7095778808578825,0.10063156301865009,0.5815572933832159,0.34411687684678544,0.09596129431212155,0.06112276797850957,0.4323811403358878,False
58,38.0,17,14,1.7531035933327699,0.09302365517699868,0.5956319384990622,0.3580587098948671,0.09701562315711333,0.06056492864275779,0.41860644829649407,False
58,39.0,17,14,1.7944970269547094,0.08628977706342886,0.6089973746773708,0.3714799502342999,0.09802787432482951,0.059996812588073045,0.40509091087344107,False
58,40.0,17,14,1.834821502709986,0.08017738477841325,0.6219930164457083,0.3846847849270197,0.09905085670291199,0.05940039913574471,0.3934703206262929,False
58,41.0,17,14,1.872386355843431,0.07487689486803208,0.6340376115901791,0.3970466819284818,0.10008025153866422,0.05876725679952226,0.3895878060827143,False
58,42.0,17,14,1.9038070948675092,0.07074994943140318,0.6440000769295074,0.4073524705839391,0.10105097592286058,0.05810237873734519,0.3811827131930065,False
58,43.0,17,14,1.9256179798387603,0.06809181738956106,0.6507458931363599,0.41436851865636337,0.10184499987598385,0.057421962825294166,0.37670994472380653,False
58,44.0,17,14,1.9356329240816497,0.06702113177479313,0.6535863260994769,0.4173312230981639,0.10231015463116214,0.05674568341263305,0.37670994472380653,False
58,45.0,17,14,1.9334486138449087,0.06749362688207294,0.6524329917221064,0.4161276547448267,0.10228916764481012,0.056087809491385934,0.37670994472380653,False
58,46.0,17,14,1.9200305378772573,0.06938377533594656,0.6476471171535537,0.41114200545127744,0.10165438230066179,0.055453473907290204,0.3780478137223467,False
58,47.0,17,14,1.8967729904275932,0.07258870786568855,0.6397201287108124,0.4029165618769385,0.10033804070679574,0.05484379759807503,0.38612065947960167,False
58,48.0,17,14,1.8645570435976888,0.07713162378181486,0.6289598049727608,0.3918214369764715,0.09834747073399784,0.05426682126312444,0.391185760243823,False
58,49.0,17,14,1.8232267316543078,0.08324653536361856,0.6153167842716367,0.37788292394029777,0.09576195765372755,0.05374554765793751,0.40085270958882435,False
58,50.0,17,14,1.7716976416539714,0.0914209625227733,0.5984181914781513,0.36084250405287926,0.09271712653891458,0.053315545599590494,0.4164214041053914,False
58,51.0,17,14,1.7086742554262437,0.10237034065453547,0.5778011665783664,0.34043160783913234,0.08938494784060665,0.05301216229383023,0.43650297537974514,False
58,52.0,17,14,1.6337284913091963,0.11691306088395811,0.5532699726778316,0.3167595828176821,0.08595300641612415,0.05285480555142137,0.447563788741945,False
58,53.0,17,14,1.5483245740349847,0.13570977006178153,0.5252456476277252,0.29063606983495427,0.08260279672441158,0.05283688982873085,0.4538520427582829,False
58,54.0,17,14,1.4563183821341987,0.15886445600623633,0.4949525879520407,0.263625862884063,0.07948807847204303,0.05292515681305676,0.4614997159102095,False
58,55.0,17,14,1.36360149794213,0.18550661911426045,0.46432364899073764,0.23773676141769948,0.07671776600811792,0.05306653898083812,0.4745956143836917,False
58,56.0,17,14,1.2769324805460747,0.2136271516437474,0.43562242564804204,0.21486810902770495,0.07434850512690341,0.05319902400912946,0.5028868959759397,False
58,57.0,17,14,1.2024015750133037,0.24042449822153578,0.4109221046841219,0.19632019889693472,0.07238930685342387,0.05326465409951765,0.5243500915990251,False
58,58.0,17,14,1.144104744056881,0.26312239148571065,0.3916408162519918,0.1825940721264696,0.07081675275298649,0.05322379019198522,0.5434912685640811,False
58,59.0,17,14,1.1034609659319115,0.2798507554177698,0.3782953295692049,0.1734876088851665,0.06959573849351469,0.0530673953325167,0.555627624506437,False
58,60.0,17,14,1.0794252814294079,0.29006447047641637,0.3705649409364296,0.16836172035259717,0.06869780681969917,0.0528206873086459,0.5622788196927455,False
58,61.0,17,14,1.0695817693150405,0.2942578750277066,0.36765526745341226,0.16646083764043743,0.0681087653380119,0.0525325082183334,0.5651904306934609,False
58,62.0,17,14,1.07160381705647,0.29325102829147814,0.36878640578323024,0.16719795394511577,0.06782210134355954,0.0522524178574863,0.5647233005430866,False
58,63.0,17,14,1.0841860233232148,0.2876430558545535,0.3735076994908843,0.17030007164643193,0.06782326100750599,0.052007097345540376,0.5610375392828754,False
58,64.0,17,14,1.1067861580745437,0.2778511152916057,0.3816160676291904,0.17572318369905293,0.06807540767992422,0.051790790037834,0.5546791331905806,False
58,65.0,17,14,1.1382570947405897,0.26466128300995695,0.39269757509440584,0.18332901146494254,0.068514306636838,0.05157682807006057,0.5451135538905529,False
58,66.0,17,14,1.1751665305405927,0.24980348599032778,0.4055587775197937,0.1924351197230378,0.0690517700496908,0.051343011484038685,0.5292179778861925,False
58,67.0,17,14,1.2109842306998675,0.23599606738067708,0.4179525495148388,0.20149037410662782,0.06958321847275166,0.05109314185899172,0.5219645178872445,False
58,68.0,17,14,1.2371343504200343,0.22629089283115494,0.42694162268482405,0.20822787486846983,0.06999936375270349,0.05085911328877,0.5160661085380185,False
58,69.0,17,14,1.245915617451566,0.223111162448839,0.4298996476375457,0.2104758821770874,0.07020667695322873,0.05068198340966861,0.5132194590651368,False
58,70.0,17,14,1.2338918125715344,0.2275065637530088,0.42567010345447404,0.20726624652697517,0.07015562683859239,0.050585701194177365,0.5172304105737887,False
58,71.0,17,14,1.2037162496148313,0.23879762747543085,0.41518668914271745,0.19944591700125527,0.06986221272948825,0.05056159686897801,0.5239617076517943,False
58,72.0,17,14,1.1631457595623327,0.2546191448217616,0.4011320390130463,0.18926725433641375,0.06940305359591696,0.05057253353333783,0.5339098952427144,False
58,73.0,17,14,1.1216452235270378,0.27158057807701497,0.3867738905118295,0.17923546288771075,0.06887823529405578,0.050571119318395565,0.5495160770082967,False
58,74.0,17,14,1.0864390738818068,0.2865930843022129,0.374611219586217,0.17103104865624016,0.0683598494328836,0.050517775614022924,0.5609323915856729,False
58,75.0,17,14,1.0602296710994967,0.2981402661498488,0.3655872887268439,0.1651193224004496,0.06785575647548771,0.05038659746000402,0.5685282965734546,False
58,76.0,17,14,1.0416354821629954,0.30651913647013423,0.3592330665635371,0.16104672380201854,0.06730636856639871,0.050156436963390845,0.5760091155143462,False
58,77.0,17,14,1.0275096196453222,0.31298349788947977,0.3544592182835312,0.1580362118313987,0.06660829378906788,0.04979431695426869,0.5825389215958108,False
58,78.0,17,14,1.015279056849266,0.3186505864134609,0.35036228476559506,0.15548629999512636,0.06564353088221572,0.04924240271425849,0.5857678195553679,False
58,79.0,17,14,1.0039411243602503,0.3239663324655975,0.34657569735418575,0.153157288377465,0.06429678875864323,0.048416837319638216,0.588094615583916,False
59,0.0,17,14,-1.0397673269955856,0.31730705560982453,-0.3826393066392071,0.17641610944496824,5.177235450519807,81.39947206744817,0.5850822902465691,False
59,1.0,17,14,-1.0436784101947965,0.3155634542549586,-0.3840821390600465,0.177396428205141,4.109051674245641,64.42777134659832,0.5842908925220395,False
59,2.0,17,14,-1.0487026849215662,0.31333317979636033,-0.3859347790231931,0.1786607559760774,3.1484971944253832,48.927560383064076,0.5826493215858729,False
59,3.0,17,14,-1.0550418819930676,0.3105346972708868,-0.3882710165172836,0.1802640271690445,2.3384728747009897,35.61668290712933,0.5796647682389887,False
59,4.0,17,14,-1.0628889331546736,0.30709452433428486,-0.3911610803032821,0.18226110058927927,1.695181137468399,24.830603272833805,0.5760829057974216,False
59,5.0,17,14,-1.0722809348361795,0.303011630112964,-0.39461720867481026,0.18466922527924332,1.2145748494196542,16.602120301438656,0.5729582939420218,False
59,6.0,17,14,-1.0827897514325515,0.2984866286148795,-0.39847920913798385,0.18738570679664515,0.8769180581277536,10.70757269238762,0.5685282965734546,False
59,7.0,17,14,-1.0929914052910108,0.2941331049462133,-0.4022181609586064,0.19004125005079736,0.6526803346293325,6.737630547659349,0.5651904306934609,False
59,8.0,17,14,-1.0997935163353172,0.2912353158989273,-0.4046872737812181,0.19180867590938733,0.5099989915038448,4.2056115452635705,0.5628510840361756,False
59,9.0,17,14,-1.0980562201297503,0.2919053546786548,-0.40398063761470887,0.19130173901607175,0.4211257692778855,2.6555122193404785,0.5628510840361756,False
59,10.0,17,14,-1.0812904200638132,0.29891594012735967,-0.39769021666862814,0.18682855141977692,0.36557249811117154,1.727711188601422,0.5687410439438957,False
59,11.0,17,14,-1.0436919586974625,0.31517212539537676,-0.3836567942363461,0.17710703670814848,0.3299705383170421,1.173297165481793,0.5839839852755488,False
59,12.0,17,14,-0.9820278331923333,0.343271479796608,-0.3606622138386683,0.16195619426294858,0.306228580309145,0.835849328082313,0.5968086046555279,False
59,13.0,17,14,-0.8952419052083146,0.3858164416575548,-0.3282747504120524,0.1422776035527812,0.2895204763102022,0.6234874257980374,0.6202599253442029,False
59,14.0,17,14,-0.7821331296430746,0.44652625629739295,-0.28600428297402913,0.11954119299628305,0.2768278726634953,0.4844365564806285,0.6513725996349813,False
59,15.0,17,14,-0.6400871061885305,0.5310836988637506,-0.23292354862107212,0.09570170413823174,0.2661036234687444,0.38993276476432154,0.7044084349535503,False
59,16.0,17,14,-0.4678346906197241,0.6452814994803376,-0.16889133024124892,0.07378536133319175,0.25586450329404564,0.3236630722514591,0.7730564934266979,False
59,17.0,17,14,-0.27291577361340147,0.7873639236062954,-0.09742857628384909,0.05784780527161949,0.24503049489792494,0.27580496619245626,0.862614834249427,False
59,18.0,17,14,-0.07686147179400911,0.93929774574199,-0.0270965478944908,0.05060444055234095,0.23290852699395473,0.23997346910692322,0.9612305865055085,False
59,19.0,17,14,0.09482763321434792,0.9251047861069387,0.03306646819284899,0.050900282712108634,0.21925663032126624,0.2118463984253344,0.9523277094092394,False
59,20.0,17,14,0.2309301561706814,0.819015407614408,0.07991611022586662,0.05527227928475585,0.20434835401081833,0.18860849765901228,0.8839052793097679,False
59,21.0,17,14,0.3380436939375785,0.7378800918755626,0.11647158964043702,0.061236878895839675,0.18894202107016114,0.1686572918956904,0.8331523662279563,False
59,22.0,17,14,0.43093583299600496,0.6699229275857022,0.1481540426464897,0.06825082815837547,0.17409924930965287,0.15129367984277642,0.7901735443557076,False
59,23.0,17,14,0.5240253575135525,0.6045690150767403,0.17997038097574433,0.07705228257514855,0.16088884968505598,0.13635234089193898,0.7499453202034878,False
59,24.0,17,14,0.6270869827185095,0.5359570823196795,0.21520081905934196,0.08889599561523662,0.15009383813977736,0.12385453124857156,0.7081146008652107,False
59,25.0,17,14,0.7429772077754203,0.4640969925848498,0.2547215893614527,0.10486098742822943,0.1420463769234134,0.11377404169411294,0.6637482527320213,False
59,26.0,17,14,0.8675092758532698,0.39365821762211073,0.2970441022625606,0.12515696393625905,0.13664160762389055,0.10594429779382467,0.6250905535020284,False
59,27.0,17,14,0.9925807746549022,0.3302967856781026,0.33943130639857577,0.14883569435840835,0.1334844779860768,0.10007111311099048,0.5911923428326186,False
59,28.0,17,14,1.110932544779553,0.27719083038720804,0.3794963235895408,0.17429380786124957,0.1320728058681644,0.0957919905073631,0.5546626695505927,False
59,29.0,17,14,1.2190721218326035,0.2343476865900453,0.4161297909156217,0.2001415153273587,0.1319367606706041,0.09273591370392573,0.5219232613406223,False
59,30.0,17,14,1.3171245378357506,0.19998627585539044,0.44940131939622685,0.22567387773116793,0.13270648724315828,0.09056324795162182,0.487330725131833,False
59,31.0,17,14,1.4071530196179398,0.17200118520322255,0.4799831004952192,0.25078736870678003,0.13411981742771314,0.08898526036172953,0.46701616780569577,False
59,32.0,17,14,1.491602041929143,0.14868624189990284,0.5086449319907085,0.27566834601732826,0.13599418587849202,0.08777170420240858,0.4558017319184544,False
59,33.0,17,14,1.5722694000883353,0.12891492362576285,0.5359437170211238,0.3004858608147223,0.13818450661748674,0.08675457379676402,0.45351203883140845,False
59,34.0,17,14,1.6496305862805882,0.11209077841938878,0.5620303395241355,0.32513158227868644,0.14054678322044048,0.08582993828575043,0.44264461086039397,False
59,35.0,17,14,1.722614678982533,0.0979788934511092,0.5865884389021787,0.34907690086138177,0.14292393685971422,0.08495336827712696,0.4268052056988681,False
59,36.0,17,14,1.789080606713065,0.08647221066699176,0.6089816911334441,0.37146410351267517,0.1451580401774879,0.084124446367525,0.40509091087344107,False
59,37.0,17,14,1.8467809987307988,0.07740811527336963,0.6285473627503554,0.391397876949496,0.1471158035139624,0.08336305901852346,0.391185760243823,False
59,38.0,17,14,1.894195479477888,0.07051692661115572,0.6448449291885417,0.4082295608760315,0.1487061556726096,0.08268699149525208,0.3811827131930065,False
59,39.0,17,14,1.9308479925308815,0.06546792771484174,0.657742117994105,0.4216744874767282,0.14987776335532427,0.08209911602959193,0.3745270779600481,False
59,40.0,17,14,1.9571877025584736,0.06193257538953344,0.667368725230426,0.4317718244786524,0.1506017026511189,0.08158535882901082,0.37167427069695336,False
59,41.0,17,14,1.974202955624895,0.05963110809455034,0.6739954188173766,0.4387494556970165,0.15085464571822832,0.08112038862665652,0.37167427069695336,False
59,42.0,17,14,1.982743384227706,0.05838314317362743,0.6778286389997917,0.4427946932889636,0.15061402484914785,0.08067929132370423,0.37167427069695336,False
59,43.0,17,14,1.9825603436222912,0.058185347320598296,0.6787196316320814,0.44373585429302886,0.14986501123956184,0.08025398236103731,0.37167427069695336,False
59,44.0,17,14,1.9714472324216248,0.0593021180593443,0.6759034081844675,0.4407621898766798,0.14861075573350038,0.07986849176953341,0.37167427069695336,False
59,45.0,17,14,1.9450834788741942,0.06233970052060671,0.6679559903664357,0.4323893489927617,0.1468779661902642,0.079583424257987,0.37167427069695336,False
59,46.0,17,14,1.897852899528118,0.06831685980426601,0.6530508069357933,0.4167722803373119,0.14471707277917625,0.07948477551238775,0.3767982227964955,False
59,47.0,17,14,1.8243092758346275,0.07879460790780905,0.6294031351142878,0.39227686329761174,0.142202068219057,0.0796632693539419,0.3920994274369567,False
59,48.0,17,14,1.7208103584078376,0.09608106158810137,0.595754130871615,0.3581806341650836,0.1394328699194984,0.08019595050204056,0.42350693099464065,False
59,49.0,17,14,1.5872027796041526,0.12331770272984542,0.5518876384662548,0.3154471504549155,0.13653464801194737,0.08113559700232721,0.44927341787840686,False
59,50.0,17,14,1.4283789841666277,0.16393619614860838,0.49917213641906066,0.26730701652392586,0.1336446850161559,0.0825023617183277,0.46508535341265483,False
59,51.0,17,14,1.2547139941165366,0.2199678942910997,0.4408271579537603,0.21891173710687126,0.1308856330846837,0.08426814197862571,0.5111287170249619,False
59,52.0,17,14,1.080298101513481,0.2896897802387409,0.38149185824487997,0.17563920075592482,0.12833780403584816,0.0863326152723937,0.5622011907598207,False
59,53.0,17,14,0.9194577407342726,0.36656445701350837,0.32612996580756753,0.14104349349705297,0.1260273110473,0.08850475597214444,0.6089271138259994,False
59,54.0,17,14,0.783473190014839,0.44100912200199127,0.27885155508377507,0.1160241291780986,0.12393609408955797,0.09051319832601147,0.6484937488668066,False
59,55.0,17,14,0.6788634315031482,0.5039554491672317,0.24218631255271864,0.09948705781792007,0.12202487957370015,0.09206231912143979,0.6877702311949222,False
59,56.0,17,14,0.6071351866745417,0.5497957775232198,0.21687903576836964,0.0895159562768764,0.12025471645550935,0.0929258168833499,0.7160131056116351,False
59,57.0,17,14,0.5651904128163316,0.577533698206258,0.2019776161128165,0.08418933899186407,0.11859901742949797,0.09303863158304004,0.7330646386449607,False
59,58.0,17,14,0.5459063535703815,0.590477701528304,0.19503837914040384,0.08184539965869293,0.11704726846351907,0.09253622353697581,0.7415389607519872,False
59,59.0,17,14,0.5391305538425598,0.59501923256517,0.1925090006810646,0.08101249788853583,0.11560511611324709,0.09171345776495052,0.743221048854636,False
59,60.0,17,14,0.533723773752148,0.5986525817302619,0.19048177640088435,0.0803532138861155,0.11429222069493389,0.09092021475867261,0.7457263993871774,False
59,61.0,17,14,0.5206663053001678,0.6075641850828724,0.18579658237303634,0.07885759663870265,0.1131348678633289,0.09044391448716084,0.7518103345980055,False
59,62.0,17,14,0.4958563983155001,0.6247191052309018,0.1770118786496485,0.07615863762133074,0.11215195730478447,0.09042930534770553,0.7625618231718019,False
59,63.0,17,14,0.46072921407085954,0.6493983159967451,0.16461492930917282,0.07258232251853908,0.11134114412617964,0.09086065250916664,0.7761166590107916,False
59,64.0,17,14,0.4203305084554256,0.6782945655311683,0.15035809890928822,0.06880335656922297,0.1106773586004614,0.09160148823994863,0.7972492094862612,False
59,65.0,17,14,0.38044172680177707,0.7073222525018588,0.1362647976454445,0.06541583013340277,0.11012865107286648,0.0924660983335313,0.8147464295801904,False
59,66.0,17,14,0.34552794946875354,0.7331009814376526,0.12391042889475941,0.06272857871198023,0.10967765835755774,0.09328985987460693,0.8301120976063286,False
59,67.0,17,14,0.31794774487768157,0.7536897058036353,0.11413587092069033,0.06078800930443873,0.10932811005078905,0.09397328661582882,0.8431955865150548,False
59,68.0,17,14,0.29791308756798823,0.7687594129757129,0.10702349596177868,0.05947842008850426,0.10908721764598568,0.09449156951930607,0.852225964032315,False
59,69.0,17,14,0.283829854057505,0.77940333212931,0.10201175647844452,0.05860723982740887,0.10893788992354661,0.09487554623681367,0.8578443937797446,False
59,70.0,17,14,0.2731292350771019,0.7875135449541814,0.09818968858723535,0.05797146144571903,0.10882662231526333,0.09517437144002595,0.862614834249427,False
59,71.0,17,14,0.2636636040681137,0.7947019646277782,0.09479590072106568,0.0574276281497995,0.10868063004642296,0.09541080366837972,0.8678868692793071,False
59,72.0,17,14,0.2551225356952953,0.801199921139766,0.09172475370173523,0.056952252576103715,0.10844231729713583,0.09554605929878579,0.871363273225641,False
59,73.0,17,14,0.24946105389833834,0.8055101636383386,0.08967874223240486,0.05664437905913892,0.10809390100598643,0.09547767791925295,0.8732568777666652,False
59,74.0,17,14,0.24976143475462442,0.8052680888624608,0.08976076177835866,0.056656585297151646,0.10765218918797788,0.09508364602169309,0.8731822650315839,False
59,75.0,17,14,0.25802827393438305,0.7989456126281718,0.0926850804600539,0.05709919006263049,0.1071344243557157,0.09429376472427406,0.8699265801501967,False
59,76.0,17,14,0.2731813251363487,0.7874017536976909,0.09806177022337693,0.057950610381860806,0.10651320671568726,0.09313822375774346,0.862614834249427,False
59,77.0,17,14,0.2905227386690642,0.7742518701034151,0.10421413761616224,0.0589848279156438,0.10568279428618556,0.09172758233451184,0.8547835708587431,False
59,78.0,17,14,0.30335630461525687,0.7645631863373763,0.10876430585204012,0.05979099848114655,0.10445322989551613,0.09016409438195902,0.8502644437644256,False
59,79.0,17,14,0.30618858945187893,0.7624304434846984,0.10976901011253763,0.05997374682550932,0.10257787414975253,0.0884368050023512,0.8495797999475745,False
60,0.0,17,14,-0.4102233471147218,0.686807302599235,-0.14894825316152743,0.06844895173314205,0.43861105871141043,0.5043399020356862,0.8020177954356219,False
60,1.0,17,14,-0.3083313246979606,0.7615643502984054,-0.11188511731853254,0.060364269083521736,0.38478932602815713,0.4245404403426846,0.8491511326015736,False
60,2.0,17,14,-0.1626217875466179,0.8726911427816317,-0.05895092137365467,0.05286480730477776,0.3341070467035088,0.3503419566483353,0.9168987616467426,False
60,3.0,17,14,0.05026377793694288,0.9604664812268975,0.018188779629220768,0.050272298607547915,0.28898827313370623,0.28524625494388955,0.9743862853026496,False
60,4.0,17,14,0.36695274580770915,0.7176969281505039,0.13237366085774055,0.06454110354221358,0.25090108769504377,0.23118283437945494,0.820411095005339,False
60,5.0,17,14,0.828354928334677,0.41674304225967806,0.29714882024725736,0.12521132226153128,0.22046391593125642,0.18878660789926055,0.6372821169314732,False
60,6.0,17,14,1.4236602619331473,0.1671894273616832,0.5061116424774952,0.27341925680583223,0.1974311702817737,0.15750647625918643,0.46517824412467296,False
60,7.0,17,14,1.9961421890857245,0.055852928211030065,0.7022972864796505,0.4687421427932536,0.18082824445554338,0.13584759726472143,0.37167427069695336,False
60,8.0,17,14,2.335924450524517,0.026660851480799934,0.8161286997315342,0.5894551642698408,0.1693440973481457,0.12183704603029184,0.3376899021132159,False
60,9.0,17,14,2.4122623650739348,0.02241010045956307,0.8405968073646626,0.6147100087078246,0.16181379152514946,0.11353062138322914,0.3346321985274807,False
60,10.0,17,14,2.3120645936570745,0.028073572610837462,0.8048352690143981,0.5776652586670514,0.15750615809323035,0.10933014111432911,0.3376899021132159,False
60,11.0,17,14,2.1167715431521987,0.04299880175216438,0.7352330268213487,0.5038638531881418,0.1560611080414684,0.10804408905783561,0.37167427069695336,False
60,12.0,17,14,1.8924411922059878,0.06864259020882683,0.6545043024979377,0.418289746982087,0.15715003537496375,0.10878246736292295,0.3767982227964955,False
60,13.0,17,14,1.6863035496036367,0.10314664608152253,0.5800863179429839,0.3426718197680345,0.16009059092158398,0.11080643151998205,0.43797758295837375,False
60,14.0,17,14,1.5173803633835594,0.141366874583883,0.5194388384618828,0.2853558465422889,0.16366418165385238,0.11340173515685863,0.4538520427582829,False
60,15.0,17,14,1.384620534101353,0.17867019746101445,0.47238917322456175,0.24440925618533485,0.16626840192376324,0.1158020690916276,0.46888496040550004,False
60,16.0,17,14,1.2814863748274632,0.21236215905457018,0.4364842822391563,0.2155344831938113,0.1663465785788059,0.11718508557416543,0.5018019745875842,False
60,17.0,17,14,1.2042933400606202,0.2403221937523495,0.4101686504297556,0.1957713155944115,0.16287801487089806,0.11676681701030873,0.5243500915990251,False
60,18.0,17,14,1.154490924270763,0.2595360868996358,0.39369375099204845,0.18402367020399088,0.1556859615320623,0.11398608927751848,0.5398795392907858,False
60,19.0,17,14,1.1384041789079835,0.2656945361590365,0.3890573931186136,0.1808059213649839,0.14543942206577784,0.10870400924207435,0.546125800261641,False
60,20.0,17,14,1.1659233329811691,0.25419706196857617,0.3995415866028373,0.18813768827012325,0.13339535281295398,0.10130216670341145,0.5339098952427144,False
60,21.0,17,14,1.2469788050719661,0.22314557420085065,0.42843929588764773,0.2093641564416339,0.1210302644276951,0.09259980603277922,0.5132194590651368,False
60,22.0,17,14,1.3827378049833934,0.17791554342417018,0.47586872126425533,0.24732028513898974,0.10970343815114633,0.08361173436585556,0.46888496040550004,False
60,23.0,17,14,1.5536111530260708,0.1317899768092558,0.5345182724476962,0.29916448478373675,0.10042813735097295,0.07525994132068232,0.4538520427582829,False
60,24.0,17,14,1.7235002521939378,0.09641295254345959,0.5915115264267248,0.35395607343649516,0.09376905777453069,0.06816527587756327,0.42380077472373373,False
60,25.0,17,14,1.868125109388826,0.07335936225308391,0.6387970332972948,0.40196147397321974,0.08985424125565224,0.06258196455508722,0.38862713948796695,False
60,26.0,17,14,1.9871102805695053,0.058496724966650475,0.6769449523767643,0.44186157440353874,0.08847193206788737,0.05845603575185822,0.37167427069695336,False
60,27.0,17,14,2.089368975475952,0.048161115909254766,0.7094532028381276,0.4763613782681561,0.08920776322669996,0.05554426976916011,0.37167427069695336,False
60,28.0,17,14,2.1822921404922195,0.040361350311693966,0.7389859171797661,0.5078692865185601,0.09157397468629196,0.05353345516051694,0.37167427069695336,False
60,29.0,17,14,2.26999232460651,0.034147247108978825,0.7669531254940253,0.5376672752491907,0.0950970131471832,0.05212642965976793,0.361928505508394,False
60,30.0,17,14,2.3535491656858754,0.02910204450712501,0.7937033203246828,0.565975398024279,0.09935457307054929,0.051086845626377164,0.3376899021132159,False
60,31.0,17,14,2.431417607296974,0.025065548724466778,0.818699889374789,0.5921285317488512,0.1039739169314745,0.05024990961039085,0.3346321985274807,False
60,32.0,17,14,2.5003212628312257,0.02196812553436478,0.8408320392824352,0.6149506430437006,0.10861362264943572,0.049512710529756955,0.3346321985274807,False
60,33.0,17,14,2.556668787287247,0.019739014892876817,0.8588906889433111,0.6332853019428365,0.11295157562793605,0.048817508392401905,0.3346321985274807,False
60,34.0,17,14,2.598067117522804,0.018273592620495147,0.872071693320929,0.6464808189637793,0.11669444004526933,0.048136554717531845,0.3346321985274807,False
60,35.0,17,14,2.6243331379602006,0.017435012644555752,0.8803096352255929,0.6546404032499619,0.11960934589842234,0.04746094204943718,0.3346321985274807,False
60,36.0,17,14,2.6376083661925467,0.017067172666235947,0.8843130101025589,0.6585801530848633,0.12156274608614878,0.046792047144137254,0.3346321985274807,False
60,37.0,17,14,2.6415777038930357,0.017010815929964344,0.8853021841421641,0.6595509672763543,0.12254359532270659,0.04613365828809386,0.3346321985274807,False
60,38.0,17,14,2.6401388772644454,0.017125882441149716,0.8845651510214929,0.658827714152608,0.1226538544318798,0.0454848158399126,0.3346321985274807,False
60,39.0,17,14,2.636061453586326,0.017319841154650302,0.8830101365338516,0.6572998581606635,0.12206565339453282,0.04483558695724639,0.3346321985274807,False
60,40.0,17,14,2.630191282809818,0.01756912103975349,0.8809008782707797,0.6552233190931509,0.12096160652502815,0.04416835502651146,0.3346321985274807,False
60,41.0,17,14,2.6215528944924906,0.017916513434292933,0.8778933455693392,0.652254339383996,0.11948319861276795,0.04346485749944414,0.3346321985274807,False
60,42.0,17,14,2.6082713193625375,0.018441844151757984,0.8733476492908581,0.6477491712885393,0.11770737414002905,0.0427155124381534,0.3346321985274807,False
60,43.0,17,14,2.5887913480952243,0.019222183395050867,0.8667385448977777,0.6411619519167956,0.11565607219218468,0.041925566415059554,0.3346321985274807,False
60,44.0,17,14,2.5627794271567472,0.02029994948005572,0.8579566804766977,0.6323440383595536,0.11332647688406038,0.04111437807784004,0.3346321985274807,False
60,45.0,17,14,2.5314082014215824,0.021664748003480477,0.8474005925379521,0.6216518500133845,0.11072191075032756,0.040308650689336575,0.3346321985274807,False
60,46.0,17,14,2.497092814264172,0.023246541226362678,0.8358850409266643,0.6098808368551596,0.10786899094396261,0.0395341647636828,0.3346321985274807,False
60,47.0,17,14,2.462904655223751,0.024920121310505458,0.8244430414865559,0.5980842667452504,0.10481956445458787,0.038810794340388685,0.3346321985274807,False
60,48.0,17,14,2.431888506774056,0.02652437295829108,0.8140972513452954,0.5873400370786335,0.10164458392029477,0.03815253931328066,0.3376899021132159,False
60,49.0,17,14,2.406471373115516,0.02789594555965155,0.805662792062773,0.5785316633860198,0.09842616580182544,0.037570536314736905,0.3376899021132159,False
60,50.0,17,14,2.3880964856234934,0.028907680122189423,0.7996251792698419,0.5722019043879402,0.09524884399368089,0.037075177383601075,0.3376899021132159,False
60,51.0,17,14,2.3771395933412776,0.029496269464461315,0.7961116856826954,0.5685097250968247,0.09218970596959501,0.03667462188127304,0.3376899021132159,False
60,52.0,17,14,2.373082947823953,0.029667662953098098,0.7949476459741048,0.5672851491721197,0.08931058560578199,0.036370176898799254,0.3376899021132159,False
60,53.0,17,14,2.3748525304723107,0.029480592301332206,0.7957668395914176,0.5681470132051828,0.08665705232010751,0.03615187761364171,0.3376899021132159,False
60,54.0,17,14,2.3811877096408107,0.029019158153910735,0.7981340164683165,0.5706356575767417,0.08426392307175616,0.03599786560988967,0.3376899021132159,False
60,55.0,17,14,2.390932098261265,0.028367235824599338,0.8016443483185725,0.5743209286121227,0.0821601405490443,0.03587858434000013,0.3376899021132159,False
60,56.0,17,14,2.403186939627757,0.02759253247337037,0.8059804205943231,0.5788641152094196,0.08036612446815476,0.0357636231327556,0.3376899021132159,False
60,57.0,17,14,2.4173050208638274,0.026743214800509747,0.8109162739343109,0.5840229513541687,0.07888556433674865,0.03562796390593028,0.3376899021132159,False
60,58.0,17,14,2.432736244507122,0.025856062962957765,0.8162672599416618,0.5895993380077976,0.07770154559407734,0.035455885138676486,0.3376899021132159,False
60,59.0,17,14,2.44880178717355,0.024969801084656493,0.8218098245053461,0.5953563192032482,0.07678412000910437,0.03524274373996852,0.3346321985274807,False
60,60.0,17,14,2.4645318603502306,0.02413396695107298,0.8272204113834466,0.6009563795617482,0.07610516911012982,0.03499517511417889,0.3346321985274807,False
60,61.0,17,14,2.4786929813443592,0.023406686024556762,0.8320807069449909,0.6059692502840293,0.07564880495278137,0.03472922589752113,0.3346321985274807,False
60,62.0,17,14,2.490040193229926,0.022842128099745573,0.8359628162282915,0.6099606902957265,0.07540948492540599,0.03446565416197215,0.3346321985274807,False
60,63.0,17,14,2.4976745456413316,0.022475491363707738,0.8385533540925237,0.6126177742818201,0.07538058143514809,0.034223215048542234,0.3346321985274807,False
60,64.0,17,14,2.501271230426258,0.02231551892180016,0.8397356356084736,0.6138286824980145,0.07554258909339527,0.034012836963266284,0.3346321985274807,False
60,65.0,17,14,2.501005476314808,0.022349920262105295,0.8395689353993402,0.6136580128371558,0.07585807897480014,0.03383582220054772,0.3346321985274807,False
60,66.0,17,14,2.497220622605525,0.022560754266340327,0.8381777565356967,0.6122328521148558,0.07627448715079503,0.03368684135295142,0.3346321985274807,False
60,67.0,17,14,2.490086454035577,0.022939862773257713,0.8356348740182622,0.6096239540941789,0.07673197834669006,0.033559293568103395,0.3346321985274807,False
60,68.0,17,14,2.4795132624963387,0.023493700146005204,0.8319286829349003,0.6058127150156107,0.0771733411321554,0.03344916895940161,0.3346321985274807,False
60,69.0,17,14,2.4653791426997747,0.024234463163373247,0.8270350211788202,0.6007648335918612,0.07755368910749973,0.03335495367289432,0.3346321985274807,False
60,70.0,17,14,2.447885325441637,0.025163810167046663,0.8210321682000818,0.5945497924537327,0.07784754644329617,0.033274133672194915,0.3346321985274807,False
60,71.0,17,14,2.427804428175977,0.026257851491181584,0.8141816169343149,0.5874279287792875,0.07805007633586511,0.03319921441566244,0.3376899021132159,False
60,72.0,17,14,2.406492254627085,0.027459470388985146,0.8069327976727879,0.5798606005956602,0.07816982892202033,0.03311642727356618,0.3376899021132159,False
60,73.0,17,14,2.3856227083388077,0.028683690751869405,0.7998385905570916,0.5724259691299411,0.07821374477383054,0.03300846718583741,0.3376899021132159,False
60,74.0,17,14,2.366690495616688,0.02984047294431949,0.7933947729983925,0.5656505150040522,0.07816974043581781,0.032859654741985815,0.3376899021132159,False
60,75.0,17,14,2.3504938016877897,0.03086798779544514,0.7878709960985391,0.5598269997286223,0.07799435172185164,0.03265934728461752,0.3434319171943565,False
60,76.0,17,14,2.3369195170901254,0.03175507033962823,0.7832386660218984,0.55493326844883,0.07761035905332977,0.03239929098221707,0.35002662605677387,False
60,77.0,17,14,2.3251967772846345,0.0325348139746983,0.7792514857188603,0.5507143639323238,0.07691398183021399,0.03206425925094684,0.353395393173447,False
60,78.0,17,14,2.3144521664021496,0.03325392435716877,0.7756254846257626,0.5468726458523044,0.07578746128224022,0.031621060125290895,0.35659527395772467,False
60,79.0,17,14,2.3042030975691405,0.03394062024354626,0.7721998897400207,0.5432392293344203,0.07411293039649078,0.031014110402472823,0.3616505835675965,False
61,0.0,17,14,-0.8635772225427144,0.4031257734760688,-0.3174995772774819,0.1361645063394328,0.3668509744076894,0.6448618559507205,0.631764271865481,False
61,1.0,17,14,-0.8187062426815301,0.4273625337040775,-0.30098193713258214,0.1272151728325859,0.3301128965247041,0.5370155169911339,0.6427654938431963,False
61,2.0,17,14,-0.7510654776550191,0.4656356887543647,-0.2760650832846419,0.11467979556331499,0.2957473653583497,0.43827743981772993,0.6645612449064328,False
61,3.0,17,14,-0.6455087012964457,0.5294332349226385,-0.23715587179493985,0.09741177847820964,0.2653766638593821,0.3532242127448511,0.7037741401329695,False
61,4.0,17,14,-0.4735642945894398,0.6432159923908596,-0.17376872568965476,0.07519682791090412,0.2399126918558157,0.28402857582034946,0.772043010633468,False
61,5.0,17,14,-0.18428990714171262,0.8562977216037774,-0.06738802079898337,0.05374546830097497,0.2196372507272013,0.23093269311674955,0.9064191138828459,False
61,6.0,17,14,0.292989165402469,0.772946414099559,0.10612455465049116,0.05931902247501001,0.204216026349599,0.1925218817949025,0.8543091945310916,False
61,7.0,17,14,0.9596762501511131,0.3464423265899115,0.34071107860321437,0.14960282665177815,0.19283965244093176,0.16619567936726126,0.5977681990874191,False
61,8.0,17,14,1.5655205572531699,0.1283734596657559,0.5429652422835896,0.30703407118772785,0.1845585206495764,0.1489218753253839,0.4532502276551417,False
61,9.0,17,14,1.8414781216684724,0.07704223221822286,0.6306700455123794,0.39357916822344313,0.17866708312588173,0.13799005522679786,0.391185760243823,False
61,10.0,17,14,1.8396330049490544,0.07792668715968219,0.6278333706305265,0.390664948891475,0.17490194510819443,0.1314288254156201,0.391185760243823,False
61,11.0,17,14,1.7038087312794403,0.10116546775606364,0.5810708916493669,0.34363878616302457,0.1733202019032984,0.1279896128837074,0.4334699463685022,False
61,12.0,17,14,1.5307894265414266,0.13889166128202793,0.5216593621177958,0.28736941537746463,0.17391928366350812,0.12684666697469224,0.4538520427582829,False
61,13.0,17,14,1.373702171669962,0.18253157903836584,0.467460308903591,0.24031911330514033,0.17621354249815882,0.1272492019290842,0.472500851748004,False
61,14.0,17,14,1.2518260607654483,0.22336623279371823,0.4252436952560282,0.20694439358117547,0.17902130160293184,0.1283085154294786,0.5132194590651368,False
61,15.0,17,14,1.1642162723489007,0.2567668442641695,0.39486122504820975,0.18484006579403364,0.1806200996492091,0.1289907630016968,0.5362837254336592,False
61,16.0,17,14,1.1029832725408677,0.28214881985633083,0.3737077018787874,0.17043238817636144,0.17923500308104878,0.12827891644989484,0.5578776194883905,False
61,17.0,17,14,1.0604352641481394,0.30070031865416197,0.35919239764910305,0.16102089855324142,0.17363708397986055,0.1254039994909314,0.5702738934179514,False
61,18.0,17,14,1.0312741465379056,0.3137355425197577,0.3495162935039326,0.15496364390153164,0.163565735408413,0.12003684747517226,0.5826493215858729,False
61,19.0,17,14,1.012752179946915,0.3220069182857203,0.34373860347649376,0.15142976613561315,0.14979253206041387,0.11236354258963499,0.5873741831921934,False
61,20.0,17,14,1.0046796982335704,0.32536109573524397,0.34178870836782443,0.1502511570648689,0.13383793854649317,0.10301838131072737,0.5882030909716951,False
61,21.0,17,14,1.0102207156031193,0.32223575213651,0.34475242922860055,0.1520453692847314,0.11750284236393148,0.09290083355822427,0.5874979837779075,False
61,22.0,17,14,1.0376733455707208,0.3089816967357383,0.3554939123912098,0.1586851294849819,0.10241051754887256,0.08294317316189954,0.5774073976819136,False
61,23.0,17,14,1.1019295665582227,0.28010714311626456,0.3791242226712602,0.1740437428703385,0.0896955637964286,0.07390775111401131,0.555627624506437,False
61,24.0,17,14,1.2213380390234272,0.2320705517794597,0.4217799876086859,0.20434178149759677,0.07989076577921328,0.06627049685434735,0.5207682266882901,False
61,25.0,17,14,1.4052364103215191,0.17075388331070895,0.4861439571901173,0.2560289790626502,0.07299199830126414,0.0602039879250098,0.4660109598483706,False
61,26.0,17,14,1.6394146739696962,0.11217606043254688,0.566629438587313,0.3295637178916125,0.06863445707734994,0.05563558928356017,0.44264461086039397,False
61,27.0,17,14,1.8901540542946818,0.0692197084955386,0.6514425982020745,0.4150947625408098,0.0662944766817287,0.05234045248850363,0.37756204633930146,False
61,28.0,17,14,2.125779555261586,0.042880705786108184,0.7301302923349964,0.49841726259216323,0.06544532818006982,0.050033307745156914,0.37167427069695336,False
61,29.0,17,14,2.3287466803350036,0.028009593989649768,0.7971726338783182,0.5696252757677777,0.06563499657958871,0.04843617422251882,0.3376899021132159,False
61,30.0,17,14,2.4924942564020185,0.019799455484046234,0.8506278020783501,0.6249310072760501,0.06649610250558047,0.047313996202593196,0.3346321985274807,False
61,31.0,17,14,2.616793649799886,0.015264035830447189,0.890619396122373,0.6647512316929531,0.06772200821651471,0.04648325295748309,0.3315980197648872,False
61,32.0,17,14,2.7064435844791364,0.012728088401205175,0.9189554713431066,0.6919139389183991,0.06904370505389981,0.04580614196500724,0.32308580943537474,False
61,33.0,17,14,2.7701578544099466,0.011250636614242656,0.9387288010001534,0.7102747561559708,0.07022692272163583,0.04518246726217885,0.32308580943537474,False
61,34.0,17,14,2.8181441216034466,0.010287977929737778,0.9534651595192087,0.7236150317711842,0.07108885259325694,0.044544909003255174,0.32308580943537474,False
61,35.0,17,14,2.859713763164206,0.009521739537748604,0.9663217416479005,0.7350017865156084,0.07151891052939732,0.043856468476249445,0.32308580943537474,False
61,36.0,17,14,2.9020002802752254,0.00877401260972361,0.9796881045688979,0.7465817036160742,0.07148557950243349,0.04310607095291032,0.32308580943537474,False
61,37.0,17,14,2.9494261423067205,0.00796811446558919,0.9950360391158918,0.759542564341379,0.07102205995089404,0.042300142212782096,0.32308580943537474,False
61,38.0,17,14,3.00332113819561,0.00710837220075961,1.012797538414754,0.7740790637173708,0.0701982338235712,0.04145183977633602,0.32308580943537474,False
61,39.0,17,14,3.061860914114506,0.006254578263914736,1.0323279040502118,0.7894730671574625,0.06909347377436477,0.040572159471425506,0.32308580943537474,False
61,40.0,17,14,3.1208070041048352,0.005483649101086278,1.0521340964599453,0.8044368233391375,0.06778024374216439,0.03966650083949018,0.32308580943537474,False
61,41.0,17,14,3.1748579437396915,0.004855714858719711,1.0703306605457599,0.817598541520687,0.0663190436023443,0.03873711446682284,0.32308580943537474,False
61,42.0,17,14,3.2188099728746504,0.004402239315405972,1.0850655559410927,0.8278402235592736,0.06475992232741429,0.03778851418416896,0.32308580943537474,False
61,43.0,17,14,3.2482359051408514,0.004132315784020177,1.0947973079476487,0.8343989058814587,0.06314637179468996,0.03683155998919847,0.32308580943537474,False
61,44.0,17,14,3.26026298036333,0.004041488264425375,1.0985804616467696,0.8369043132859231,0.06151945374006242,0.03588318069160612,0.32308580943537474,False
61,45.0,17,14,3.2547551993874886,0.004113904387125385,1.0964419682947875,0.8354911330963242,0.059920221628074456,0.03496180975034534,0.32308580943537474,False
61,46.0,17,14,3.235059206176664,0.004318985414515162,1.0895827995882321,0.8309049734025633,0.05838838103774564,0.03408174734353833,0.32308580943537474,False
61,47.0,17,14,3.207161005752732,0.004610070396193653,1.0800559969200092,0.8244002437937671,0.05695716017355718,0.033250677736849595,0.32308580943537474,False
61,48.0,17,14,3.1772715532908697,0.004933666013059931,1.0699515292554829,0.8173300909583459,0.05564752411418603,0.03247231837235097,0.32308580943537474,False
61,49.0,17,14,3.1493011329302085,0.00524961331005604,1.060567871133863,0.8106073270346624,0.05446583730639038,0.031751997985907346,0.32308580943537474,False
61,50.0,17,14,3.1238623415607742,0.005548212585819864,1.0520938174377608,0.8044070633914412,0.0534066459810574,0.03110026718643622,0.32308580943537474,False
61,51.0,17,14,3.099215972339168,0.005849067870173971,1.0439274010617121,0.7983166413148787,0.05245875511679278,0.03053102837617735,0.32308580943537474,False
61,52.0,17,14,3.0731670515601803,0.00618353325482688,1.0353074233618091,0.791766158059697,0.05161119870860131,0.030055146097646195,0.32308580943537474,False
61,53.0,17,14,3.0445152962572557,0.006576224415354166,1.0258008455023453,0.7843981972620818,0.050856602311602044,0.02967410229213699,0.32308580943537474,False
61,54.0,17,14,3.01335459089967,0.007037139437315868,1.0154114302158808,0.7761755564101188,0.050191188243064164,0.029377850009888302,0.32308580943537474,False
61,55.0,17,14,2.980500853880704,0.007564552202076553,1.004398365860679,0.7672677422986562,0.049611943801236146,0.029147372731696108,0.32308580943537474,False
61,56.0,17,14,2.946840842944627,0.00815133665810789,0.9930628972257237,0.7578968040419207,0.049112450013836455,0.028959315089596465,0.32308580943537474,False
61,57.0,17,14,2.9131856819283453,0.008786684527335038,0.9816929682658043,0.7482953647224126,0.04867996348500225,0.028790117336874307,0.32308580943537474,False
61,58.0,17,14,2.880518054323816,0.009451863406223414,0.9706342226208678,0.7387670921407177,0.04829663585464636,0.02861935720861302,0.32308580943537474,False
61,59.0,17,14,2.850031932070716,0.010117974810749452,0.9602997089900054,0.7296980475638414,0.047945809603005804,0.028433258757401273,0.32308580943537474,False
61,60.0,17,14,2.8226778897331433,0.010753937270375834,0.9510243591170519,0.7214264509093393,0.04762058461985238,0.0282279725795844,0.32308580943537474,False
61,61.0,17,14,2.79867359258036,0.011340075439276221,0.9429040230212193,0.7140850030979599,0.04732915381647827,0.028010146762114198,0.32308580943537474,False
61,62.0,17,14,2.777636600172977,0.01187162854872066,0.93582942558757,0.7076148732312965,0.047092402192847584,0.02779264581830484,0.32308580943537474,False
61,63.0,17,14,2.759330701730078,0.012345438566243417,0.9297202308090832,0.7019734190430593,0.046933602278454,0.027586664356340045,0.32308580943537474,False
61,64.0,17,14,2.74420644683368,0.012745868780908335,0.9247000434996515,0.6973007611637818,0.0468647322966556,0.027394944127529464,0.32308580943537474,False
61,65.0,17,14,2.7329472423815737,0.013053676756539697,0.9209542131268144,0.6937929867209295,0.046876122346258556,0.027210727333790964,0.32308580943537474,False
61,66.0,17,14,2.725232905863779,0.013278313165308085,0.9183344409992465,0.6913290686831068,0.04693485906486845,0.027023079365433862,0.32329805967706643,False
61,67.0,17,14,2.71884560598188,0.013483525058128174,0.91607510152966,0.6891971879774329,0.046993379078604035,0.026824669339277914,0.32671618410079806,False
61,68.0,17,14,2.710060318174622,0.013777674249470151,0.9129295268297025,0.686218461065467,0.0470046964119399,0.026616804795139233,0.3297337739176818,False
61,69.0,17,14,2.6952316381421992,0.014272686980719013,0.9076978871780963,0.6812373773100657,0.04693723124082263,0.026409062308386872,0.3297337739176818,False
61,70.0,17,14,2.6726298586398807,0.015036408614571827,0.8998353683614853,0.6736895998452603,0.04678244236704578,0.026214487516834733,0.3311443223639877,False
61,71.0,17,14,2.6435002399284113,0.016055774565125813,0.8897999112827542,0.6639517969088246,0.04655245726678358,0.0260431965655653,0.3346321985274807,False
61,72.0,17,14,2.6118468494236553,0.017219078673199054,0.8789707240570266,0.6533189934350809,0.04626998436335414,0.02589700456176648,0.3346321985274807,False
61,73.0,17,14,2.5830793184233216,0.018330939571365577,0.8691845892704819,0.6436049221363085,0.045955651568184076,0.025766874534866886,0.3346321985274807,False
61,74.0,17,14,2.562101869648247,0.01917350250586872,0.8620904395323544,0.6365037989148351,0.04561728302534068,0.02563408939284037,0.3346321985274807,False
61,75.0,17,14,2.551615046967883,0.019598205085691288,0.8585848581690245,0.6329771835661775,0.04524304810676698,0.02547442096433935,0.3346321985274807,False
61,76.0,17,14,2.5513380705727298,0.01959243366791427,0.858562245053318,0.632954397898181,0.04479845749460248,0.02526247744230392,0.3346321985274807,False
61,77.0,17,14,2.558503458851634,0.01926939353104943,0.8610897512046547,0.6354982714202494,0.04422703535960938,0.02497292410358836,0.3346321985274807,False
61,78.0,17,14,2.569363459554161,0.018790541637257376,0.8649143292234434,0.6393362522672965,0.04345522422750388,0.024577773173571023,0.3346321985274807,False
61,79.0,17,14,2.5808863323583626,0.01828206972835951,0.8690262463205312,0.6434469553521177,0.042401942231596504,0.02404269953388575,0.3346321985274807,False
62,0.0,17,14,0.3102433925187135,0.7586636694872055,0.10891846064926922,0.05981892663159949,0.717105971665988,0.6266935086904445,0.8474434605974104,False
62,1.0,17,14,0.3938681894583084,0.6966022262150837,0.13791013646486747,0.06579356558841616,0.6236121285969648,0.5317554428628187,0.8070977517526486,False
62,2.0,17,14,0.4979231523982891,0.6223021458544054,0.17373273985950283,0.07518626012318688,0.535981244792201,0.4458459512932126,0.761078091508421,False
62,3.0,17,14,0.6205089288574912,0.5397779292879539,0.21555953672226824,0.0890280825966813,0.45768392726270823,0.3725819833257727,0.7099375687920897,False
62,4.0,17,14,0.7544231031321345,0.45680961923861585,0.2607884519741653,0.10756605501958325,0.3905356451056247,0.31323977920385293,0.6604243404786464,False
62,5.0,17,14,0.884414125926291,0.3841897967672695,0.30429339119364607,0.1289684310728884,0.33525842558832114,0.2674117459685574,0.6192250002261075,False
62,6.0,17,14,0.9892863447082954,0.3315201728223094,0.33928601003017034,0.14874879258916796,0.29168311268965197,0.2335131301392193,0.5914667282866679,False
62,7.0,17,14,1.053470528687594,0.301799230625294,0.3609724610546014,0.16215412663450404,0.25889017766856837,0.20935266011616926,0.5716152282418195,False
62,8.0,17,14,1.0789059395889236,0.29039722607783636,0.370050145791879,0.1680242702176571,0.23549289865604445,0.19273012625847777,0.5627074276940773,False
62,9.0,17,14,1.079753597031038,0.2898550011834667,0.37090005645730945,0.16858165203068176,0.2200237704818321,0.1818463346682679,0.5622788196927455,False
62,10.0,17,14,1.0663684931618163,0.29569685358839143,0.366494147530598,0.1657066378346087,0.2112327985691065,0.17540357690524305,0.566658609157982,False
62,11.0,17,14,1.0403059003936266,0.307597351683511,0.35694390397743986,0.15959784618270215,0.20814672192901154,0.17247701007953395,0.5761020633537329,False
62,12.0,17,14,1.0030605740121132,0.32537901143434245,0.3428497219105691,0.1508916053211982,0.20987795976714801,0.17231679524546414,0.5882030909716951,False
62,13.0,17,14,0.9617250999944239,0.3460168551927725,0.3272454382763673,0.14168426379190063,0.21529333595578298,0.17417765293595755,0.5977681990874191,False
62,14.0,17,14,0.9236451439862449,0.36573451443650795,0.31314229811375327,0.1337541493099309,0.22272159904941793,0.17719340345510584,0.6085104069158791,False
62,15.0,17,14,0.8914961587428154,0.3827832123055308,0.3015594832542954,0.12751947978472747,0.22989360041339446,0.1803040660400786,0.6184452497060272,False
62,16.0,17,14,0.8643229365292057,0.39738813613860413,0.29207920613248795,0.1226032403602389,0.2342415703304044,0.18227965964527656,0.6286365995412947,False
62,17.0,17,14,0.8400837932680217,0.4105201538939852,0.28390231060695637,0.11849773681839801,0.23351605863171052,0.18189141333112605,0.6345716060615669,False
62,18.0,17,14,0.816935254076562,0.4231518363981934,0.2763419311268405,0.11481271409933307,0.22647590456799377,0.17821403050812964,0.6398695635904276,False
62,19.0,17,14,0.7933177761201984,0.43616658367205374,0.26885056148044045,0.11126626448155535,0.21330941111120197,0.1709393078803572,0.6469333671886848,False
62,20.0,17,14,0.7672897927288113,0.45073809000930753,0.26077826580274027,0.10756145616227765,0.19555488365506934,0.16053073119465774,0.6548630653349409,False
62,21.0,17,14,0.7353391340104349,0.46909701002400706,0.2509403027598692,0.10320941855962208,0.17555400606338523,0.14810967528811997,0.6680464901120552,False
62,22.0,17,14,0.6914033279407455,0.49533032969543167,0.2372149233553237,0.09743587049499201,0.15571147563887106,0.13510699903005335,0.6817216989800589,False
62,23.0,17,14,0.6287479928253022,0.5345848268902956,0.21706822306773088,0.08958616558356329,0.13789070484808671,0.12284073946105363,0.7077245935190675,False
62,24.0,17,14,0.5479030995108681,0.5879617286169077,0.1902741721194428,0.08028611245151887,0.12314030638881619,0.1122047412052867,0.7400868621397517,False
62,25.0,17,14,0.4644736686919544,0.6457809587507826,0.16195453264522908,0.0718501259829978,0.11174526606123159,0.10356845734563727,0.7732801216687917,False
62,26.0,17,14,0.4023045565113493,0.6904241084764462,0.14050882872832346,0.06639970753650593,0.10346519937773255,0.09686605648364008,0.8033911050778042,False
62,27.0,17,14,0.3782443107832268,0.7080152443366637,0.13207380379158115,0.06447477932301562,0.09780516647729989,0.09177588953231737,0.815260870792046,False
62,28.0,17,14,0.39707890144139585,0.6942203510635769,0.13845997429435375,0.06592084009943744,0.09422071510905514,0.0878906200610766,0.8058200297928207,False
62,29.0,17,14,0.4555372995777865,0.6521154689090691,0.15853087648497308,0.07092614046686717,0.09222611510944657,0.08482672078303091,0.7775400906793727,False
62,30.0,17,14,0.5465966293838891,0.5888493867785123,0.18978252405937432,0.08012751001717662,0.09142017040692663,0.08227255971677407,0.7408389688875942,False
62,31.0,17,14,0.6615724357118439,0.513527718005863,0.22912579814948705,0.09419512285425762,0.09146500785437986,0.07999872844996805,0.6946587620918035,False
62,32.0,17,14,0.7910622839662659,0.435500757418671,0.2732470949804275,0.11333495376345123,0.09205608444482058,0.07785282913819727,0.6467288287757651,False
62,33.0,17,14,0.925855170795744,0.36253327604458185,0.3189465658950217,0.1369728067702121,0.09290984724087949,0.0757489079057809,0.606818662049417,False
62,34.0,17,14,1.057993308935949,0.29945803503384844,0.36351417729246915,0.16378240257138374,0.09377438752088152,0.07365289425721926,0.5691057679376305,False
62,35.0,17,14,1.1815846196782374,0.24800164458041063,0.4050001022918113,0.19203338305219284,0.09444999243998087,0.07156428508676678,0.5276645374942022,False
62,36.0,17,14,1.2930430385631613,0.20762415339184498,0.4422732086868681,0.220043427408727,0.0948023176844784,0.06949748265629001,0.4967667785597774,False
62,37.0,17,14,1.3907775340851405,0.17665671908671288,0.4748852033985776,0.24649549535070311,0.09476090799059884,0.06746809209443484,0.4686051916826489,False
62,38.0,17,14,1.4745429086710946,0.15318973831975538,0.5028237458939345,0.27051435993665723,0.0943080296587846,0.06548745399975406,0.45897403691637423,False
62,39.0,17,14,1.544685436067004,0.1355644072743603,0.5262422919016386,0.2915470677121227,0.09346625267486318,0.06356433841407955,0.4538520427582829,False
62,40.0,17,14,1.6014862538599983,0.12255182580492334,0.54523948412959,0.30916882433656545,0.0922883641981273,0.06170957414900752,0.44927341787840686,False
62,41.0,17,14,1.6447542198796907,0.11335182230139577,0.5597363481893011,0.32293027751190995,0.09084816042725319,0.05993939037579563,0.4447171312552054,False
62,42.0,17,14,1.67376362929583,0.1075111981106819,0.5694731757413399,0.3323166106933786,0.08923040024015771,0.05827542329956159,0.4404672051291093,False
62,43.0,17,14,1.6875930410157243,0.10481131696728525,0.5741327827915113,0.336847425686918,0.08752059511841484,0.05674149860485706,0.4400947712762131,False
62,44.0,17,14,1.6858280841507862,0.10513843548117051,0.5735734014661755,0.33630220533538213,0.08579645677167858,0.0553584640184006,0.4400947712762131,False
62,45.0,17,14,1.6693715090999799,0.10834069848712102,0.5680928912538837,0.33097924900822434,0.08412206336639874,0.05413890847320583,0.4404672051291093,False
62,46.0,17,14,1.6408934153173655,0.11409315337590503,0.558578051601345,0.3218211901443239,0.0825448215433075,0.05308373908243635,0.4447293241154772,False
62,47.0,17,14,1.6045404681233169,0.12182133621860523,0.5464117837261523,0.31027182530485886,0.08109502782303271,0.052181832791322116,0.44927341787840686,False
62,48.0,17,14,1.5649755798792557,0.13073741748141507,0.5331540140012918,0.29790238222912624,0.07978783707795817,0.05141248072403132,0.4538520427582829,False
62,49.0,17,14,1.5262815993745076,0.1399866708331892,0.52017055605716,0.28601859852053274,0.07862724676926171,0.050749264130871184,0.4538520427582829,False
62,50.0,17,14,1.4913090045906838,0.14881839800565166,0.508408511955521,0.2754580500205467,0.07761136874668992,0.05016411142423329,0.4558017319184544,False
62,51.0,17,14,1.4616797604788327,0.15667357662150536,0.49839636942075544,0.2666282120307465,0.07673789064852449,0.04963092703434858,0.4614997159102095,False
62,52.0,17,14,1.4382357774607346,0.16315556821007268,0.49040013001210564,0.2596847177602794,0.07600811707694057,0.04912831608084044,0.4645785671066477,False
62,53.0,17,14,1.4215300747575044,0.16794903299770048,0.4845967106631155,0.2547069929767661,0.07542753326479357,0.048640701197434084,0.46517824412467296,False
62,54.0,17,14,1.4120360902030455,0.170787228555029,0.4811496622928893,0.25177528706042046,0.07500135492711524,0.04815755779969144,0.4660109598483706,False
62,55.0,17,14,1.4099834306875791,0.17151792272196975,0.4801534733394015,0.2509315170475859,0.07472583529221433,0.04767171712127477,0.4660109598483706,False
62,56.0,17,14,1.4149823917049915,0.17022550106386478,0.4815028000865796,0.25207477026924785,0.07457947415669604,0.047178435273795234,0.4660109598483706,False
62,57.0,17,14,1.4257437914937938,0.16730401516910934,0.484793309233852,0.2548747616531154,0.07452016470742553,0.046676165185576206,0.46517824412467296,False
62,58.0,17,14,1.440136672789848,0.16340298330459765,0.48933735151525354,0.2587692399306587,0.07449222477049174,0.046168340650240905,0.46497806049197654,False
62,59.0,17,14,1.4555891524921805,0.15926708324786754,0.4942951764809832,0.26305476948762774,0.07444144917770322,0.04566448025935215,0.46185621379128444,False
62,60.0,17,14,1.4696244749816338,0.15556412249364965,0.4988502911679117,0.26702528829421934,0.07433060646566807,0.04517914294859924,0.4606145309863377,False
62,61.0,17,14,1.4803164581783357,0.15277453046380232,0.5023569407078555,0.2701032349813679,0.07414694657298303,0.044728282451937655,0.45886986504026445,False
62,62.0,17,14,1.4865958816947211,0.15114412473768407,0.5044396642989019,0.27194003891176605,0.07389863406690197,0.04432393940183188,0.45751735055731396,False
62,63.0,17,14,1.4884154252985076,0.15067034969287682,0.5050510882316298,0.2724804924387732,0.07360457841592127,0.04396963749288293,0.45751735055731396,False
62,64.0,17,14,1.4866970330341136,0.15112300872804268,0.5044634217644376,0.27196102840031694,0.07328566971726878,0.043659306655900045,0.45751735055731396,False
62,65.0,17,14,1.4829403672029384,0.15213159841812363,0.5031492707903097,0.2708012487420197,0.07296212869189003,0.04338096030534625,0.4584048785785354,False
62,66.0,17,14,1.4785509011394367,0.1533421305431855,0.5015653363905473,0.2694067966282097,0.0726548198124652,0.043123306904682523,0.45897403691637423,False
62,67.0,17,14,1.4742088879163768,0.15457643488348158,0.4999433005504314,0.26798269209229625,0.07238440528433082,0.04288137742060084,0.4606145309863377,False
62,68.0,17,14,1.4696603736565979,0.1558932107040728,0.4982167081808631,0.2664711360205359,0.07216491737624936,0.04265791496714475,0.4606145309863377,False
62,69.0,17,14,1.4640900322579682,0.15749832680690315,0.4961400098557364,0.2646590449411595,0.07199517405174513,0.0424599860214685,0.4614997159102095,False
62,70.0,17,14,1.4568776413553735,0.1595503483527079,0.49353489368065484,0.26239513466275777,0.07185562682420668,0.042292806406982665,0.4621458366078436,False
62,71.0,17,14,1.4482751184683957,0.16197960641161918,0.49050959013022505,0.2597791057940982,0.07171503064657851,0.04215379019779664,0.46418795885475583,False
62,72.0,17,14,1.4395711046587085,0.16443369257846374,0.4875075754164972,0.25719716593479086,0.07154319923569387,0.04202948173771111,0.46508535341265483,False
62,73.0,17,14,1.4326354222615323,0.16638954935924452,0.4851517064013298,0.25518075779190696,0.07132049581173479,0.04189670531730745,0.46517824412467296,False
62,74.0,17,14,1.4291098270644198,0.16737918712101046,0.48397459067035975,0.2541765015633205,0.07103662466758541,0.041727053090243264,0.46517824412467296,False
62,75.0,17,14,1.429685764300138,0.1672079867730346,0.4841829647913666,0.25435411789519846,0.07067865423311709,0.041491535204161004,0.46517824412467296,False
62,76.0,17,14,1.4338318428925763,0.16604064308295197,0.48557591411497913,0.25554320180420237,0.0702147040201809,0.041161667026337286,0.46517824412467296,False
62,77.0,17,14,1.4400772026267692,0.16430926884366936,0.4876487210908531,0.2573182480500126,0.06958118360167659,0.04070557346748217,0.46508535341265483,False
62,78.0,17,14,1.4466449295192656,0.1625160601583516,0.4898085818905903,0.259174942670315,0.06867873105455627,0.0400815253509953,0.46433160045243316,False
62,79.0,17,14,1.4520534038993005,0.1610605516812856,0.49157184840510487,0.2606960555704698,0.06737856932267886,0.03923381816156059,0.4637119708175286,False
