channel,freq_hz,n_day,n_night,t_stat,p_value,power
15,48.0,17,14,3.813698137010901,0.0011554627484031451,0.9231149614367777
15,49.0,17,14,3.811612834232474,0.0011670485707210268,0.9226941551245965
15,47.0,17,14,3.8043958825451,0.0011733661430733701,0.9220965733487388
15,50.0,17,14,3.801488346249057,0.0011998424717438616,0.9212495051187947
15,46.0,17,14,3.780979676678696,0.0012293824064985206,0.9192483536790271
15,51.0,17,14,3.7874493763692363,0.0012439837873440948,0.919281665283371
15,52.0,17,14,3.7738640104079764,0.0012882727942840394,0.9173403994174825
15,59.0,17,14,3.7897466864856124,0.0012965929480671249,0.9181777764022494
15,58.0,17,14,3.7856391434802528,0.0013032747556267089,0.9177511456063159
15,60.0,17,14,3.78657512551988,0.0013078801450202042,0.9177073502687043
15,57.0,17,14,3.777674844986068,0.0013187921289358445,0.9168641589132375
15,53.0,17,14,3.764285217122778,0.001322708856510712,0.915895651971294
15,56.0,17,14,3.7690919163501744,0.0013348306067669118,0.9159233093358806
15,45.0,17,14,3.7411399831918426,0.0013349657117402904,0.914132734477176
15,54.0,17,14,3.760558158014725,0.0013415289207180557,0.9152052860391329
15,55.0,17,14,3.76264142261569,0.001344342656041142,0.9152754364911829
15,61.0,17,14,3.77346182725613,0.0013453597348549746,0.9159720087684131
15,62.0,17,14,3.749804251947407,0.0014136218868109293,0.9128201151638883
15,44.0,17,14,3.6835598819995616,0.0015053789881080992,0.9062981061530412
15,63.0,17,14,3.7178506246463017,0.0015108675352027135,0.9084385273885524
15,64.0,17,14,3.6821875895117055,0.0016276843726575464,0.9033559607285618
15,65.0,17,14,3.6478810806181667,0.0017495916751291655,0.8982579940053995
15,43.0,17,14,3.6091972439303186,0.0017575404014302846,0.8954663277150842
15,66.0,17,14,3.6181125860588805,0.0018643737844888989,0.8936477126811111
15,67.0,17,14,3.5926152412484686,0.001970695696226016,0.8895399988538236
15,68.0,17,14,3.5679430137804817,0.0020810785886972278,0.8854232086899373
15,42.0,17,14,3.5219855047188333,0.0021047619979647045,0.8817768377742481
15,69.0,17,14,3.539612722850971,0.0022159085683815427,0.8805538219952768
15,70.0,17,14,3.504961210421966,0.002392039637233164,0.8744151991052317
15,41.0,17,14,3.4276979573028883,0.002551946871483084,0.8658520824290721
15,71.0,17,14,3.4649656467301257,0.002612028704429806,0.867074424500012
15,72.0,17,14,3.423835548566327,0.0028592339185684683,0.8592245591517588
15,40.0,17,14,3.3312132123927722,0.003099476044426131,0.8484793295218818
15,73.0,17,14,3.386720290516395,0.003102992715040159,0.8518626466893066
15,74.0,17,14,3.3571943394097103,0.003313129915630465,0.8457974812962511
15,75.0,17,14,3.336059126160778,0.0034745492093178334,0.8413142291890147
15,76.0,17,14,3.3217366073849632,0.0035915814151887115,0.8381713580875011
15,77.0,17,14,3.3114722511822174,0.003681549067099149,0.8358302095805124
15,78.0,17,14,3.3024446133246266,0.0037653313629954104,0.8337046947448286
15,39.0,17,14,3.2336424848755128,0.0037654217579532355,0.8299424305318247
15,79.0,17,14,3.292435101842814,0.0038608152492641055,0.8313196539539289
61,44.0,17,14,3.26026298036333,0.004041488264425375,0.8258437821424068
61,45.0,17,14,3.2547551993874886,0.004113904387125385,0.824218108102003
61,43.0,17,14,3.2482359051408514,0.004132315784020177,0.8234367903016951
61,46.0,17,14,3.235059206176664,0.004318985414515162,0.8193678695864149
61,42.0,17,14,3.2188099728746504,0.004402239315405972,0.8168268846716443
61,47.0,17,14,3.207161005752732,0.004610070396193653,0.8126103994134267
15,38.0,17,14,3.1305874756263288,0.004632032783545416,0.8092639948008651
61,41.0,17,14,3.1748579437396915,0.004855714858719711,0.8063963015530672
1,46.0,17,14,3.2248681154670424,0.004886495571185655,0.8101376163632809
1,47.0,17,14,3.2238307932471915,0.004918518387836734,0.8096112604618289
61,48.0,17,14,3.1772715532908697,0.004933666013059931,0.8053407640273499
1,45.0,17,14,3.211061728616272,0.005007256348071254,0.8071940668786686
1,48.0,17,14,3.209875564213623,0.005084972514436415,0.8060571881126003
61,49.0,17,14,3.1493011329302085,0.00524961331005604,0.79848614027743
1,44.0,17,14,3.182624907505079,0.005292672547045403,0.8007060435284692
1,49.0,17,14,3.1863656817970383,0.00536203325619258,0.8001756855332903
61,40.0,17,14,3.1208070041048352,0.005483649101086278,0.7929740942365864
61,50.0,17,14,3.1238623415607742,0.005548212585819864,0.7922144677536056
1,50.0,17,14,3.1568558171644914,0.005724769540170022,0.792713095703288
1,43.0,17,14,3.1417697299602834,0.0057484951175788765,0.7909591096033672
61,51.0,17,14,3.099215972339168,0.005849067870173971,0.7860932773199254
15,37.0,17,14,3.0121994886703627,0.005923252963127668,0.7836619285568712
1,51.0,17,14,3.1239677238704195,0.006154310130959897,0.7842374584007996
61,52.0,17,14,3.0731670515601803,0.00618353325482688,0.7795276071073186
61,39.0,17,14,3.061860914114506,0.006254578263914736,0.7777830592432469
1,42.0,17,14,3.0917967618532765,0.0063759978454199576,0.7784774372054603
61,53.0,17,14,3.0445152962572557,0.006576224415354166,0.7721359593623204
1,52.0,17,14,3.089105812936657,0.00664156661270393,0.7750622064187019
61,54.0,17,14,3.01335459089967,0.007037139437315868,0.7638631695871131
61,38.0,17,14,3.00332113819561,0.00710837220075961,0.7623023412274642
1,41.0,17,14,3.0358346574645236,0.0071767212417576795,0.7638161021047505
1,53.0,17,14,3.0531854360024426,0.007180413546146599,0.7654063635096282
8,79.0,17,14,2.9895812741736507,0.0071979061273798545,0.7603538361329499
8,78.0,17,14,2.9807187441932617,0.007328002116037125,0.7581084453684647
8,77.0,17,14,2.9711319099194395,0.007467704600448567,0.755720896886953
61,55.0,17,14,2.980500853880704,0.007564552202076553,0.7548711478565165
8,76.0,17,14,2.9621124845554134,0.0075984459614818044,0.7535104304490853
8,75.0,17,14,2.953704357885669,0.007719868832247149,0.7514795604964261
1,54.0,17,14,3.017702227455208,0.007752108939320205,0.7556696884894805
8,74.0,17,14,2.9448018114040195,0.007850227048415242,0.7493290287792015
61,37.0,17,14,2.9494261423067205,0.00796811446558919,0.7478941925579861
8,73.0,17,14,2.9338926292541436,0.00801577414379064,0.7466478158087964
15,36.0,17,14,2.8657029109534626,0.008140744418932686,0.7485349201028988
61,56.0,17,14,2.946840842944627,0.00815133665810789,0.7453866677000346
1,40.0,17,14,2.9758921377688288,0.00816010981807044,0.7473637883820148
8,72.0,17,14,2.9198504162503776,0.008238430966971548,0.7431221553239468
1,55.0,17,14,2.985092322493993,0.008314639355403223,0.7465497196574497
8,71.0,17,14,2.9023721180401605,0.008528105323826618,0.7386571568172164
61,36.0,17,14,2.9020002802752254,0.00877401260972361,0.7353096537194042
61,57.0,17,14,2.9131856819283453,0.008786684527335038,0.7356553969066967
1,56.0,17,14,2.9579122690214223,0.00881226807566255,0.7388269183098615
8,70.0,17,14,2.8820316034762654,0.008880058047378408,0.7334000498844636
28,34.0,17,14,2.922081514035827,0.008940732218395815,0.7344162426100235
39,50.0,17,14,2.855569783416723,0.008984402976002568,0.732256257955368
39,51.0,17,14,2.857250000765666,0.008987522802752303,0.7321278664835452
28,33.0,17,14,2.908851309745316,0.009035559877867326,0.7324493571853565
39,49.0,17,14,2.8464442764587705,0.00914514094561974,0.7300440478057619
1,57.0,17,14,2.9374530541744313,0.009204488125140776,0.7329476977971165
28,35.0,17,14,2.9127194831832535,0.009263387109494058,0.7301892543642252
8,69.0,17,14,2.8600317026268907,0.009276864992438693,0.7276779545162937
39,52.0,17,14,2.844544119163381,0.00929424171050806,0.7277020138419662
1,39.0,17,14,2.9126732293329343,0.009350641964320875,0.7292633821835792
39,48.0,17,14,2.835417300993545,0.009361434566154328,0.7270653614852828
61,58.0,17,14,2.880518054323816,0.009451863406223414,0.7259941570978922
1,58.0,17,14,2.922896849017748,0.00949253043312536,0.7287368203884778
61,35.0,17,14,2.859713763164206,0.009521739537748604,0.724364793699836
8,34.0,17,14,2.871948827719709,0.009551871669001686,0.7244022236200888
39,47.0,17,14,2.8247355262902296,0.009584666525380689,0.7240196506026451
28,32.0,17,14,2.8695176962649103,0.009646425661015593,0.7231705401348785
8,33.0,17,14,2.86316227637122,0.009656344280583646,0.7227821504886062
8,68.0,17,14,2.8376846837933094,0.009696232488331567,0.7218534944371767
1,59.0,17,14,2.9115869035887214,0.009721519377789102,0.7254504530407321
8,35.0,17,14,2.8663890519928454,0.009743221585037251,0.7218899904009908
39,46.0,17,14,2.813735144681112,0.00982324085667517,0.720812510715306
28,36.0,17,14,2.8878269849972225,0.009888916733034126,0.7217150313072238
1,60.0,17,14,2.9001382940963834,0.009958707855334143,0.7221046573164339
39,53.0,17,14,2.8132628812026717,0.010024107055268378,0.7176724595273871
8,36.0,17,14,2.853821057287242,0.010081344741865958,0.7173996540705293
39,45.0,17,14,2.8006363468019075,0.010111179388246109,0.7170299033547234
61,59.0,17,14,2.850031932070716,0.010117974810749452,0.7167990443043941
8,67.0,17,14,2.815808022412004,0.010122893872120625,0.7161517443510165
8,32.0,17,14,2.832130941893891,0.01024878936614,0.7145900141616905
1,61.0,17,14,2.8857582586233788,0.010264743885255957,0.7178729390583667
61,34.0,17,14,2.8181441216034466,0.010287977929737778,0.7138855918536792
8,37.0,17,14,2.8397944003826625,0.010452893116433154,0.7125553075166801
39,44.0,17,14,2.7845304211704143,0.010467920268905119,0.7124859611780818
8,66.0,17,14,2.794528993910694,0.010554785166623695,0.7105984452967052
28,37.0,17,14,2.856182616557694,0.010670644142638389,0.71143659386762
1,62.0,17,14,2.86725193536705,0.01067168233170268,0.7123852531306161
61,60.0,17,14,2.8226778897331433,0.010753937270375834,0.7084200748342783
8,38.0,17,14,2.8273407360800387,0.010789310278869863,0.7082666390992672
1,38.0,17,14,2.8459703703225263,0.010793063641799836,0.7094455865230551
39,43.0,17,14,2.7665105378247237,0.010870736045473537,0.7075455133068475
28,31.0,17,14,2.804343453828083,0.0108864995444818,0.7062874076085893
8,65.0,17,14,2.7738581702662946,0.010992854261162144,0.7051749909852149
39,36.0,17,14,2.7530613530094925,0.010993917870191031,0.7070565229396085
39,37.0,17,14,2.7507750169314185,0.011032972642544166,0.7066919913742161
8,39.0,17,14,2.8170612222560067,0.011071003764108345,0.7047421205757279
1,63.0,17,14,2.8453994963971248,0.011171731611416828,0.7058470744452094
39,54.0,17,14,2.766339308188625,0.011199396742882589,0.7025926071092689
39,38.0,17,14,2.742612861509854,0.011246830190316979,0.7040733294242499
61,33.0,17,14,2.7701578544099466,0.011250636614242656,0.7017526642746575
39,42.0,17,14,2.749515083095032,0.011250940238469486,0.7030879852541336
39,35.0,17,14,2.7439367178087535,0.011265215665711672,0.7035491678983424
28,45.0,17,14,2.818953879555094,0.011284330061693939,0.7026980078144034
8,40.0,17,14,2.8079471129200386,0.011315656889465729,0.7017122061887912
61,61.0,17,14,2.79867359258036,0.011340075439276221,0.7010066050953302
28,46.0,17,14,2.8118442209495877,0.011341374745530469,0.7016764122389043
8,64.0,17,14,2.7545961251201723,0.011419800761085352,0.7000755753708743
28,38.0,17,14,2.8259819563976736,0.011438544476643202,0.7017542221160392
28,44.0,17,14,2.8159662571251785,0.01146177742674856,0.7007712651923581
39,39.0,17,14,2.734720268052226,0.011480261646910312,0.701123736531596
39,41.0,17,14,2.7371432343125472,0.011516519907514221,0.7001644592975975
8,41.0,17,14,2.7984221847725332,0.011557531605275617,0.6987252112856909
39,40.0,17,14,2.732073423383435,0.011595424993467393,0.6995116160329152
8,31.0,17,14,2.771661753925635,0.011608045134790398,0.6972807465413149
28,47.0,17,14,2.7934076253359432,0.011675266388804508,0.6972642416944703
1,64.0,17,14,2.8226056341114436,0.011717183697948136,0.6989581081101045
28,43.0,17,14,2.806468728956171,0.011788261668809448,0.6970037262512426
8,63.0,17,14,2.738452571851114,0.011793480713567386,0.6957490752012351
8,42.0,17,14,2.7870582295406137,0.01183145953749901,0.6953556031316832
61,62.0,17,14,2.777636600172977,0.01187162854872066,0.6945137295512411
39,34.0,17,14,2.7197994259139286,0.011953056449097098,0.6951999271864533
28,39.0,17,14,2.803165274425806,0.012033655518387585,0.6945127331490968
8,62.0,17,14,2.726680369293822,0.01207911774308782,0.6925100894483096
28,42.0,17,14,2.79568287366151,0.012137280488952875,0.6929962841605423
8,43.0,17,14,2.772835881463639,0.012166545702806638,0.6912830313964907
1,65.0,17,14,2.801990380501219,0.012232821522801078,0.6926644965852484
39,67.0,17,14,2.7256769053000043,0.012276515642325755,0.6898269733120637
28,48.0,17,14,2.7644251584945736,0.012297643210183182,0.6895841875829816
8,61.0,17,14,2.7180156122370955,0.012306567888171,0.6899366896019848
15,35.0,17,14,2.6805741039517796,0.012327149311632497,0.6984211245340962
61,63.0,17,14,2.759330701730078,0.012345438566243417,0.6888966585932527
28,40.0,17,14,2.7907735236900884,0.012350506241943716,0.6907104822372577
1,73.0,17,14,2.7946698670046417,0.012356287573147584,0.6909756230716254
1,74.0,17,14,2.7936954860838643,0.0123629894417925,0.6908366915110953
28,41.0,17,14,2.7890306530809563,0.012365101879749369,0.6904448719917398
1,72.0,17,14,2.792897196093006,0.012420876332228385,0.690268404511009
1,75.0,17,14,2.7904675593943744,0.012430271543896355,0.6899863183341042
39,68.0,17,14,2.718925150798541,0.012482957088093896,0.6874399903449085
1,76.0,17,14,2.7858664730888,0.012537322003597641,0.688682302625801
1,71.0,17,14,2.7885241371287273,0.012551844912154698,0.6887753854224088
39,66.0,17,14,2.715334853959828,0.01255271708376666,0.6867160431555595
1,37.0,17,14,2.7751352902244038,0.012557929670298234,0.6876939972845444
8,44.0,17,14,2.7552207637966046,0.012584158993982,0.6863167103704575
8,60.0,17,14,2.707936865622533,0.012595939108424044,0.6866541846555527
1,66.0,17,14,2.786315422515858,0.012639819827992652,0.6878382779195606
1,77.0,17,14,2.781099558668172,0.012653609948673539,0.6872911889222609
39,55.0,17,14,2.7143402113459416,0.01266142042095747,0.6853390073494545
1,70.0,17,14,2.782612411717278,0.012721320933763802,0.6868337680426907
61,32.0,17,14,2.7064435844791364,0.012728088401205175,0.6849330893656188
1,78.0,17,14,2.7776862223776124,0.012738682869117689,0.6862837185018192
61,64.0,17,14,2.74420644683368,0.012745868780908335,0.6842708808496856
1,79.0,17,14,2.7772256415043377,0.012748787464445218,0.6861599340791747
1,69.0,17,14,2.777132957155227,0.012876934179408158,0.685058000952161
1,67.0,17,14,2.777157791156467,0.012883339457169051,0.6850060648523072
28,30.0,17,14,2.715560174400569,0.012933968754010474,0.6819429281247694
1,68.0,17,14,2.7745549938756167,0.012951501843006977,0.6842148577078284
61,65.0,17,14,2.7329472423815737,0.013053676756539697,0.6807929768504859
8,45.0,17,14,2.734301839188548,0.01309357916470516,0.6804396339244245
8,59.0,17,14,2.690706563783293,0.013110737478613193,0.6809349083672538
39,69.0,17,14,2.6962187313014416,0.013150460403181664,0.6800034005095442
39,33.0,17,14,2.6790177107830724,0.013156450367880945,0.6816139252621771
39,65.0,17,14,2.693489862715768,0.013191828552160504,0.6796355682862432
28,49.0,17,14,2.7266793431476906,0.013205491417398253,0.6790774756137368
61,66.0,17,14,2.725232905863779,0.013278313165308085,0.6783049588485885
61,67.0,17,14,2.71884560598188,0.013483525058128174,0.6760761292413545
8,46.0,17,14,2.7109349728919314,0.013685146199509082,0.6738613030609016
61,68.0,17,14,2.710060318174622,0.013777674249470151,0.6729315052366059
8,58.0,17,14,2.6633397156312606,0.01396206208953397,0.6718529501509531
39,64.0,17,14,2.669324454690739,0.013968682407284787,0.6712949823991854
39,56.0,17,14,2.6700730302701583,0.014077504415659185,0.6699221643083915
39,70.0,17,14,2.6644691751463796,0.014124683671269764,0.6696721460458692
20,39.0,17,14,2.6423619409292654,0.014136771568052875,0.6722465785089293
8,30.0,17,14,2.6762764099069347,0.014197341454799253,0.6683458749696378
61,69.0,17,14,2.6952316381421992,0.014272686980719013,0.6677377632486937
8,47.0,17,14,2.686622733146807,0.014327839497807178,0.666998279109948
20,40.0,17,14,2.634820502795644,0.01435481673789812,0.6702147888502906
28,50.0,17,14,2.6820553808858287,0.014393140924978174,0.66628729245705
20,38.0,17,14,2.628882383952667,0.01457666214942533,0.6678351674228886
39,63.0,17,14,2.6503696964852463,0.014655782153615234,0.6641133089593467
1,36.0,17,14,2.6994922972126765,0.014744831989011612,0.6637443054361744
8,48.0,17,14,2.6629526309907328,0.01497967682103811,0.6603205253669427
39,32.0,17,14,2.620588963143676,0.01502428064491436,0.6624979302284002
61,70.0,17,14,2.6726298586398807,0.015036408614571827,0.6599645721083155
39,57.0,17,14,2.641445640017303,0.015115665258576988,0.6592807047621501
8,57.0,17,14,2.628591877073701,0.015116403719177007,0.6601861323301204
39,62.0,17,14,2.638994812117,0.015142481936166423,0.6590970437042197
39,71.0,17,14,2.6324339711862743,0.015165626365050564,0.6592413146175063
20,41.0,17,14,2.6086757855543317,0.015177448108349437,0.6625150827357069
61,31.0,17,14,2.616793649799886,0.015264035830447189,0.6596705882505376
39,61.0,17,14,2.6329635010504386,0.015456510263850799,0.6558866854533604
8,49.0,17,14,2.640797984258798,0.01561041618284746,0.654116400382008
39,58.0,17,14,2.6286240259676386,0.015647761307498155,0.65399488573935
39,60.0,17,14,2.629016246191874,0.015667311452476722,0.6537716310214599
39,59.0,17,14,2.626472322061765,0.015771225444948002,0.652761859446078
28,51.0,17,14,2.6322677611667817,0.01585472613041244,0.651780992419996
20,37.0,17,14,2.5908614467159503,0.01585748233436936,0.655738026974092
39,72.0,17,14,2.6064433830123193,0.016047350001621188,0.6508699425969214
61,71.0,17,14,2.6435002399284113,0.016055774565125813,0.650027464948991
28,29.0,17,14,2.604278947785436,0.016140662427935493,0.6499625553285632
8,50.0,17,14,2.6199159189489136,0.016218845260037303,0.6483670775352114
8,56.0,17,14,2.59440185724548,0.016355964336543124,0.6483425393886377
39,73.0,17,14,2.587901112794514,0.01667448718371934,0.6452184542469188
20,42.0,17,14,2.564767518174393,0.0166745541968001,0.6493190834165009
8,51.0,17,14,2.5996059783451186,0.01681837566705373,0.64293440112885
60,37.0,17,14,2.6415777038930357,0.017010815929964344,0.6422698964050423
60,36.0,17,14,2.6376083661925467,0.017067172666235947,0.6415973027899319
60,38.0,17,14,2.6401388772644454,0.017125882441149716,0.6413269479433044
39,74.0,17,14,2.573451200187903,0.017129506554791764,0.6413865327037255
61,72.0,17,14,2.6118468494236553,0.017219078673199054,0.6392539428416373
49,60.0,17,14,2.563510055420647,0.017300828180939767,0.6405887151314613
60,39.0,17,14,2.636061453586326,0.017319841154650302,0.6396382817942153
8,55.0,17,14,2.569845651752094,0.01734967897834749,0.6392138723801947
8,52.0,17,14,2.580385150732077,0.017383646125491554,0.6380494330936117
60,35.0,17,14,2.6243331379602006,0.017435012644555752,0.6380569947628375
1,35.0,17,14,2.618815378575497,0.01747480893958634,0.6374651746020155
49,61.0,17,14,2.558234098914225,0.01750932216576759,0.6387574128183491
60,40.0,17,14,2.630191282809818,0.01756912103975349,0.6374424242802218
28,52.0,17,14,2.5791575785698275,0.01757455076427214,0.6361991555045539
39,75.0,17,14,2.557382491095454,0.0176145400414247,0.6375819290022529
49,59.0,17,14,2.551752096139209,0.017716178631386813,0.6371601244956725
8,53.0,17,14,2.5654735809361995,0.017793118202333938,0.6347388911271685
8,54.0,17,14,2.560355042668001,0.017838692970631016,0.6346666047014896
39,31.0,17,14,2.54235413776791,0.01785635514540293,0.6370475916847688
60,41.0,17,14,2.6215528944924906,0.017916513434292933,0.6343819796222125
60,34.0,17,14,2.598067117522804,0.018273592620495147,0.6304265861201634
61,79.0,17,14,2.5808863323583626,0.01828206972835951,0.6298327557624694
61,73.0,17,14,2.5830793184233216,0.018330939571365577,0.6294709344239091
20,36.0,17,14,2.524729867168979,0.01833353752819106,0.6344873750653599
49,62.0,17,14,2.5365544822735657,0.018343069010002353,0.6317822176521254
39,76.0,17,14,2.5347164406908154,0.01834693309689454,0.6320455910985834
60,42.0,17,14,2.6082713193625375,0.018441844151757984,0.6298060825038465
49,58.0,17,14,2.5252933382976734,0.018706491875912504,0.6291965060800802
61,78.0,17,14,2.569363459554161,0.018790541637257376,0.6255267762751319
8,29.0,17,14,2.543093750059882,0.01883810194574978,0.6256554950962187
20,43.0,17,14,2.503121562215734,0.019035416247785375,0.6303722704426297
61,74.0,17,14,2.562101869648247,0.01917350250586872,0.6223632305618737
60,43.0,17,14,2.5887913480952243,0.019222183395050867,0.6231702431408473
61,77.0,17,14,2.558503458851634,0.01926939353104943,0.621551028238319
39,77.0,17,14,2.503335655299075,0.019478102275387817,0.623754481672423
28,53.0,17,14,2.5251001063092766,0.019508754720636304,0.6203239926374937
61,76.0,17,14,2.5513380705727298,0.01959243366791427,0.6189130948709853
61,75.0,17,14,2.551615046967883,0.019598205085691288,0.6188720812440055
60,33.0,17,14,2.556668787287247,0.019739014892876817,0.6179259952412379
49,63.0,17,14,2.501605960714067,0.01976100259484478,0.6205325767091301
61,30.0,17,14,2.4924942564020185,0.019799455484046234,0.6221029811344374
49,57.0,17,14,2.4894107557920933,0.0201433208469288,0.6182786069069277
60,44.0,17,14,2.5627794271567472,0.02029994948005572,0.614334421464031
15,34.0,17,14,2.4544154339507807,0.02052821390085316,0.6293997033539265
1,34.0,17,14,2.5336579415787424,0.020872669763936463,0.6090257581657429
39,78.0,17,14,2.4646084001590878,0.021043886114088202,0.6127667893527754
28,28.0,17,14,2.4678673819380754,0.02127745479283444,0.6090116000322813
31,40.0,17,14,2.527089822366288,0.021428981704394733,0.6049711475445267
31,41.0,17,14,2.5268489874184348,0.021472437560474875,0.6046716569901402
31,39.0,17,14,2.524237340761168,0.02150714885260792,0.604327851540457
28,54.0,17,14,2.4730612045096114,0.021568220208368304,0.6050573221897949
31,42.0,17,14,2.5235619101466162,0.021642693700311997,0.603399133835235
60,45.0,17,14,2.5314082014215824,0.021664748003480477,0.6036658184695638
49,64.0,17,14,2.4580622754088157,0.021672474729072504,0.6064163220441613
31,38.0,17,14,2.5180780364635758,0.021711878186679905,0.6027118746159973
49,56.0,17,14,2.45149791115156,0.021782783779275564,0.6066541343140289
44,59.0,17,14,2.464152510316205,0.02193005863028702,0.602566724684383
44,60.0,17,14,2.462154434858434,0.02196257766940749,0.6025086457682106
60,32.0,17,14,2.5003212628312257,0.02196812553436478,0.6004919015290523
31,43.0,17,14,2.516729093707952,0.021968552715915624,0.6009586514895107
44,48.0,17,14,2.4746178629995814,0.02199641525230715,0.6009182931220182
44,47.0,17,14,2.476233378907005,0.022032322248789444,0.6005027506009759
31,37.0,17,14,2.508422922310718,0.022053065834361788,0.6000785135668405
44,49.0,17,14,2.4698410689951937,0.02211240838845339,0.6002485566212648
44,58.0,17,14,2.4605714268897634,0.02211504166424788,0.6011899299645356
39,30.0,17,14,2.440178198828753,0.022264024777425447,0.6036060150768344
44,50.0,17,14,2.463923174984875,0.022282535121332547,0.5992231143543619
44,46.0,17,14,2.4727771443571247,0.022311739289380635,0.5983358957579685
60,64.0,17,14,2.501271230426258,0.02231551892180016,0.5980909813026413
44,57.0,17,14,2.4559308331701444,0.022321068264003492,0.5997577745904131
60,65.0,17,14,2.501005476314808,0.022349920262105295,0.597851370195678
60,9.0,17,14,2.4122623650739348,0.02241010045956307,0.6296852151270934
44,51.0,17,14,2.4583629023764386,0.022435092419610395,0.5983674547930147
44,56.0,17,14,2.4523098279777393,0.022469070737596963,0.5987798879481004
60,63.0,17,14,2.4976745456413316,0.022475491363707738,0.5969119109848192
17,45.0,17,14,2.4510433563306524,0.022480542615488736,0.59884524365918
31,44.0,17,14,2.5050900298623278,0.02251229636422085,0.5969319200740328
20,44.0,17,14,2.4249261424849364,0.022526222497593097,0.6055931953355487
44,61.0,17,14,2.447871488528914,0.02252789465487361,0.5988485353948095
44,52.0,17,14,2.453976748018172,0.022537363081167706,0.597896734997626
31,36.0,17,14,2.4949685372913146,0.022553428446867196,0.5963152813171859
44,55.0,17,14,2.4502713666760165,0.022553537540148026,0.5982231053719127
60,66.0,17,14,2.497220622605525,0.022560754266340327,0.5963275411134551
17,46.0,17,14,2.453556856699735,0.022563502816718737,0.5976969408205454
44,53.0,17,14,2.451107021583449,0.022586282955414875,0.5977849130238707
44,54.0,17,14,2.449867794275313,0.022590125104255322,0.5979153717432676
20,35.0,17,14,2.4278881393086307,0.022630777244102552,0.6026614911788296
17,44.0,17,14,2.4422667825753615,0.022706699762724457,0.5979229476096545
60,62.0,17,14,2.490040193229926,0.022842128099745573,0.5942501782757862
44,45.0,17,14,2.4631757613544565,0.02288959019659705,0.5940783643428181
17,47.0,17,14,2.4503553751640856,0.022916823697045906,0.5947602021246542
39,79.0,17,14,2.422785638831736,0.022932685368562522,0.6002353675996182
60,67.0,17,14,2.490086454035577,0.022939862773257713,0.5936043730579874
49,48.0,17,14,2.4298556108840272,0.02309424625860161,0.5961584495612098
49,49.0,17,14,2.426983529355587,0.02312910178972226,0.5964352308016926
2,44.0,17,14,2.4916679608849766,0.02316229794888452,0.592229123017733
60,46.0,17,14,2.497092814264172,0.023246541226362678,0.5919664424216431
31,35.0,17,14,2.47697282742406,0.023264130317184002,0.5911414309122944
49,55.0,17,14,2.4191885027003446,0.023284837827563642,0.5966931425324022
17,43.0,17,14,2.4252080541891368,0.023364513693138373,0.5941474273510321
2,43.0,17,14,2.4875896732443796,0.023366070613377404,0.5907796727357087
31,45.0,17,14,2.4868491474217302,0.02336663800307846,0.5907462791446665
2,45.0,17,14,2.4866002424180573,0.02337328630351179,0.590694580353858
60,61.0,17,14,2.4786929813443592,0.023406686024556762,0.5902247061046256
60,68.0,17,14,2.4795132624963387,0.023493700146005204,0.5896809878264593
49,50.0,17,14,2.416644870465137,0.023539361096399036,0.5942440964040061
17,48.0,17,14,2.4405468134272694,0.023583978379089095,0.5897873032943846
28,55.0,17,14,2.426140251066399,0.023616714370949844,0.5912826828505464
49,47.0,17,14,2.4202121414179696,0.02367189477311551,0.5918361041999411
44,44.0,17,14,2.4474574078961475,0.02377607278747935,0.5877872296772486
2,42.0,17,14,2.476719595671782,0.023879798965179402,0.5871425509064145
49,65.0,17,14,2.4107145245558943,0.023947481862387657,0.590971251275558
44,62.0,17,14,2.414653290015282,0.024012308895828234,0.589330409885046
2,46.0,17,14,2.4705511488490606,0.02410294227762373,0.5855290802776949
49,51.0,17,14,2.403740931625673,0.02410754401863943,0.5910366447010007
60,60.0,17,14,2.4645318603502306,0.02413396695107298,0.5851577144733102
60,69.0,17,14,2.4653791426997747,0.024234463163373247,0.5845399461359676
31,34.0,17,14,2.453050659676715,0.024277300405515713,0.5840600633456708
49,54.0,17,14,2.3980298124028248,0.024325193343215236,0.5901319600133612
49,52.0,17,14,2.393196499123101,0.024595874368047634,0.588284577993711
2,41.0,17,14,2.4613957661649217,0.02460730345469898,0.5820953890883342
17,42.0,17,14,2.3972242721010235,0.0246360359109406,0.586551500288523
31,46.0,17,14,2.460280297825378,0.024640211878001965,0.5818555224694074
17,49.0,17,14,2.4227282913744905,0.024656312215174534,0.5822886037024639
49,53.0,17,14,2.389935756504872,0.02474166688486478,0.5875341122271924
60,47.0,17,14,2.462904655223751,0.024920121310505458,0.5802877642901877
44,43.0,17,14,2.4264108082421294,0.024952198232766544,0.5797752851083241
60,59.0,17,14,2.44880178717355,0.024969801084656493,0.5794898858043251
1,33.0,17,14,2.4452725459000906,0.02505017414819359,0.5789135707556621
60,31.0,17,14,2.431417607296974,0.025065548724466778,0.5788106321552361
49,46.0,17,14,2.3933437369537267,0.025148719156471735,0.5818577850254376
60,70.0,17,14,2.447885325441637,0.025163810167046663,0.5782618648407793
2,47.0,17,14,2.4429519554391,0.025432247479589498,0.5764847118637908
2,40.0,17,14,2.443636351515779,0.025465004407219372,0.5763048623466761
28,56.0,17,14,2.386838208170337,0.025493925862114627,0.57968962442959
31,33.0,17,14,2.4213857615657934,0.02572451669835593,0.5744537720143322
60,58.0,17,14,2.432736244507122,0.025856062962957765,0.5736519694261629
17,50.0,17,14,2.3963616850265304,0.026214115729969116,0.5720040532143416
60,71.0,17,14,2.427804428175977,0.026257851491181584,0.5711088723803698
10,45.0,17,14,2.38092274901591,0.026316833571010886,0.5728655873037597
44,42.0,17,14,2.4010458952243137,0.026390870822308517,0.5704232380449703
2,39.0,17,14,2.4248588153753596,0.026392095508242522,0.5702358555831933
10,44.0,17,14,2.3813853487047307,0.026402575593345978,0.572041581370447
31,47.0,17,14,2.4243761040895335,0.02644003259985038,0.5699384098890631
49,66.0,17,14,2.363150984758704,0.02645516129581084,0.5754084858804176
60,48.0,17,14,2.431888506774056,0.02652437295829108,0.5696978825913883
60,8.0,17,14,2.335924450524517,0.026660851480799934,0.6065896858084087
17,41.0,17,14,2.356298425193065,0.02673000979201277,0.5744143172140199
60,57.0,17,14,2.4173050208638274,0.026743214800509747,0.5679762981663283
44,63.0,17,14,2.359734865641346,0.02677598643225886,0.5728076135428349
8,28.0,17,14,2.3730050107110054,0.02696614480963395,0.5683510397683424
28,57.0,17,14,2.35652573492033,0.027055431905231568,0.570673354425665
10,46.0,17,14,2.364521080012908,0.027108638647422523,0.5684083569359342
20,45.0,17,14,2.3345484638068514,0.027368551954108002,0.5758539556215551
2,38.0,17,14,2.405478801971019,0.027374432269728972,0.5640136416107262
2,48.0,17,14,2.405036784445186,0.027389916360163764,0.5639149996915203
10,43.0,17,14,2.3652815187057135,0.02739314697345227,0.5657982826253231
60,72.0,17,14,2.406492254627085,0.027459470388985146,0.5635343129640108
60,56.0,17,14,2.403186939627757,0.02759253247337037,0.5626929042294284
31,32.0,17,14,2.3805047751713317,0.027752300841408062,0.5618604282069213
49,45.0,17,14,2.346204249980814,0.027861228087698354,0.5650281162979809
60,49.0,17,14,2.406471373115516,0.02789594555965155,0.5610668387804241
28,68.0,17,14,2.3380549824962444,0.027943514303413797,0.5664088872599455
28,69.0,17,14,2.3394929348129896,0.027955000630691822,0.5658369602544939
61,29.0,17,14,2.3287466803350036,0.028009593989649768,0.5693202460835108
44,41.0,17,14,2.3722588558271287,0.028067820975258666,0.5600820056078806
60,10.0,17,14,2.3120645936570745,0.028073572610837462,0.5914526310215318
28,67.0,17,14,2.3333789837029713,0.028163198042052227,0.5654725155883605
28,58.0,17,14,2.3353719523839147,0.028208045831740546,0.5643381139512246
17,51.0,17,14,2.3628625636998803,0.028260231881664523,0.5593153773585023
28,70.0,17,14,2.3351698489367823,0.02834824227552731,0.5629215688818293
60,55.0,17,14,2.390932098261265,0.028367235824599338,0.5579969650939581
28,66.0,17,14,2.3277912120828477,0.02847238123171265,0.5638650152822867
2,37.0,17,14,2.384467755259244,0.028478263381194722,0.5572677426932189
60,73.0,17,14,2.3856227083388077,0.028683690751869405,0.5561024446556405
10,47.0,17,14,2.3348110579900236,0.028706059003295103,0.55951854072399
28,65.0,17,14,2.3229076049072677,0.02876594698285383,0.5622256602117056
31,48.0,17,14,2.379222473368031,0.02885728236824446,0.5550219711780995
60,50.0,17,14,2.3880964856234934,0.028907680122189423,0.5549257075365143
28,59.0,17,14,2.322537893146387,0.028929492095802364,0.5605225406810487
28,64.0,17,14,2.319371066930781,0.028994554761884887,0.5608748417339285
60,54.0,17,14,2.3811877096408107,0.029019158153910735,0.5541351062391089
60,30.0,17,14,2.3535491656858754,0.02910204450712501,0.5540601841317141
49,67.0,17,14,2.3172198877082213,0.029106165125184297,0.560375906343479
28,63.0,17,14,2.316978118470634,0.029161707483442295,0.5598296119514904
10,42.0,17,14,2.3350004674426694,0.029221907303299686,0.5550211219916079
28,71.0,17,14,2.323170755629399,0.029245491143214827,0.5571088326023119
28,60.0,17,14,2.316368034376806,0.02927325768834408,0.5587972070403252
28,62.0,17,14,2.315326685644797,0.029286538797946883,0.5590077974124361
28,61.0,17,14,2.3146740832513726,0.029351048200218666,0.5585159625258349
39,29.0,17,14,2.309143377954946,0.029408544348735303,0.5599950974200292
60,53.0,17,14,2.3748525304723107,0.029480592301332206,0.5514555580315087
60,51.0,17,14,2.3771395933412776,0.029496269464461315,0.5514268058255748
60,52.0,17,14,2.373082947823953,0.029667662953098098,0.5503977888354887
20,34.0,17,14,2.2994942544491996,0.029819401416281553,0.5592852757684228
60,74.0,17,14,2.366690495616688,0.02984047294431949,0.5493273748378535
17,40.0,17,14,2.3018650976348147,0.029863816951764703,0.5575382457968677
2,36.0,17,14,2.3591378696614296,0.029879781480568447,0.5490520257791521
2,49.0,17,14,2.359598617800655,0.029935792140442535,0.5487309621518345
44,40.0,17,14,2.340601929200834,0.02997058039278195,0.5490153118932011
28,27.0,17,14,2.299825072372211,0.030038904852574374,0.5562777119521835
1,32.0,17,14,2.3554502997234414,0.03008388215254642,0.5478864427864062
31,31.0,17,14,2.3304773921044424,0.030465870558273957,0.5463785078466629
17,52.0,17,14,2.325792218496955,0.030667234771625987,0.5453727767946575
28,72.0,17,14,2.303133098220696,0.030693825578524556,0.5484249132392734
60,75.0,17,14,2.3504938016877897,0.03086798779544514,0.543498169634031
44,64.0,17,14,2.287478911620523,0.030977822793448486,0.5503614880845428
10,48.0,17,14,2.2947067918183905,0.031056455607231734,0.5471814923828439
10,41.0,17,14,2.295790319822592,0.031687409364984105,0.5415439132475548
60,76.0,17,14,2.3369195170901254,0.03175507033962823,0.5385998585210371
49,68.0,17,14,2.2734217518304307,0.031863400305677456,0.5460520934041081
2,35.0,17,14,2.325452350864565,0.03187742487302762,0.5379457368670886
31,49.0,17,14,2.3259636742456693,0.031958893327089295,0.5374838885139771
44,39.0,17,14,2.3056995754797986,0.03213802075206926,0.537209244128646
49,44.0,17,14,2.2786486408263755,0.0321739197840515,0.5411016541676743
10,64.0,17,14,2.2664893984008607,0.03252296769246318,0.5415581617082091
60,77.0,17,14,2.3251967772846345,0.0325348139746983,0.5343911351986562
28,73.0,17,14,2.276723455970608,0.03262864530907523,0.5375962254113812
10,63.0,17,14,2.264132445788158,0.032811499139094584,0.5394251593695666
2,50.0,17,14,2.309879619109553,0.03298112442205064,0.5320469702555488
17,53.0,17,14,2.290015848523673,0.0331669448612296,0.5318479531164514
10,65.0,17,14,2.2550643302374787,0.03319036481436881,0.5389230870205881
60,78.0,17,14,2.3144521664021496,0.03325392435716877,0.5305862839769108
20,46.0,17,14,2.2397579048264915,0.03354837494749916,0.5433220888999063
31,30.0,17,14,2.2740628743688815,0.033834734615971404,0.5290431478047495
60,79.0,17,14,2.3042030975691405,0.03394062024354626,0.5270196315269275
60,29.0,17,14,2.26999232460651,0.034147247108978825,0.5274264079665969
10,62.0,17,14,2.2467163855598087,0.03416646120549817,0.5320495208601386
10,49.0,17,14,2.2461939466705765,0.03418213663134832,0.5320748630463153
17,39.0,17,14,2.23436513809147,0.034300516782839054,0.536088454411133
10,40.0,17,14,2.254689794829664,0.03442553229547517,0.5277804865490479
10,66.0,17,14,2.2326407733932636,0.03467591898045808,0.5324303477156015
49,69.0,17,14,2.23178747097725,0.034711848566505034,0.5324381279555804
44,38.0,17,14,2.2650468601017066,0.034765837116522744,0.5239481194353448
28,74.0,17,14,2.24706655705968,0.03488105621479285,0.5258148891959513
2,34.0,17,14,2.2789842576555204,0.03488543582724031,0.5223826024701623
33,46.0,17,14,2.2546219389031696,0.03520113130912603,0.5222901229758314
33,47.0,17,14,2.252889980374783,0.03534996623243108,0.5215266964753669
17,54.0,17,14,2.2602031198052623,0.03541155932561938,0.5204119453748528
33,45.0,17,14,2.248736575348026,0.03556072629042694,0.5206658487647922
31,50.0,17,14,2.2663978337166224,0.03578802532218786,0.5179355296355245
1,31.0,17,14,2.2666816487492847,0.035961294014441536,0.5170097285619513
33,48.0,17,14,2.243151365927852,0.03603980935919939,0.5182467663558991
15,33.0,17,14,2.195755590729293,0.03630289491806602,0.5425614951033307
44,65.0,17,14,2.209029925189187,0.03633476233827673,0.5254072215465381
33,44.0,17,14,2.236185251505989,0.0363767455543272,0.516978682138936
2,51.0,17,14,2.258268587740161,0.0364469374282621,0.5147208924033891
10,61.0,17,14,2.2147595311345496,0.03665983409571975,0.5196208916027132
10,67.0,17,14,2.203327975103056,0.03677774449937666,0.523353377198906
36,47.0,17,14,2.2174788218351655,0.03693315529749488,0.5165593702508346
10,39.0,17,14,2.218767922575023,0.03694904243425015,0.516127941126708
17,55.0,17,14,2.2393052860509637,0.03710347708294781,0.5121671195515012
28,75.0,17,14,2.2173291747128836,0.03724449148070612,0.5142351813770161
33,49.0,17,14,2.225367353246595,0.03730533648752727,0.5124308445221636
36,48.0,17,14,2.2100921254647057,0.037358051860413445,0.5150957856048201
33,43.0,17,14,2.2184190882939268,0.03757174174111828,0.5117361626659396
31,29.0,17,14,2.217072072648981,0.03757926200672358,0.5119152050212908
49,70.0,17,14,2.192686595978995,0.0376071572611021,0.5196411456175458
36,46.0,17,14,2.2075200229144447,0.03781776836203126,0.5121585498140636
10,77.0,17,14,2.1851069177454314,0.037898083379852225,0.5209722054589678
10,76.0,17,14,2.1852699691762947,0.03792562128919791,0.520466080424371
17,56.0,17,14,2.227603628419366,0.03813178609092616,0.507273661787584
10,50.0,17,14,2.190632863719714,0.0381702914523827,0.5146037786359503
44,37.0,17,14,2.212589718934137,0.038393350236430486,0.5072872984177516
32,46.0,17,14,2.2525638322386015,0.038441740307637515,0.5051954517818257
49,43.0,17,14,2.1933355365138256,0.03846150428817951,0.5109390994020133
32,45.0,17,14,2.2517355028208406,0.03850461974221502,0.504904734489418
17,57.0,17,14,2.222708366618441,0.03862546252034304,0.5049234319516622
10,38.0,17,14,2.1928035820211456,0.03882198694787531,0.5081836848920107
17,58.0,17,14,2.220565028149771,0.03888323408464744,0.5036830939916181
32,47.0,17,14,2.246513868035343,0.03889414334692686,0.503111499509159
33,42.0,17,14,2.1969440096081057,0.03906387272782836,0.5054777525029363
10,75.0,17,14,2.171237347706654,0.03910234438474893,0.5149981437745065
10,68.0,17,14,2.1721262175550575,0.03919014548549379,0.5132758225764741
33,50.0,17,14,2.1996588927213825,0.039201018567589604,0.5040900822753386
17,59.0,17,14,2.217104871669685,0.03922797394646216,0.5020786414087083
32,44.0,17,14,2.2420077231066813,0.03924187681963545,0.5015266105843715
2,33.0,17,14,2.2163239949702698,0.039414428743048846,0.501153505907808
10,78.0,17,14,2.165524189246003,0.03945140933842319,0.5146816886725972
36,49.0,17,14,2.180476572630179,0.039522439656053863,0.5062060664668492
28,76.0,17,14,2.1894093917000466,0.03956744839979237,0.5035300499079609
32,48.0,17,14,2.2365829592945548,0.0396435608159643,0.4997080457736303
36,45.0,17,14,2.1852062282607605,0.039694239027194066,0.5035678519360993
17,60.0,17,14,2.2097749785304495,0.039876041050659956,0.4991537167971059
10,37.0,17,14,2.1771159337284116,0.03992170750725461,0.504014671509443
33,10.0,17,14,2.150660694360656,0.04003866718254944,0.5244535209387382
10,60.0,17,14,2.17097969864855,0.04025517115136508,0.5032674070528681
2,52.0,17,14,2.2056937050815955,0.040322561538216325,0.497110081318367
60,28.0,17,14,2.1822921404922195,0.040361350311693966,0.4995819527738285
31,51.0,17,14,2.2024024138063276,0.040376304441861625,0.4970394781899605
49,71.0,17,14,2.157261576864629,0.040429113579357134,0.5080304439565111
17,38.0,17,14,2.1534058300245444,0.04050330214407107,0.5099308707163446
32,49.0,17,14,2.225058934980836,0.04052196645006763,0.495794046206972
10,36.0,17,14,2.1668740297469657,0.040586131811330424,0.5019146275798994
32,43.0,17,14,2.2238064412382355,0.0406567260488753,0.4952061213605573
20,47.0,17,14,2.1492209030565887,0.04070143157950822,0.510812762873539
33,41.0,17,14,2.1726910347017254,0.04080957116137825,0.49855973054542085
8,27.0,17,14,2.1722090630433906,0.040856550293332086,0.49834255906112573
17,61.0,17,14,2.1981301210827504,0.04088570777313903,0.4947073166759228
10,74.0,17,14,2.1500340775294755,0.040918407232460235,0.5070363784229607
31,28.0,17,14,2.167089324302405,0.041141782295073474,0.49756024510996205
39,28.0,17,14,2.1469719813339165,0.04127325131192851,0.5048104604110604
32,50.0,17,14,2.212531668971296,0.04148667110535776,0.4915867888686246
10,35.0,17,14,2.153876362343273,0.041492582757920074,0.4989825602177684
10,69.0,17,14,2.1440694559470326,0.04151439148195736,0.5039037361513782
20,33.0,17,14,2.1410217758642194,0.0416503787641703,0.5044565405205003
36,75.0,17,14,2.150804488216192,0.0417503988398301,0.4979510141612979
36,74.0,17,14,2.149647830531332,0.041754756140667794,0.4983864936325272
33,51.0,17,14,2.1664005871401413,0.04179509913701343,0.4932969842176806
28,77.0,17,14,2.16357703108476,0.04180605840690325,0.49378886772172526
44,66.0,17,14,2.1374876181028295,0.042033161273373414,0.5022603910474112
1,10.0,17,14,2.1480017284277895,0.04207758555806431,0.4962310875004973
17,62.0,17,14,2.183209727888009,0.042195419546819414,0.48909637653567706
36,44.0,17,14,2.1545087148302478,0.042345331889211114,0.49220171704059257
1,30.0,17,14,2.1822778082320284,0.04250108515926665,0.4876662717271053
32,42.0,17,14,2.2001961195046964,0.04256107309501168,0.4870165305394435
32,51.0,17,14,2.1979164304487635,0.0426306164830426,0.4867188347393648
10,73.0,17,14,2.129321376866075,0.0427589923132632,0.4993275468042959
33,40.0,17,14,2.145618414696014,0.04284252092377097,0.49102034949620926
61,28.0,17,14,2.125779555261586,0.042880705786108184,0.5006572783549574
36,76.0,17,14,2.137790458005085,0.042914127429793676,0.4931097252412535
10,79.0,17,14,2.1245169367083303,0.042949872511517106,0.5008460811009825
49,72.0,17,14,2.127407057091611,0.04296363993173579,0.49823525122195633
36,73.0,17,14,2.134028120733963,0.04299301674822411,0.49404235302673016
60,11.0,17,14,2.1167715431521987,0.04299880175216438,0.5149516615295155
10,51.0,17,14,2.130523506425151,0.04303529065414872,0.4954315338323057
33,9.0,17,14,2.113988751234479,0.043236550387060285,0.5166380166833083
10,70.0,17,14,2.123464081445983,0.043318012240968505,0.49683735291865877
10,34.0,17,14,2.1303716612058072,0.043356302112597264,0.4924047362974943
9,38.0,17,14,2.1880080861373767,0.043505318880432124,0.48308166670652086
9,39.0,17,14,2.1875633195197834,0.043563261795556286,0.48284327446480413
17,63.0,17,14,2.166227925830004,0.0437186115681339,0.48277493832399243
9,37.0,17,14,2.182902146142953,0.04391077126206162,0.48141877744768935
36,50.0,17,14,2.1257202691835335,0.0439712364898875,0.48902611823751385
31,27.0,17,14,2.1295247379692235,0.04397813579212527,0.48753485922508816
28,78.0,17,14,2.1391377967827783,0.04399766043177933,0.4847648916402964
10,72.0,17,14,2.1157813927337203,0.04400117595796336,0.4942950985137156
9,40.0,17,14,2.182201079847317,0.04403274463980534,0.4809208160703692
32,52.0,17,14,2.179373491157873,0.044123251215887026,0.4805567253323819
44,36.0,17,14,2.138281327629607,0.044173608607780405,0.48383351058754615
10,71.0,17,14,2.113509687305909,0.04421792636726332,0.49338736456622234
32,41.0,17,14,2.175591334552754,0.044628287181740854,0.4785092675090348
2,53.0,17,14,2.1520549049202957,0.04467264807276724,0.47919643360246034
10,59.0,17,14,2.1203974638056806,0.04470724880101871,0.4850824201126065
9,36.0,17,14,2.171725024051693,0.044836309230676476,0.4776787559130021
9,41.0,17,14,2.172429818104247,0.04488261948980846,0.4774889730587609
49,73.0,17,14,2.105263708302362,0.04494006301725002,0.49097358097506977
36,77.0,17,14,2.1141127729601368,0.04499158331271043,0.4852628023016126
33,52.0,17,14,2.1265866825894872,0.0451314898739694,0.4803289474674246
36,72.0,17,14,2.108084746993761,0.045225382400107254,0.48605973857122403
33,39.0,17,14,2.1147545655114386,0.045290818335446625,0.4825867954871774
4,69.0,17,14,2.1008475341627584,0.045415081525191935,0.4886659591387473
17,64.0,17,14,2.1474725152751337,0.0454382465573355,0.47588923763525476
36,43.0,17,14,2.1178307895561583,0.04566474462281201,0.478991143286212
31,52.0,17,14,2.1355288041078224,0.045760070609352534,0.47536773204632177
4,70.0,17,14,2.0971634886848114,0.04576233022356696,0.4873688523961142
28,26.0,17,14,2.093780245966263,0.04588844051180326,0.4886371551281921
2,32.0,17,14,2.1364274156512244,0.046034223210629464,0.47392600586643097
9,42.0,17,14,2.158646187762232,0.046098802715853204,0.4726835590830646
32,53.0,17,14,2.1556963389662824,0.04610588573600967,0.4726828315282947
49,74.0,17,14,2.092227823425572,0.04614261831070911,0.48671182917739003
28,79.0,17,14,2.1155127772951423,0.046180292613953025,0.47625257458645526
4,68.0,17,14,2.0926943202757333,0.046184586040824455,0.48582182494391735
9,35.0,17,14,2.1544165703288627,0.046316999286517294,0.47184926812557715
31,26.0,17,14,2.100001706514334,0.046400027032044884,0.47953902813043364
32,40.0,17,14,2.153919516769399,0.04651508112360949,0.47106696339633264
49,76.0,17,14,2.088301070090274,0.04651545684209736,0.48536993048320004
49,77.0,17,14,2.0883487549925968,0.04652805965246305,0.4851726621263461
49,75.0,17,14,2.08770703319097,0.046566615366944626,0.48523574769204064
10,33.0,17,14,2.0928645137904565,0.04665272703505246,0.4807747996637622
4,78.0,17,14,2.0858359782409983,0.04680286127793284,0.48388752837214866
4,71.0,17,14,2.0856681144282287,0.046859498311668385,0.48334413528492637
4,77.0,17,14,2.0834199932273063,0.04707190363900471,0.482615609959957
44,67.0,17,14,2.0816643880713968,0.047082772679905516,0.48398867759005465
49,42.0,17,14,2.0941639660377214,0.04713034339666453,0.476094258166243
49,78.0,17,14,2.082196379250159,0.04714576433690125,0.482725858365654
4,79.0,17,14,2.0815358635147496,0.04716745811537266,0.4830187711774891
17,65.0,17,14,2.1260036075223967,0.04745034149963819,0.46815338213203417
9,43.0,17,14,2.14130000442048,0.047668088286281864,0.46665869336211296
36,78.0,17,14,2.083304045025836,0.04776045670550184,0.47572873120809867
4,76.0,17,14,2.076449256763688,0.04777105516661204,0.4799470177358026
36,71.0,17,14,2.078514127547122,0.04795544378712243,0.47656352773245203
32,39.0,17,14,2.1373159406276714,0.04799168503997712,0.4654452940725731
4,72.0,17,14,2.072812906674138,0.048116813101698894,0.47881943669785887
4,67.0,17,14,2.0727440639968613,0.04812280086202762,0.47880494220645403
60,27.0,17,14,2.089368975475952,0.048161115909254766,0.47031572561463925
20,48.0,17,14,2.068521874828692,0.0483002839334807,0.4803983333882787
9,34.0,17,14,2.1315004035576846,0.04835287813929251,0.4641250608662463
1,9.0,17,14,2.069158398963391,0.04838827838138907,0.47863871376198774
33,38.0,17,14,2.0782828691801747,0.04840360664013885,0.4726719639364511
10,52.0,17,14,2.0713761402233106,0.0484572036870089,0.47610764830314034
4,75.0,17,14,2.0683699959894213,0.04857558181572357,0.4770551985488863
32,54.0,17,14,2.127420249326007,0.04858949697778854,0.46328039998883236
49,79.0,17,14,2.0671064138820623,0.04865701915086074,0.4771384391009051
4,73.0,17,14,2.0644309039269046,0.04895762757324742,0.4758154821233627
32,38.0,17,14,2.125710631357749,0.049020479947762145,0.46163296757276717
35,45.0,17,14,2.124028308565313,0.04906179655838692,0.4615042180645697
35,44.0,17,14,2.124221233276599,0.04906774668938938,0.461477259695988
4,74.0,17,14,2.0632496210684517,0.049084124441994975,0.47531121668659404
33,53.0,17,14,2.082120491098492,0.04917549990054805,0.4657986713833533
35,43.0,17,14,2.12178131680913,0.049310370343134916,0.4605866438647217
1,29.0,17,14,2.1058934881395466,0.049310518646882386,0.46134543238779485
35,46.0,17,14,2.1198592687682125,0.049421364432110114,0.46019785255952755
17,37.0,17,14,2.0557622573481567,0.049451296773807385,0.4779001239899808
10,58.0,17,14,2.0695582196088336,0.049511835856131926,0.46767950360859856
9,44.0,17,14,2.121041251244376,0.049561388953257096,0.4596383813152059
2,54.0,17,14,2.097310490640619,0.04957210518559843,0.46096152632321813
36,42.0,17,14,2.076155961807229,0.04966091402029809,0.46437435801708304
35,42.0,17,14,2.1180230990666797,0.049666586371876625,0.4592905187657962
32,37.0,17,14,2.1170665439438263,0.04976308086392615,0.45893975176036117
4,46.0,17,14,2.0658392098941816,0.0498648343465692,0.4665348838615143
17,66.0,17,14,2.100164426736727,0.04994051888759499,0.4590225287786083
4,47.0,17,14,2.0630469722766054,0.04998886803470732,0.4667993960016663
35,41.0,17,14,2.114059143511428,0.05003118863426691,0.4579763568776269
35,47.0,17,14,2.1104887342278333,0.05027453721216619,0.4571280993075694
35,40.0,17,14,2.1106093692708257,0.050333954079864664,0.4568966849590316
32,36.0,17,14,2.1079348676166116,0.05053583722001763,0.4561907775010361
35,39.0,17,14,2.1078440112852,0.050555862419021165,0.4561163515170744
36,70.0,17,14,2.051171470777105,0.05064519276077506,0.46755687534441576
35,38.0,17,14,2.105306503865991,0.05073829467191931,0.4554861187657153
31,25.0,17,14,2.055227160132376,0.05076587310059668,0.46422148240106864
9,33.0,17,14,2.103784598665812,0.05092754449890207,0.4548037067970832
44,68.0,17,14,2.0428087162368573,0.05093958594098397,0.4711636868822311
4,66.0,17,14,2.0447827307267175,0.05097159340654578,0.4688792159616506
35,37.0,17,14,2.101922933393407,0.05098358057377047,0.4546450582023241
4,45.0,17,14,2.055292334542726,0.05111116099798075,0.4615533453907531
4,48.0,17,14,2.050769146372969,0.05111732859285551,0.4635424839784066
36,51.0,17,14,2.0476816823304325,0.05122604279922963,0.46428076391252415
5,40.0,17,14,2.044971470967741,0.05123793190069028,0.46587886727640904
36,79.0,17,14,2.0464604866425673,0.051239740012581574,0.4648871509044599
37,41.0,17,14,2.082975312043621,0.05139839461990539,0.45410553955441096
32,55.0,17,14,2.096902495251305,0.051412649068682495,0.45315981425332397
53,44.0,17,14,2.091647945229379,0.05141586968311691,0.45338687451337567
35,36.0,17,14,2.096047409703904,0.05145276375273517,0.4530361594667721
10,32.0,17,14,2.0434619315919886,0.05146924268216019,0.46462704591582754
37,40.0,17,14,2.080080831350197,0.051631975750339905,0.4533530261763416
5,41.0,17,14,2.0411805351689614,0.05163338309971047,0.4645621953121312
53,43.0,17,14,2.090018889016335,0.051698714794607414,0.4523380559855468
9,45.0,17,14,2.098765483354543,0.051723019960857534,0.4519330747548887
35,48.0,17,14,2.0949679801699888,0.05174228998711473,0.45196140335040275
32,35.0,17,14,2.0941448592112906,0.05174862001038252,0.4519649688143193
53,45.0,17,14,2.0868106576734697,0.051789310015260624,0.45215361750332067
31,53.0,17,14,2.0670705709202135,0.051974798340668794,0.45340265477225183
37,42.0,17,14,2.076109101349902,0.0520895098171273,0.4517269114677456
35,35.0,17,14,2.0854780871179326,0.05237046238382101,0.44991437021482494
1,11.0,17,14,2.0450534769354367,0.052576621764519535,0.45521203432533164
5,39.0,17,14,2.032064663824248,0.05259001054370283,0.4614533879981132
53,42.0,17,14,2.0817967149590917,0.05264830056453817,0.4490076112080504
37,39.0,17,14,2.0689662931433688,0.05265680502697595,0.44995939616106373
33,37.0,17,14,2.0330172345519735,0.05266055091655821,0.4601366921794116
53,46.0,17,14,2.0764376885227085,0.05274919612790032,0.4489194601389229
4,49.0,17,14,2.034069172258046,0.052778006100665444,0.45847439003184165
36,69.0,17,14,2.0287763130829672,0.052962524265760806,0.46010015955792194
17,67.0,17,14,2.0685190671656177,0.053113313522681234,0.44802873668835685
10,53.0,17,14,2.0216295334989742,0.053582487523927705,0.4591517136322579
33,54.0,17,14,2.0356385607339997,0.053781441329172334,0.4506139662091627
4,58.0,17,14,2.0234523434032234,0.05378523714234275,0.45592780455071213
44,69.0,17,14,2.015901829180034,0.053786107583210355,0.4622265930833228
37,43.0,17,14,2.058677619580118,0.05381544133040208,0.44598491922377564
32,34.0,17,14,2.071574565089225,0.053852954080829206,0.4448632665723551
4,44.0,17,14,2.0305645957637326,0.053879276624792125,0.45174971094360483
35,49.0,17,14,2.0728062531183955,0.053927593359936195,0.4445279872256679
10,57.0,17,14,2.025237012715608,0.05395534274166827,0.4535327931507376
5,42.0,17,14,2.0186424549973436,0.054030066322139546,0.4568596897661225
35,34.0,17,14,2.0674858028760013,0.05403913187497892,0.4443616034530677
9,32.0,17,14,2.0718334561743847,0.054052204676697704,0.4441025042518246
9,46.0,17,14,2.075586829976848,0.054064964007416366,0.4439305187665241
53,47.0,17,14,2.0622330574403405,0.05415613446348437,0.4442433501328073
4,65.0,17,14,2.0149800477342406,0.05418932933996292,0.4581387086432962
32,78.0,17,14,2.065526759779866,0.054244898802062354,0.4436774252626719
4,57.0,17,14,2.019126924111278,0.05424946273961383,0.45447961187273306
44,35.0,17,14,2.030197407119826,0.054250389725014274,0.449443808962728
53,41.0,17,14,2.0672413699758625,0.05426008751999574,0.4435273591290561
32,56.0,17,14,2.0673103922108074,0.05429199831154595,0.4434029754986585
37,38.0,17,14,2.0516651543350912,0.05431762968606651,0.44458431405606175
32,77.0,17,14,2.0644909488121455,0.054321078714948345,0.4434428811342993
32,79.0,17,14,2.064433319955725,0.05437641248756354,0.4432325781509584
4,59.0,17,14,2.0176019931396545,0.054399104420515675,0.4541013796135408
36,41.0,17,14,2.0299385477107,0.054407305253495776,0.44854953095019273
4,50.0,17,14,2.0171280391328716,0.05454748385354189,0.45309433809564514
32,76.0,17,14,2.0605150102467094,0.05469157749639638,0.44224768908810824
36,68.0,17,14,2.010915543831654,0.05487459289642359,0.45422407525466446
2,55.0,17,14,2.0424723324514993,0.0549965855098512,0.44274259247718867
2,31.0,17,14,2.041281148926338,0.05529763693716364,0.44155141618496085
32,75.0,17,14,2.054065350421907,0.055317257086040295,0.44023729398434625
4,56.0,17,14,2.0076383389308488,0.055496279684123774,0.45067322608191035
5,38.0,17,14,2.0037992904290265,0.05567150577831397,0.4517140188448805
9,76.0,17,14,2.059463892340313,0.05569666984301382,0.43856931870476035
9,75.0,17,14,2.0589919635993486,0.05575104238912416,0.43839152009016974
9,77.0,17,14,2.0581899201259084,0.055826266694545844,0.4381507725114774
1,28.0,17,14,2.0406614315550184,0.05583244620932843,0.4393151972042971
53,48.0,17,14,2.0460347039820483,0.05584786791908032,0.438747235582744
60,7.0,17,14,1.9961421890857245,0.055852928211030065,0.48958106399696477
4,60.0,17,14,2.003417897008316,0.05591219098232337,0.4497127894239949
9,74.0,17,14,2.056714036369716,0.05599621422893336,0.43759699160343085
32,74.0,17,14,2.0466265094319627,0.05605361474723979,0.43789884418759617
9,78.0,17,14,2.055461647720189,0.05610978531551507,0.43723690087575706
20,49.0,17,14,1.9975044712931533,0.05611289362505546,0.4523693597727475
4,51.0,17,14,2.0024050836021927,0.05614038041204476,0.4483508314070586
44,70.0,17,14,1.9937301308194622,0.056243491152916936,0.4548448706478408
9,73.0,17,14,2.0527477868499187,0.05642185839928332,0.43622676857796927
9,47.0,17,14,2.052780189547354,0.056464849459405185,0.43607433921534694
9,79.0,17,14,2.05177775759481,0.05649548547075878,0.436000852210165
37,37.0,17,14,2.029663862257882,0.056521969909722136,0.4376995005161102
36,67.0,17,14,1.995584205398672,0.05654887468497792,0.44937035167942446
53,40.0,17,14,2.0465487727218354,0.05655927906094689,0.43600080349253423
6,44.0,17,14,1.9859791183229076,0.05668645427186275,0.4775325162066256
37,44.0,17,14,2.030256158372097,0.05671427559599469,0.4367864017216509
32,73.0,17,14,2.0398390047859736,0.05673252081916577,0.4357731843764727
35,33.0,17,14,2.0390331386222496,0.05685309291577806,0.4353695997094988
35,50.0,17,14,2.0440857944760684,0.056903821738971974,0.4348684950830058
4,55.0,17,14,1.9949556228166168,0.05690866143276631,0.44643092097672343
32,57.0,17,14,2.041341807827309,0.05693216138569551,0.4349168964162279
9,72.0,17,14,2.047233553713223,0.05701681873908151,0.4343289837268503
4,64.0,17,14,1.9902595519649031,0.0570223165432621,0.4489384391773968
17,68.0,17,14,2.0307594740682195,0.05710312506780326,0.43510754897586973
43,10.0,17,14,1.9962878084719398,0.0571923583896662,0.4433218961087142
10,56.0,17,14,1.993708294149953,0.0572136355799934,0.4446024841258551
10,54.0,17,14,1.989757683245687,0.057223085109750715,0.4472739499888658
32,72.0,17,14,2.0345865856830305,0.057258269352793476,0.4341499784220286
32,33.0,17,14,2.0369754216922753,0.05730542822592042,0.4338003432613314
4,52.0,17,14,1.9913607088772645,0.057361145289197016,0.44482369750297335
6,43.0,17,14,1.9790939401526308,0.05741461135888385,0.4714766563689713
33,11.0,17,14,1.9802353385787999,0.0574707992497372,0.4560050947978627
10,31.0,17,14,1.9880301647290202,0.057502418235639,0.44588552033099266
32,71.0,17,14,2.0306347014237343,0.05765265727185468,0.43294666504722923
4,61.0,17,14,1.986973668817971,0.057694407264637856,0.4448559499417278
53,49.0,17,14,2.02889911226752,0.057727149336182525,0.43280317267713814
9,71.0,17,14,2.040205493099973,0.05778288628345443,0.43191416664743676
6,45.0,17,14,1.9776008383748966,0.05780655645812256,0.47805793706183825
9,31.0,17,14,2.0356106212968794,0.05780711279556025,0.4320387501830484
4,54.0,17,14,1.9866806171265101,0.05785715927026162,0.44358431459465697
4,53.0,17,14,1.985566650790583,0.05800177553527916,0.4430617297943514
32,70.0,17,14,2.02701144181827,0.05801932147417572,0.43183413058410874
4,43.0,17,14,1.9939635289622981,0.05809391854271589,0.4380900377817706
36,66.0,17,14,1.9810124001954008,0.058166351221525886,0.4449628592004728
59,43.0,17,14,1.9825603436222912,0.058185347320598296,0.44352859175969445
59,42.0,17,14,1.982743384227706,0.05838314317362743,0.441624099918739
32,69.0,17,14,2.0227839424707525,0.05846134449470803,0.4304939478952068
10,55.0,17,14,1.9805546173560453,0.0584788595505066,0.4422840117148049
60,26.0,17,14,1.9871102805695053,0.058496724966650475,0.4383247027340025
49,41.0,17,14,1.9845057076945598,0.058694850734586766,0.438170796419858
33,55.0,17,14,1.989845404972397,0.05871665852277418,0.4357370642527818
4,63.0,17,14,1.9763963076204865,0.05871759971768539,0.443264104262418
9,70.0,17,14,2.0316575862168706,0.05872788778376846,0.428978359513649
5,43.0,17,14,1.9765832468013438,0.058766197016802246,0.44261426671637083
9,48.0,17,14,2.0316591612423283,0.05877427743064554,0.4288188931107616
4,62.0,17,14,1.975956924496198,0.05887277776206506,0.4420745819207665
44,71.0,17,14,1.9706572357891892,0.05890972510497713,0.4471800024113956
31,54.0,17,14,1.9986024085263743,0.05899707117481124,0.4316863123115263
33,36.0,17,14,1.9734018026157458,0.05900766067658646,0.4428947077070175
32,68.0,17,14,2.0176460170779698,0.05901667264983794,0.42881408326881376
32,58.0,17,14,2.0205775828976362,0.0591147606873107,0.4282135658368848
59,44.0,17,14,1.9714472324216248,0.0593021180593443,0.4415627615869253
37,36.0,17,14,2.002669745162789,0.05937382171668792,0.4291732292824989
53,39.0,17,14,2.0196719983704243,0.05962239745615438,0.4264421004470472
59,41.0,17,14,1.974202955624895,0.05963110809455034,0.43667210411681834
32,67.0,17,14,2.0119528690083457,0.059651288070494725,0.4269030861956983
36,65.0,17,14,1.9671175149648263,0.05973998202055038,0.440893007321483
6,42.0,17,14,1.958942781852454,0.05980551670099232,0.46104030979015703
53,50.0,17,14,2.0105348030940604,0.0598345023941249,0.4263356789308902
9,69.0,17,14,2.02180863910055,0.05983584626451492,0.42559474659175467
36,40.0,17,14,1.980401641460496,0.059917127031715665,0.43188453724052145
43,9.0,17,14,1.9664864088745397,0.06028422885095025,0.4361951468225591
32,66.0,17,14,2.0063070256321436,0.0603007597840018,0.42495704233834586
39,27.0,17,14,1.9584737074024834,0.06064285090715785,0.43947909614225
35,51.0,17,14,2.0093952066493586,0.060712616639363205,0.4232165751617024
32,59.0,17,14,2.0055705950155973,0.06072344258782929,0.4234503927353602
2,56.0,17,14,1.9898983552165352,0.060729203965175206,0.4253386874227787
5,37.0,17,14,1.9602737465540356,0.06074608747338863,0.4366751574521303
6,46.0,17,14,1.954787951282589,0.06074821598028202,0.47293599315367
36,61.0,17,14,1.957572177672878,0.060780613793737,0.4388419042334227
20,32.0,17,14,1.9564893672159318,0.06078145141360768,0.44004963795931534
9,49.0,17,14,2.0133467799443356,0.0608458046629521,0.4225475775764263
32,65.0,17,14,2.0011352276121714,0.060915582338907766,0.42312235341448123
37,45.0,17,14,1.9905073571672023,0.060998657723160384,0.4240791948595783
36,64.0,17,14,1.9560549540916157,0.061016607238730425,0.4377415353021712
9,68.0,17,14,2.0113445907675724,0.06103643276231727,0.4219967707971596
36,60.0,17,14,1.954291857201517,0.0611772529043584,0.43775637591517075
36,52.0,17,14,1.9557686882358594,0.06128966283142785,0.4351682585423853
35,32.0,17,14,1.9972853676947595,0.06130496610292728,0.42202686415772817
36,62.0,17,14,1.9530342532034188,0.06133369665851343,0.43729703794483854
32,64.0,17,14,1.9966319319942087,0.06146906419897982,0.42147547743087627
1,27.0,17,14,1.988319767103049,0.06149363640789386,0.4223428567081815
36,63.0,17,14,1.9510152138228303,0.06159568522226188,0.4364442228617886
32,60.0,17,14,1.996163345027784,0.061731728816264236,0.420550198723305
17,69.0,17,14,1.9882863755902418,0.06188253603744106,0.4207910428296355
32,63.0,17,14,1.9930575375653763,0.06192596030935294,0.42011588309985254
59,40.0,17,14,1.9571877025584736,0.06193257538953344,0.4289097107675189
44,72.0,17,14,1.94396863118379,0.06213676890406318,0.43835082965089844
31,24.0,17,14,1.956553994276658,0.06217290413862799,0.4275547328467095
32,61.0,17,14,1.9916799617407097,0.06218957890091495,0.41927407666361133
9,67.0,17,14,2.0013590282102354,0.062206075130557176,0.41855712855068133
32,62.0,17,14,1.991053880535867,0.06220776696703982,0.4192645656342741
59,45.0,17,14,1.9450834788741942,0.06233970052060671,0.4342946954720292
53,51.0,17,14,1.9895758215191957,0.062341889844971674,0.4189098770432811
9,30.0,17,14,1.99448292919698,0.06235986397851364,0.4184412236707972
32,32.0,17,14,1.9887565002797887,0.06253282279830094,0.41828716511220027
9,50.0,17,14,1.9985044211475913,0.06257299622810464,0.4174795523009818
2,77.0,17,14,1.9688687910510465,0.062787253401773,0.420144169422194
26,9.0,17,14,1.9460826926890789,0.06278918491109026,0.4290660006366585
2,78.0,17,14,1.9679518243747394,0.06287045413290639,0.4199588730578729
2,76.0,17,14,1.966947990586588,0.06303044744648312,0.4194410937213716
17,36.0,17,14,1.9353198121883082,0.06307722099120809,0.4378410487967699
54,9.0,17,14,1.9368607368034405,0.06310127996358113,0.43485521005186895
9,66.0,17,14,1.9929117286004632,0.0632160046209091,0.41563661148426606
37,35.0,17,14,1.9682755019382154,0.06325700742727422,0.4181687897011196
2,79.0,17,14,1.963877906088351,0.06331751595388332,0.4187908461654702
8,26.0,17,14,1.9532502885690646,0.0633722335077195,0.421511825451449
6,41.0,17,14,1.9298144593998185,0.06346395433345312,0.4481331310921467
20,69.0,17,14,1.9425941502047324,0.06346435115227916,0.4259287504095034
20,68.0,17,14,1.9468926162743165,0.06350699836800325,0.4232971067879237
4,42.0,17,14,1.9494094513410403,0.06353390197639944,0.42202864756703584
2,75.0,17,14,1.9625608956520635,0.06356295246165941,0.41795447924053253
53,38.0,17,14,1.9864684602871374,0.06356809947237575,0.41483331127569195
33,56.0,17,14,1.9467551043129083,0.06373873941451233,0.42188588365645274
36,59.0,17,14,1.9323238970119738,0.06389106458584429,0.4305457409181604
9,51.0,17,14,1.9871567169814626,0.06392381572618058,0.413612505619147
9,65.0,17,14,1.9864396734710847,0.06400523552200181,0.4133841182553169
10,30.0,17,14,1.9330644403765038,0.06417857182088786,0.42680591437018955
26,8.0,17,14,1.9263603837998033,0.06419178583648787,0.43535812984625927
2,74.0,17,14,1.9557527241743613,0.06439158765730693,0.4156760245654047
43,11.0,17,14,1.9395072338609791,0.06440906431900854,0.4209223233409055
20,50.0,17,14,1.9311726787402086,0.0644903177153862,0.4255037586582324
15,32.0,17,14,1.9217308449789852,0.06451765829601155,0.4460434065102311
9,64.0,17,14,1.9814321400175945,0.06462678385109089,0.4116274543083476
9,52.0,17,14,1.978691655754908,0.06495064562681072,0.4107266654037289
28,10.0,17,14,1.9205650657008417,0.06500579964704045,0.4321801769092556
17,79.0,17,14,1.9645847460696544,0.06516218961061787,0.41114033457842114
9,63.0,17,14,1.9766703936577144,0.06522373362835941,0.4099556027386858
6,47.0,17,14,1.921026449940571,0.06525055371075983,0.46312291231392616
35,52.0,17,14,1.9696112173146079,0.06537380123765459,0.4099225336179275
53,52.0,17,14,1.96471211427237,0.06544309989307999,0.4101155635089165
59,39.0,17,14,1.9308479925308815,0.06546792771484174,0.41823407238137217
2,73.0,17,14,1.946346810245365,0.06555487677715684,0.4125226556961689
9,53.0,17,14,1.9720447802193308,0.06577133969153398,0.40845121066066953
9,62.0,17,14,1.9709860542736872,0.06593817173504798,0.4079765090460312
36,39.0,17,14,1.9302741896133622,0.06600633380204596,0.415155752261271
5,44.0,17,14,1.9177155279825275,0.06601678975077631,0.42291308318743354
1,26.0,17,14,1.947414976698705,0.06606749250337601,0.4101009911696575
44,73.0,17,14,1.9128759337415717,0.06609800021697952,0.4281179843261655
2,57.0,17,14,1.9427417768779625,0.06634948297094789,0.4098117115636795
9,54.0,17,14,1.9660821677259819,0.06652030320822386,0.40639722881406304
31,55.0,17,14,1.9325621457066646,0.06663605108278074,0.4109873631110552
9,61.0,17,14,1.9641083965218895,0.06680581217648425,0.4056042491951793
37,46.0,17,14,1.9395490223049112,0.06693353637776937,0.40797877647264336
58,44.0,17,14,1.9356329240816497,0.06702113177479313,0.40841631551167934
2,72.0,17,14,1.9344106564777075,0.06706532870588777,0.408499052200919
17,70.0,17,14,1.9443685777999604,0.06717560555215213,0.4062176646934238
9,55.0,17,14,1.960145525331127,0.0672770099278004,0.404343876606146
20,67.0,17,14,1.9215417132967263,0.06731260475018151,0.41117091288069296
58,45.0,17,14,1.9334486138449087,0.06749362688207294,0.40684729115685875
20,70.0,17,14,1.9065351149943544,0.06760409841971005,0.4179963876204171
2,30.0,17,14,1.935437707929213,0.067619254251021,0.4059327908152012
21,42.0,17,14,1.8997607222227386,0.06766337079210927,0.4270864431013868
9,60.0,17,14,1.9570161836632312,0.06770654567669189,0.4031760827238275
6,40.0,17,14,1.8972286177225004,0.0677976095300936,0.43499523253423333
17,78.0,17,14,1.9424645356755528,0.0678421754063968,0.4040101516640947
21,41.0,17,14,1.8986806481560135,0.06789363295138508,0.42499979229190166
9,29.0,17,14,1.94741061225494,0.06797086173671539,0.403031811771386
35,31.0,17,14,1.9402113030148964,0.06799482958212327,0.4037426949676956
9,56.0,17,14,1.9545084281965055,0.06800434098615557,0.4023911565415065
10,10.0,17,14,1.9155066293423795,0.0680525255652307,0.40940773757989385
58,43.0,17,14,1.9256179798387603,0.06809181738956106,0.4060135369687946
5,36.0,17,14,1.9013168176789543,0.06829505769412052,0.41628710934701635
59,46.0,17,14,1.897852899528118,0.06831685980426601,0.41996891195312236
9,59.0,17,14,1.951484690258012,0.06841313561637638,0.40129557703602375
53,37.0,17,14,1.9470235985638997,0.06852359995971022,0.40124512905669374
9,57.0,17,14,1.950348748475714,0.06854742506241414,0.4009458319229633
60,12.0,17,14,1.8924411922059878,0.06864259020882683,0.4249698228826989
33,57.0,17,14,1.9072906875633682,0.06867918693842268,0.409361050426718
9,58.0,17,14,1.9490921020945733,0.06871674281575159,0.4004955028142922
37,34.0,17,14,1.9230787816851942,0.06879206709585968,0.40354717631493403
2,71.0,17,14,1.9206362520845024,0.06885538952293102,0.403832425525256
53,53.0,17,14,1.9360418713639604,0.06918810877516823,0.4000282886255897
33,35.0,17,14,1.8913480266731182,0.0691910483187955,0.417892643388645
61,27.0,17,14,1.8901540542946818,0.0692197084955386,0.41935744170805994
58,46.0,17,14,1.9200305378772573,0.06938377533594656,0.4017181002923905
36,58.0,17,14,1.8887972368016042,0.06959509940077717,0.4163380111721952
32,31.0,17,14,1.92751678659771,0.0698768491335135,0.3986241563917294
4,41.0,17,14,1.900407848873032,0.06997797096062269,0.40479385131818485
10,9.0,17,14,1.8952264149449725,0.06997843096445545,0.4073879109859737
1,25.0,17,14,1.9088577449427693,0.07049731917059641,0.3995182218692937
59,38.0,17,14,1.894195479477888,0.07051692661115572,0.40448312864822134
21,43.0,17,14,1.8773962260928254,0.0706710103056978,0.4214430568288941
58,42.0,17,14,1.9038070948675092,0.07074994943140318,0.3997040094233906
10,29.0,17,14,1.8841412113469045,0.07075544558037512,0.4093730416387843
2,70.0,17,14,1.9062823681720267,0.07077259351003722,0.3989560839050069
6,48.0,17,14,1.8814665044453922,0.07081727419408444,0.45034745349970917
35,53.0,17,14,1.9257304669431197,0.07089247770980955,0.3953851033550685
44,74.0,17,14,1.8770658596568848,0.07094233828869843,0.41640590667260163
17,77.0,17,14,1.9149562631102204,0.07130708959493869,0.39523327413896836
2,58.0,17,14,1.9039214318668818,0.07133582237682402,0.3971220304125961
21,40.0,17,14,1.8726307450808943,0.07155902414589703,0.4150488738058122
6,39.0,17,14,1.8662943508394987,0.07214431966714713,0.42356537155007873
44,34.0,17,14,1.8798991693525406,0.07222407201097966,0.4013236649465576
21,9.0,17,14,1.8694668914416275,0.0722647635554548,0.4101775110687382
36,38.0,17,14,1.882743042774886,0.07233017381418357,0.3992306474503654
17,71.0,17,14,1.903827227305798,0.07240561912768896,0.3929583124138377
58,47.0,17,14,1.8967729904275932,0.07258870786568855,0.3935817951734406
2,69.0,17,14,1.892740912104657,0.07262745737830603,0.39435831269635885
36,53.0,17,14,1.8670590835519811,0.0727802770532781,0.4073077580712079
60,25.0,17,14,1.868125109388826,0.07335936225308391,0.4010315109687447
53,54.0,17,14,1.9056329045505518,0.07336791648960744,0.389391723763391
32,10.0,17,14,1.8572105830034311,0.07346973475112198,0.4194533945572699
33,58.0,17,14,1.8713653855775672,0.07348445712937153,0.3980655001877692
28,9.0,17,14,1.8558418152469216,0.07367444704232004,0.42254295109067447
39,10.0,17,14,1.8613660388798121,0.0738593697038331,0.40269904626642505
49,40.0,17,14,1.8665169847342067,0.07386818099305899,0.39845915596640535
20,66.0,17,14,1.8765021841405065,0.07396492941144905,0.39312704618870453
20,51.0,17,14,1.8639733196213657,0.07410332034072423,0.3985139402754308
2,68.0,17,14,1.881054263613075,0.07426143215795598,0.3904078012406438
31,56.0,17,14,1.8722540765868516,0.07444599384148483,0.39229411298950406
53,36.0,17,14,1.901928406410901,0.07458139450668895,0.38593776620349934
28,25.0,17,14,1.8521350919221184,0.07460380539008085,0.40658949948198264
29,49.0,17,14,1.8747902982061388,0.07467839245889361,0.39034562310188015
37,47.0,17,14,1.8789431086382224,0.07470423148128985,0.3890942270028838
58,41.0,17,14,1.872386355843431,0.07487689486803208,0.3901904003212972
12,50.0,17,14,1.8694706392931282,0.07494378669858397,0.3908621560962514
1,12.0,17,14,1.8680225874371175,0.07496245756653941,0.39130867959762683
17,76.0,17,14,1.8867647255574829,0.07500501781829419,0.3863843427299999
9,28.0,17,14,1.8930450976099582,0.07501659455127857,0.3854793415747322
12,51.0,17,14,1.8688798601767378,0.07504312756328267,0.3905915523952124
32,11.0,17,14,1.8471318763838769,0.07505749200522135,0.4107863249473528
29,48.0,17,14,1.870871802409023,0.07519384987344671,0.3892224820575642
2,59.0,17,14,1.8752037682849583,0.07523949409356909,0.3878201496516896
29,50.0,17,14,1.8696948554095516,0.07544053598624516,0.38847636390221835
20,71.0,17,14,1.8478602109851003,0.07544971965034787,0.4021694981111957
5,45.0,17,14,1.8488692486462022,0.07550144454462834,0.40024407716316834
2,67.0,17,14,1.871617290330906,0.07560057045751496,0.38724266330425394
39,9.0,17,14,1.8449030550323424,0.07567530930271578,0.40407211925373726
6,38.0,17,14,1.839415486250979,0.07611282223715411,0.41460701818089307
29,47.0,17,14,1.8635355703345988,0.0762032975065677,0.38696701161377406
10,28.0,17,14,1.8466387796390134,0.07627376895333042,0.3953950686674243
12,49.0,17,14,1.8598872481708582,0.07631593061550816,0.38768955561716995
12,52.0,17,14,1.8590609198680235,0.07648091496691478,0.3871966622509996
2,66.0,17,14,1.8641344828687414,0.07667359788504505,0.38475491494343994
37,33.0,17,14,1.8646283031113888,0.07668917105340775,0.38456018379835205
17,72.0,17,14,1.8721261494853945,0.07675123153326328,0.38268085949648095
21,44.0,17,14,1.8353453517996834,0.07676761925282581,0.40903097429040464
6,49.0,17,14,1.841342879913317,0.07680508203415097,0.43651204240190794
44,75.0,17,14,1.8365108971951116,0.07681360360370335,0.4032313102113295
61,9.0,17,14,1.8414781216684724,0.07704223221822286,0.39363827515956024
58,48.0,17,14,1.8645570435976888,0.07713162378181486,0.38281202448791796
29,46.0,17,14,1.85677318737327,0.07714353861113775,0.38489931195340515
35,54.0,17,14,1.8789160103344678,0.07724145545386712,0.38005014241198254
4,40.0,17,14,1.8487583676364203,0.07735535673551584,0.3869735585578812
59,37.0,17,14,1.8467809987307988,0.07740811527336963,0.38763827387035577
36,57.0,17,14,1.834175742217417,0.07741110883987382,0.39859917883544177
53,55.0,17,14,1.876740860444726,0.07755152915450844,0.37933301305623507
2,65.0,17,14,1.8578882000603765,0.07757828926425642,0.3826876446177616
35,30.0,17,14,1.8668535759360962,0.07767007121416934,0.3803652492882154
20,79.0,17,14,1.8305708552278128,0.07770062092066082,0.40147792376680347
29,45.0,17,14,1.8520483294755266,0.07779803395701047,0.3834976595814107
2,60.0,17,14,1.8568108415400044,0.07783194374982139,0.38193478216213544
1,24.0,17,14,1.8522286213813237,0.07785872443686823,0.3831649033182907
61,10.0,17,14,1.8396330049490544,0.07792668715968219,0.3885689732991262
17,75.0,17,14,1.8636952660707815,0.07813299502629467,0.3793022118563974
33,59.0,17,14,1.8382140548646795,0.07820878540606817,0.38764257022636944
29,51.0,17,14,1.8505055071004017,0.07826017539428008,0.38194039891939674
29,44.0,17,14,1.8486003498599752,0.07827119406819992,0.3825119275927151
2,64.0,17,14,1.8523215695609285,0.07839524787141286,0.38083704244201955
36,37.0,17,14,1.83869004381868,0.07873756746485994,0.38424353070532585
59,47.0,17,14,1.8243092758346275,0.07879460790780905,0.397008178094028
29,43.0,17,14,1.844499032890594,0.07884284136292656,0.3813180483302213
5,35.0,17,14,1.8279891326116484,0.07885614571817876,0.39101291219393886
21,39.0,17,14,1.8220778962938349,0.07905125822708053,0.3977153280563313
2,63.0,17,14,1.847690071517325,0.07908756781733847,0.37927158157114477
12,53.0,17,14,1.8412938355398725,0.0791320852315007,0.38112993981469084
2,61.0,17,14,1.847569796450797,0.07915153828965339,0.3790435833577797
43,12.0,17,14,1.8361999142423084,0.07926964590659855,0.38256320215073264
12,48.0,17,14,1.839191271584813,0.07937171790843282,0.3807889003225512
17,73.0,17,14,1.8539031074444132,0.07938092150453707,0.3767211928169987
2,62.0,17,14,1.8453620261793786,0.07945097394667228,0.3784308248467912
32,30.0,17,14,1.856050939751183,0.0795090505636051,0.3758933986591111
29,42.0,17,14,1.8377896247622476,0.07980272617177323,0.37929629834823697
17,74.0,17,14,1.8514214131470847,0.07980670945451969,0.3756957483580912
10,27.0,17,14,1.8246316438262553,0.0798606692745782,0.38589365081001004
6,37.0,17,14,1.8139888497261072,0.08004701930421934,0.40684403872421765
58,40.0,17,14,1.834821502709986,0.08017738477841325,0.378649443510372
7,43.0,17,14,1.8153741386326927,0.08075477802280095,0.3872152684737978
20,78.0,17,14,1.808530866872102,0.08107968072071553,0.3949591483045661
10,11.0,17,14,1.8270490824609182,0.08114445057514004,0.3770899910859322
53,56.0,17,14,1.8521752037062074,0.08128546480308661,0.37079946282254866
29,41.0,17,14,1.8272189219020825,0.08134819813235468,0.376071370194059
56,40.0,17,14,1.819728023483472,0.08150451658422736,0.3786178612017646
53,35.0,17,14,1.8523538312366432,0.08176195124305542,0.3693822244457455
31,57.0,17,14,1.8209703210035433,0.08178038044917592,0.37654706875082494
20,65.0,17,14,1.8237730274380182,0.08225383761262249,0.37326651056460425
54,8.0,17,14,1.799600530151644,0.08234548469668829,0.401628670306895
10,26.0,17,14,1.8118865155173807,0.08238515651076707,0.3780030516035802
56,39.0,17,14,1.813479326742536,0.08245511159278231,0.3766679836760623
36,54.0,17,14,1.8016383559331146,0.08251251930366892,0.387065048148743
6,50.0,17,14,1.8043834255464126,0.08262635705945129,0.42304307802524005
56,41.0,17,14,1.8118628354829904,0.08269251813352493,0.3762210915888199
12,54.0,17,14,1.8173796622218983,0.08282146209061568,0.3730353689059516
33,60.0,17,14,1.806707645915544,0.0829861566086988,0.3776291786664986
2,29.0,17,14,1.8244560325851273,0.08317322035664117,0.36940352040020796
58,49.0,17,14,1.8232267316543078,0.08324653536361856,0.36943750075269016
29,70.0,17,14,1.8180430411674458,0.08327237836101173,0.3708267077718998
29,40.0,17,14,1.8123761918325916,0.0835665464483152,0.3715572031460468
29,52.0,17,14,1.815232116047566,0.0836549850619642,0.3701386040379385
44,76.0,17,14,1.7924274070615491,0.08368736352482746,0.3890075825775082
7,44.0,17,14,1.7956359818228345,0.0837444753157928,0.3819792767660179
29,71.0,17,14,1.813691956112685,0.08396387359328857,0.36934930183790554
9,27.0,17,14,1.829714782904665,0.0840450609522995,0.3654188547525447
37,48.0,17,14,1.812405742013432,0.08421341540363769,0.36872978788810207
35,55.0,17,14,1.8307036544665274,0.08431206371196795,0.3644626886445016
53,57.0,17,14,1.832897594794682,0.08433969681529924,0.3641005743339404
36,56.0,17,14,1.7891544498119083,0.08444718165299081,0.38398352848113615
12,47.0,17,14,1.8062868350267354,0.08445728801977584,0.36987611139149135
17,35.0,17,14,1.7861370678856368,0.08466825564165772,0.3880284422257793
7,42.0,17,14,1.7903074976587636,0.08485923133886775,0.377817152951955
29,69.0,17,14,1.8063991271706323,0.08510313754002709,0.36700531954876703
20,72.0,17,14,1.7843418074675994,0.08512548801787176,0.3840934979199142
56,38.0,17,14,1.795990686108985,0.08515973796208694,0.37128649896667787
6,36.0,17,14,1.781864812516486,0.08527811160625282,0.3968153094875426
20,52.0,17,14,1.7944627706530916,0.0852828518561399,0.371488676107485
21,45.0,17,14,1.7800239974118162,0.0855553384668451,0.3918957935062581
36,36.0,17,14,1.7943716901414577,0.08575424685286356,0.368947639515902
4,39.0,17,14,1.7943776844155526,0.08583737316554164,0.368516060467335
26,10.0,17,14,1.7916532442790132,0.08608301851493848,0.3686394644688909
33,34.0,17,14,1.7782864157827798,0.08612699078665512,0.38207922423906804
58,39.0,17,14,1.7944970269547094,0.08628977706342886,0.36625976946731986
5,46.0,17,14,1.7792129985440548,0.08631176085959154,0.3777661607041842
28,11.0,17,14,1.7806027697745581,0.08632569141714604,0.37572084226957425
20,77.0,17,14,1.7754119512777282,0.08644090111348697,0.3846286190072007
59,36.0,17,14,1.789080606713065,0.08647221066699176,0.3679487129043187
29,39.0,17,14,1.7933627515669022,0.08648369446425051,0.3658397611496171
56,42.0,17,14,1.7867978100739887,0.08661034668130085,0.3684899100746143
21,10.0,17,14,1.7798385921670081,0.08682975562856389,0.3722561922409375
53,58.0,17,14,1.8176287733702632,0.08683633687566923,0.35880190123143496
36,55.0,17,14,1.7746206267544689,0.08685687289118066,0.3790055509394121
29,72.0,17,14,1.7952684109163357,0.08690859473905585,0.36327320618228826
12,55.0,17,14,1.7895832677213208,0.08729268283285209,0.3637171192004671
31,23.0,17,14,1.7840009932023144,0.08748380639684308,0.36533556088788594
10,25.0,17,14,1.786230248794964,0.08750786830604834,0.364147830466016
54,10.0,17,14,1.7741192237559804,0.08755948816412945,0.3721608594257721
37,32.0,17,14,1.7929403779512019,0.08756576371820185,0.3613916956057396
6,51.0,17,14,1.7718761686038975,0.0879787656726946,0.4105089977008121
33,61.0,17,14,1.7756599528559402,0.08798805452659776,0.3676024933836532
31,58.0,17,14,1.7805995069093719,0.08804161321915739,0.36423474274756906
29,68.0,17,14,1.7813742306378006,0.08917903207191998,0.35875340205874234
53,59.0,17,14,1.8035545797936843,0.08918170051265947,0.3539747364152355
43,8.0,17,14,1.7602437007600593,0.0894608285024981,0.3719953541409592
56,37.0,17,14,1.7684405891065416,0.08959846981176325,0.36279986349280996
53,34.0,17,14,1.7998806629990982,0.08999739584074164,0.3521881067280348
39,26.0,17,14,1.7575512170913943,0.0900619369064717,0.3695514119970158
29,38.0,17,14,1.770270647280167,0.09014526299907687,0.35899164739974443
20,31.0,17,14,1.7522410690817782,0.09078287654051961,0.3700364973485107
21,38.0,17,14,1.750168337918371,0.09083791346733641,0.37422840568304
20,64.0,17,14,1.7728029719375191,0.09093417911003673,0.3546839074997505
43,46.0,17,14,1.7730348976249959,0.09100208243467826,0.3543523800500323
44,77.0,17,14,1.7478522834829084,0.0911894813958976,0.3747249348561916
43,45.0,17,14,1.7720638657806866,0.09124122038561419,0.3537527495638241
29,73.0,17,14,1.7690183993142525,0.09124269602814775,0.35474685480684937
35,29.0,17,14,1.7769721083840042,0.09133720056153989,0.35209503695706196
32,29.0,17,14,1.7787010264880847,0.09133994115492626,0.35169316588077404
58,50.0,17,14,1.7716976416539714,0.0914209625227733,0.35319673205484303
33,8.0,17,14,1.7475808283512007,0.09146398697314848,0.39227084848846466
29,53.0,17,14,1.7667444894199333,0.09159676123287229,0.3541327695522712
35,56.0,17,14,1.783177106864227,0.09184862742171852,0.34931242509364185
53,60.0,17,14,1.787701063985039,0.09185659953769523,0.3486515817340445
12,46.0,17,14,1.7601680905444304,0.0920620705447313,0.35477529276121667
12,56.0,17,14,1.7604471769579237,0.0921980608458977,0.3540566749910438
15,9.0,17,14,1.7401858170791746,0.0924668850662618,0.37474795334683536
20,76.0,17,14,1.7400422410520036,0.09252653172359755,0.3733497146001191
1,23.0,17,14,1.7575758336985439,0.09261238868096754,0.353465429064778
43,47.0,17,14,1.76198053821097,0.09283501336584966,0.35092876119368294
5,34.0,17,14,1.7431003446123297,0.0928605525891206,0.362061068817952
6,52.0,17,14,1.7428239454260392,0.0929424739147811,0.3986845713244385
31,59.0,17,14,1.7505037167312065,0.09300868592727625,0.3550894248731471
58,38.0,17,14,1.7531035933327699,0.09302365517699868,0.3536442779284242
33,62.0,17,14,1.7442963380479382,0.09334338518501772,0.35735036957849364
20,73.0,17,14,1.7346020884875328,0.09355763834774465,0.36979883935406244
49,39.0,17,14,1.7416323974190324,0.0935839328642417,0.3579940664890494
29,79.0,17,14,1.752225695867918,0.09362262839512932,0.3513562389375253
56,43.0,17,14,1.7430293570638167,0.09388518570707831,0.3550001514837082
43,44.0,17,14,1.7570455851881401,0.09390482857194828,0.34851461117945837
6,35.0,17,14,1.7321560457256198,0.09393588816404494,0.3801453153656476
7,45.0,17,14,1.7318328359598572,0.09446031878696808,0.3623523051678047
15,8.0,17,14,1.7291374348667015,0.09451211470678456,0.3800456502199252
29,37.0,17,14,1.7428440015190987,0.09468105315490374,0.35094495757161276
29,67.0,17,14,1.7489445679067281,0.09473125349382848,0.34808908225294016
36,35.0,17,14,1.741860931105915,0.09478832954025763,0.3509430816430045
37,49.0,17,14,1.7451788516650895,0.09496144020106663,0.3486131044085583
33,12.0,17,14,1.72972911175064,0.09500010504558792,0.3598958459378609
39,11.0,17,14,1.733073014870894,0.09502081821127291,0.3557720744908801
53,61.0,17,14,1.768293208561008,0.09519017995494526,0.34226743043321867
29,74.0,17,14,1.7434828593238012,0.09561741576269513,0.3466099877805284
9,26.0,17,14,1.7555538796522707,0.09584182966558383,0.34252225127354724
29,78.0,17,14,1.7400678390983149,0.09586754541787894,0.3469411875472722
4,38.0,17,14,1.735759679177663,0.09587117615357359,0.34895643700947154
7,41.0,17,14,1.7261932446804036,0.09592499171818954,0.35609159222512565
43,48.0,17,14,1.7432368511020095,0.0960786181935327,0.3449318521051204
59,48.0,17,14,1.7208103584078376,0.09608106158810137,0.3646157335427466
21,46.0,17,14,1.719611227820859,0.09617223054881534,0.3728747710025399
56,36.0,17,14,1.7298264068712295,0.09621338015652055,0.3508091220055042
60,24.0,17,14,1.7235002521939378,0.09641295254345959,0.35521051394397124
8,25.0,17,14,1.7340788902559583,0.09650318206797312,0.34686653403502865
32,12.0,17,14,1.7198850218686033,0.09653239868707268,0.35956310343889236
31,60.0,17,14,1.7272429911182108,0.09703100328926632,0.34803842605270424
5,47.0,17,14,1.7171058971674864,0.09708100855895765,0.35815082635004214
12,57.0,17,14,1.7326124120665307,0.09710020093589393,0.3449362007452432
20,75.0,17,14,1.7145908417679236,0.09714265280404225,0.3650032012112295
20,53.0,17,14,1.7267804535077675,0.09746405738475289,0.34613722006289654
10,24.0,17,14,1.7347354312401286,0.09765430726676225,0.34196047864415013
6,53.0,17,14,1.7150492780828506,0.0978681472124459,0.386971546071104
20,74.0,17,14,1.7106198281439822,0.09789483833186172,0.3631754071702302
59,35.0,17,14,1.722614678982533,0.0979788934511092,0.3459776894113839
29,77.0,17,14,1.7276502509315095,0.09820170899901862,0.34247626649108404
44,78.0,17,14,1.7068362008236215,0.09860959528246312,0.3616804330061639
29,75.0,17,14,1.726307761706171,0.09862751162859336,0.3413149731978416
57,24.0,17,14,-1.7080267632655122,0.09892246333871588,0.38137511742994384
43,43.0,17,14,1.7289759371987277,0.09897537820720659,0.3390970707082491
33,63.0,17,14,1.7128171079318553,0.09902217893244394,0.34702945319356854
20,63.0,17,14,1.7285625624338476,0.09906810486865769,0.3389021493905983
53,33.0,17,14,1.746131056197865,0.09915153654759276,0.3349632723994547
53,62.0,17,14,1.7454492167718352,0.09922220625149814,0.33487586158885313
35,57.0,17,14,1.7389951330055375,0.0993923496256402,0.3354340155290891
29,76.0,17,14,1.721383623372695,0.09944098921598225,0.34005938907204125
43,49.0,17,14,1.721737012410871,0.0999403270862368,0.3380312436529247
29,36.0,17,14,1.710556885127179,0.10031101190091254,0.34150308194859263
1,8.0,17,14,1.697033123144424,0.10041275733513448,0.36491771292046576
29,66.0,17,14,1.7165774746876812,0.1005893938502156,0.3374849933399783
58,37.0,17,14,1.7095778808578825,0.10063156301865009,0.34051977858340954
31,61.0,17,14,1.7052809118096617,0.10097342272870224,0.34143157827691867
10,12.0,17,14,1.7121783388278828,0.10108667161527571,0.3373000708539518
61,11.0,17,14,1.7038087312794403,0.10116546775606364,0.3414038635255732
29,54.0,17,14,1.7126991618082177,0.10122899342772364,0.33653693550001773
12,58.0,17,14,1.7085738888306514,0.1015070572093651,0.3371561433539104
37,31.0,17,14,1.7107776518085354,0.10176870894919546,0.3352343067598459
43,13.0,17,14,1.7067880125795596,0.10182633704962554,0.3366423137758988
2,28.0,17,14,1.7128928360844362,0.10194042083069176,0.3338960262875776
58,51.0,17,14,1.7086742554262437,0.10237034065453547,0.33379837775927246
12,45.0,17,14,1.700478813246077,0.1027757678872596,0.33561591599326474
35,67.0,17,14,1.7165414762788307,0.10305235976522063,0.32951714042141167
60,13.0,17,14,1.6863035496036367,0.10314664608152253,0.3451791338739554
6,54.0,17,14,1.6865445926493274,0.10314927585890674,0.374879689115555
35,68.0,17,14,1.7156156803202813,0.10315067281182334,0.3294315733988503
44,33.0,17,14,1.689043009134354,0.10324152990899804,0.34102730040889645
35,69.0,17,14,1.7124550859475436,0.1036448367719569,0.32869910546581754
35,66.0,17,14,1.7134016258236597,0.10368480354285979,0.32838809674737696
53,63.0,17,14,1.7209411674636996,0.10369710111500997,0.3270533545879633
43,50.0,17,14,1.7013977636959952,0.1037204785296152,0.33154000471066786
36,9.0,17,14,1.6824722594912906,0.10374676752459644,0.3454140018179054
35,70.0,17,14,1.708469268220738,0.10428700536472574,0.32773571691969
8,8.0,17,14,1.6787428214586448,0.10454997640252607,0.3433797850229364
33,64.0,17,14,1.682678353821574,0.10474334187214998,0.33719822210069433
62,43.0,17,14,1.6875930410157243,0.10481131696728525,0.3333750975691486
56,44.0,17,14,1.6821959988035657,0.10494004380743294,0.3364197983517528
32,28.0,17,14,1.7002905933257122,0.10497260664208974,0.32771303769630444
35,71.0,17,14,1.7042743104704723,0.10497852129496103,0.3266939975236929
12,59.0,17,14,1.6901456653791505,0.1049916068848059,0.33127651907067956
35,79.0,17,14,1.7031088991743395,0.10506346405239259,0.32671882075920117
62,44.0,17,14,1.6858280841507862,0.10513843548117051,0.332872680188567
44,79.0,17,14,1.672846975778741,0.10515148832832198,0.35096339914412844
57,23.0,17,14,-1.6727957654541021,0.10522788828421606,0.36001341543033666
35,65.0,17,14,1.7048924939819945,0.1053083916982367,0.3256297920576349
29,65.0,17,14,1.6909561298623703,0.10547354446030083,0.329073998893167
35,72.0,17,14,1.6999760308819387,0.10571422298153184,0.32556626072731465
1,13.0,17,14,1.6874835781645439,0.10571473583558641,0.3295879606509974
56,35.0,17,14,1.6777412084006393,0.10588720264300476,0.3345253347138762
35,78.0,17,14,1.6987837477244276,0.10589486343828557,0.3253245766833695
31,62.0,17,14,1.6785475032243535,0.1059588100185872,0.33350714361082445
43,42.0,17,14,1.691142229767878,0.10612091938764276,0.3267481147397659
37,50.0,17,14,1.6820910246226035,0.10618911909715227,0.330215203143633
20,62.0,17,14,1.6919833009157161,0.10623041872413878,0.3261264244484093
35,58.0,17,14,1.7012521542812535,0.10626684012107543,0.32375516141463306
35,73.0,17,14,1.695772849555219,0.10646544061551659,0.32438872800657315
5,48.0,17,14,1.6674808850120226,0.10651821576195597,0.3427516424370918
35,77.0,17,14,1.6943657597819195,0.10673783588674328,0.32393780163225744
43,51.0,17,14,1.6844806704044226,0.10695539974165968,0.32618865477845477
21,37.0,17,14,1.6633931162162057,0.10706848471577678,0.34673969919638314
35,74.0,17,14,1.6923341518646549,0.10710400044968361,0.3233685707774472
29,35.0,17,14,1.6729198961297733,0.1073069151257236,0.3304402125895414
35,76.0,17,14,1.691330428186526,0.10731055877446859,0.32301470112034847
12,60.0,17,14,1.6776539573127907,0.10739534790117779,0.3273807694615599
35,75.0,17,14,1.6906240296210227,0.10743470195285217,0.32282753633230715
21,47.0,17,14,1.6614558855527517,0.10745690556930468,0.3545982883438441
62,42.0,17,14,1.67376362929583,0.1075111981106819,0.3289321003735917
29,12.0,17,14,1.690082999479902,0.1075361412772801,0.3226661632804313
43,60.0,17,14,1.6837263874461317,0.10758669602368776,0.3243003159020584
29,11.0,17,14,1.688492890804535,0.10767089182688783,0.3226688244236598
43,59.0,17,14,1.6822939667278236,0.10783468774123227,0.3239505462052496
35,64.0,17,14,1.6913147104558275,0.1079141692559373,0.32132928060379695
36,34.0,17,14,1.6721763746218767,0.1079741520128254,0.3277500917792
43,61.0,17,14,1.6815071611961299,0.1080330604843323,0.3235547796208862
53,64.0,17,14,1.6972717391455667,0.1081774772785025,0.319585660769198
4,37.0,17,14,1.6704107048981631,0.10822606177919898,0.3276243933404361
62,45.0,17,14,1.6693715090999799,0.10834069848712102,0.3277111609192369
36,8.0,17,14,1.6568827879970256,0.1084067400740354,0.34390716311081754
6,34.0,17,14,1.6563169683100178,0.10853294154614754,0.353816358976836
43,58.0,17,14,1.6783915188059286,0.10854094166492374,0.3229084519279692
29,64.0,17,14,1.6755788933148974,0.10854370412110194,0.32391195924595984
12,61.0,17,14,1.6693727342016162,0.10898978467053363,0.3249105755393004
6,55.0,17,14,1.6562994163315656,0.10904196003293784,0.36229135913618626
53,32.0,17,14,1.6923291672380956,0.10908106919328216,0.31816253109648024
20,54.0,17,14,1.6681837093862262,0.10916229300876895,0.324792962979034
42,51.0,17,14,1.6547989648280113,0.1093191304017051,0.33563837211443026
15,31.0,17,14,1.6522606095642507,0.10936260574362673,0.35237853955088283
43,52.0,17,14,1.6719548132885076,0.10940675802881888,0.32224782593136025
43,62.0,17,14,1.6739978700105114,0.10951301310695756,0.3211735742339644
43,57.0,17,14,1.6729412379612392,0.1095301555456574,0.3214727720099284
29,63.0,17,14,1.669179331580298,0.10990208634855689,0.32156687910074433
42,52.0,17,14,1.6520290262733317,0.10990979348639794,0.33446647009155406
33,65.0,17,14,1.656256215068388,0.10999100947091149,0.3286524748843077
58,36.0,17,14,1.6600664646479988,0.10999436870286376,0.3257197464557765
42,50.0,17,14,1.6505574920573243,0.11017264610214728,0.3343816433298428
12,62.0,17,14,1.6618518424149535,0.110433488121198,0.3227658807978552
35,28.0,17,14,1.6701906437585197,0.11049323799785833,0.3192556921683888
29,62.0,17,14,1.6662929271136309,0.11056618442358429,0.3203499210346993
10,23.0,17,14,1.6722820468543165,0.11057643307636877,0.31838497489093304
43,56.0,17,14,1.667134057821258,0.11058293935151078,0.31998535502677466
5,33.0,17,14,1.6498266779139308,0.11067635422742002,0.3309039991538605
29,55.0,17,14,1.663423637473285,0.11078997358627685,0.320686330665299
43,53.0,17,14,1.6641878921510458,0.11096399806771608,0.31976903082789543
35,63.0,17,14,1.675176326072157,0.11107827695871235,0.31626247804844404
43,55.0,17,14,1.6626426415708786,0.11138533432018749,0.3189030167325653
9,25.0,17,14,1.6689171109521153,0.1114765093738981,0.31665729120903474
10,8.0,17,14,1.643262794243572,0.11151591626377487,0.3338372825997071
43,54.0,17,14,1.6612422320381963,0.11159444466423582,0.3187110487358556
35,59.0,17,14,1.6730901554040736,0.11165808649358964,0.3151743108830756
29,61.0,17,14,1.660341994701021,0.11182274572236504,0.31826866130784953
32,9.0,17,14,1.6394401537698178,0.11200867600042971,0.34752892887535486
59,34.0,17,14,1.6496305862805882,0.11209077841938878,0.32251004219501744
42,49.0,17,14,1.6409476592846235,0.11215762795419595,0.33122944952910044
61,26.0,17,14,1.6394146739696962,0.11217606043254688,0.33456490879122697
8,9.0,17,14,1.6421062455900703,0.1121946227686358,0.3290077892113959
53,65.0,17,14,1.6766148125751563,0.1122228471375296,0.31312918296619846
42,53.0,17,14,1.6406729120442898,0.11228918728338033,0.3303845456461274
43,63.0,17,14,1.6596605467903147,0.11237649748067571,0.31668089738973726
20,61.0,17,14,1.661713056540754,0.11242569304840672,0.31587608579040505
12,63.0,17,14,1.6512614975931048,0.11250550526035012,0.3197202278070687
31,63.0,17,14,1.6425352057195028,0.11301787287026205,0.32300724313081275
33,78.0,17,14,1.6469354548518766,0.11314688433890419,0.3193796670390042
62,41.0,17,14,1.6447542198796907,0.11335182230139577,0.31976192235703893
33,77.0,17,14,1.6447402803128295,0.11338522096486883,0.31962064515933863
33,79.0,17,14,1.6463126147379423,0.11347919699945333,0.31832899855287994
7,46.0,17,14,1.632788135424811,0.1136118794978355,0.331684978540189
35,62.0,17,14,1.6608754154366387,0.11395737576363085,0.3117779439808427
5,49.0,17,14,1.6309169622233315,0.11398207001703063,0.33144718759783365
62,46.0,17,14,1.6408934153173655,0.11409315337590503,0.31880259451814796
33,76.0,17,14,1.6402474702006036,0.11410851666553025,0.31914601702709194
7,40.0,17,14,1.6329511600699975,0.11411220379008803,0.3260074972489614
33,33.0,17,14,1.629319258666229,0.11414472486998291,0.3344287431536555
33,66.0,17,14,1.6359269343314673,0.11418248916774354,0.3221141312413304
29,60.0,17,14,1.6477403291053248,0.1144031832044008,0.31427926844527965
43,41.0,17,14,1.647590809372812,0.11483076035466196,0.31293827539410846
35,60.0,17,14,1.656930238377669,0.11484033438995613,0.31034394713377134
24,32.0,17,14,1.662327610953399,0.11501983828051338,0.30887511099979215
33,75.0,17,14,1.6349388955567914,0.11503101435869334,0.3183510652768167
24,31.0,17,14,1.6613792660931956,0.11509290544241735,0.30886236959340013
42,48.0,17,14,1.6261170363995314,0.11529380699406205,0.32624192572474947
35,61.0,17,14,1.6534516561840193,0.11550023880328705,0.30940043043353527
53,66.0,17,14,1.660108958570336,0.1155511753054472,0.3080045819479189
6,56.0,17,14,1.6243489906749387,0.11561357864908926,0.3494433760985939
12,64.0,17,14,1.6351466157041608,0.1157591191316191,0.3149781142148793
33,74.0,17,14,1.63026476137423,0.11585986758424267,0.31763882512752784
29,34.0,17,14,1.629519325826707,0.11598994234356055,0.3175422321560291
0,44.0,17,14,1.6306456579310067,0.11616100078977666,0.3159189694462711
0,43.0,17,14,1.6309390286865046,0.11616339864490297,0.31571843541412603
33,73.0,17,14,1.6267798872126953,0.11647560743348516,0.31716427575563394
42,54.0,17,14,1.620812148050042,0.11653253591746657,0.3234926007809528
1,22.0,17,14,1.6317341489038162,0.1166801917183454,0.31309072276935335
43,64.0,17,14,1.6380723249799727,0.11680046514058531,0.309994302908797
24,33.0,17,14,1.6534859547161314,0.11690831122886125,0.3059633738399605
58,52.0,17,14,1.6337284913091963,0.11691306088395811,0.31129374443423424
33,67.0,17,14,1.622998414070498,0.11692757322251973,0.3179245167482624
33,72.0,17,14,1.624055290037009,0.11696004334154785,0.3168070813726525
13,45.0,17,14,1.6170124841285252,0.11706997874570288,0.32528712787692354
12,44.0,17,14,1.627893567778189,0.1172278056762281,0.3129477926483647
37,51.0,17,14,1.6257281687684568,0.11724363082348627,0.3141824405160526
33,71.0,17,14,1.621348419953476,0.11746193595712816,0.3163659061230881
0,42.0,17,14,1.6238434283097036,0.11771261120060221,0.31328592481526973
20,60.0,17,14,1.6361121309707807,0.11779476666716579,0.3076172570806723
29,59.0,17,14,1.6305214881196821,0.11794903468942321,0.30906665556687446
24,30.0,17,14,1.646627822336298,0.11795380708932876,0.30472055738545606
33,70.0,17,14,1.6184848419296454,0.11801266178132336,0.3158133639546755
15,10.0,17,14,1.6126449615425928,0.11805606934747989,0.32338030464368067
29,56.0,17,14,1.628440945005515,0.11808234172138844,0.30946162600922067
53,67.0,17,14,1.6477217720309847,0.11810801084223234,0.3041748528095105
33,68.0,17,14,1.6171009188724819,0.11821793613637688,0.31590455317146987
33,69.0,17,14,1.6164024101630434,0.11840848292313354,0.3154527365495378
21,48.0,17,14,1.6093382474628557,0.11851433756433309,0.33842445294342444
20,55.0,17,14,1.6250864620284697,0.11857799262443516,0.309182929685539
57,25.0,17,14,-1.6136969872142781,0.11863634816763594,0.3528665550479061
26,7.0,17,14,1.6086912725808629,0.11870717707349077,0.3392688239356381
25,50.0,17,14,1.6082186004941716,0.11874881729493504,0.33777344180506497
17,34.0,17,14,1.6072550840911866,0.11884997744443677,0.32946616013664615
13,46.0,17,14,1.6086126244573096,0.11885243831179808,0.3231317956454621
49,38.0,17,14,1.611327862849202,0.11890688927678907,0.317738995512302
0,45.0,17,14,1.61670103225273,0.1190269325822809,0.3120313402058591
37,30.0,17,14,1.6227811801010892,0.11922902176556406,0.30790496898505787
56,45.0,17,14,1.6099525527947858,0.11958537594086396,0.31472869006608045
5,50.0,17,14,1.6043220858810892,0.11970945248746319,0.3229897321261673
53,31.0,17,14,1.6390017617196937,0.11971232166607117,0.3020020659574509
32,27.0,17,14,1.6250726033873553,0.11974837253414505,0.305345234418259
56,34.0,17,14,1.6098478539767556,0.11983203395445498,0.3133650894034069
40,62.0,17,14,1.6391952142851607,0.11990387277528,0.30153336441753903
40,63.0,17,14,1.6382222965279176,0.12002006486543011,0.3014362108693269
53,68.0,17,14,1.6386071683785293,0.12002196850591983,0.3013664526919801
24,34.0,17,14,1.6387380249379961,0.1200310244684116,0.30132411992762004
25,49.0,17,14,1.6020596412515156,0.12004948359796003,0.33405448895140993
42,47.0,17,14,1.6039524371985465,0.12012361236620964,0.3187718968107627
0,41.0,17,14,1.6126604444778891,0.12014956471584357,0.309640697757603
12,65.0,17,14,1.6136678567851805,0.1202580051740219,0.308574215720421
21,8.0,17,14,1.598964449529313,0.1208180159004356,0.33505288522805454
29,58.0,17,14,1.6158885389790005,0.1209842614286504,0.30484084773655046
40,61.0,17,14,1.6329003559132644,0.12129564624333525,0.29947602998092776
53,69.0,17,14,1.6316798486591773,0.12149225564874877,0.29924437700210077
29,57.0,17,14,1.612957902680813,0.1215066149697889,0.3043112629063275
40,64.0,17,14,1.6304398559158613,0.12155844120707282,0.29931155126456305
38,43.0,17,14,1.60579768854117,0.12163057271352694,0.307565881616861
28,24.0,17,14,1.595663554127423,0.12164498779638418,0.31994468953840266
62,47.0,17,14,1.6045404681233169,0.12182133621860523,0.30754925790609994
13,44.0,17,14,1.5950240018604354,0.12195923244750254,0.31745238751781313
36,10.0,17,14,1.5965031472064035,0.12216348617036622,0.3130586061284885
42,55.0,17,14,1.5949237222632764,0.1222519445159176,0.3146905632303767
20,59.0,17,14,1.6147712125856297,0.12229421395524434,0.30120298542434604
62,40.0,17,14,1.6014862538599983,0.12255182580492334,0.3063405890253614
10,13.0,17,14,1.6084171216489047,0.12258376773004365,0.30261741758774113
43,65.0,17,14,1.6105282875187632,0.12264788643289494,0.30159310960167507
53,70.0,17,14,1.6261064068621847,0.12268028816150107,0.29755539134231285
58,35.0,17,14,1.5988157493656356,0.12269857012895559,0.3075625413406747
31,64.0,17,14,1.5962055759295388,0.12272215482922529,0.3097228956083272
6,57.0,17,14,1.5913288092032696,0.12279439614193219,0.33674526829742224
38,44.0,17,14,1.5979840999079158,0.1228166682108098,0.3076307512735025
10,22.0,17,14,1.6156715407030706,0.12305321141262641,0.298873881717589
25,51.0,17,14,1.5891585309740952,0.12307856909400833,0.3328292177711046
8,7.0,17,14,1.5880543226777202,0.12329720277682316,0.318428304654389
59,49.0,17,14,1.5872027796041526,0.12331770272984542,0.32347250148896434
34,45.0,17,14,1.6028160167217378,0.12334070043075332,0.3025068001299557
29,13.0,17,14,1.6134234117728252,0.12346490138314761,0.2983881958112386
0,40.0,17,14,1.597318320647935,0.12352597533271079,0.30482026525672623
53,71.0,17,14,1.6215406651808075,0.12365256330902144,0.29619351817027784
24,35.0,17,14,1.6211634210489465,0.12381382537692322,0.29590365429674137
40,60.0,17,14,1.6207824681909824,0.12392641370522635,0.2957220752832856
2,27.0,17,14,1.6027510996805034,0.12398782181689061,0.3003541957316163
40,65.0,17,14,1.61823386400543,0.12406276091862885,0.2958733037576891
4,36.0,17,14,1.5950642962124193,0.12411066804546693,0.3037650192006105
53,77.0,17,14,1.6178499542219706,0.12435258671401334,0.29529527768645064
53,72.0,17,14,1.6180854680038115,0.12438351296370044,0.29518520927025305
53,76.0,17,14,1.617524846626202,0.12443299281612845,0.2951751758648622
20,56.0,17,14,1.6003726703156242,0.12444863204312208,0.29983280714230737
34,46.0,17,14,1.5972439561404026,0.12449225384063475,0.30107966268834924
24,29.0,17,14,1.6145772825232971,0.12453527951894366,0.29550089664655377
43,40.0,17,14,1.6017757782435686,0.12457728326482703,0.2988852099075777
5,51.0,17,14,1.5825050348238296,0.12462113898239637,0.3155624291778693
53,78.0,17,14,1.6162756981127786,0.12468475522667158,0.29484120612263154
53,75.0,17,14,1.6163631357937083,0.12469857413678409,0.2947949985536158
53,73.0,17,14,1.6160462979755343,0.12480592056187233,0.2946145638385047
26,11.0,17,14,1.5942749510829524,0.1248477229093908,0.3012858304661517
53,74.0,17,14,1.6155769328479974,0.12488731318405714,0.29451857696446615
34,44.0,17,14,1.5939433158500538,0.12538213097084722,0.29952058320007696
13,47.0,17,14,1.579260884167494,0.12538699498451117,0.31414486601790753
20,58.0,17,14,1.5992510371374182,0.12548837502709412,0.29706707000460364
12,66.0,17,14,1.5896320315995793,0.12549846897016995,0.3013712003850494
53,79.0,17,14,1.6123473864098044,0.1255280558149275,0.2936853122866514
28,12.0,17,14,1.5828707855229722,0.12565549055416514,0.30591655675105883
38,42.0,17,14,1.5885765789547328,0.12586609512253283,0.3005250651523026
44,10.0,17,14,1.5756271428190558,0.12608602158365786,0.3153049401575816
25,48.0,17,14,1.5734776632021348,0.12648770388448938,0.32284996295673946
20,57.0,17,14,1.5929890203043529,0.12653754975436793,0.29618487324817183
0,46.0,17,14,1.5817762976082623,0.1265768195630985,0.30199639186772476
14,43.0,17,14,1.6066412842521631,0.12680641760077163,0.2919123653342443
40,66.0,17,14,1.6050825627954834,0.1268313268481854,0.2921505666575706
29,33.0,17,14,1.5795432621857652,0.12683908307149194,0.30252058665306714
21,36.0,17,14,1.5705708790866137,0.12713526191062277,0.3179969832816092
14,44.0,17,14,1.6045932446579145,0.12720766917145693,0.2914089629743322
40,59.0,17,14,1.6054900749087357,0.1272815785886845,0.2910875912181829
14,42.0,17,14,1.6038979205354496,0.1274561555091815,0.29099372572828175
39,12.0,17,14,1.5759183074196563,0.1274679711848435,0.30245416754437215
42,46.0,17,14,1.5705210840119477,0.12772076022363998,0.3076677630893308
37,52.0,17,14,1.576193069736461,0.12783688207127275,0.3003366191149455
24,36.0,17,14,1.6025886510959142,0.1279073120521995,0.2902538720575213
36,33.0,17,14,1.5787253214276908,0.12797051637736712,0.29800640524815564
26,48.0,17,14,1.566930543146437,0.1281630412265488,0.31133574555064286
21,11.0,17,14,1.5711046927250891,0.12832786743572788,0.3023783217262768
61,8.0,17,14,1.5655205572531699,0.1283734596657559,0.31348696858386493
0,39.0,17,14,1.575352468199571,0.12845264898960054,0.29817008586595073
14,45.0,17,14,1.5984508336106726,0.12851496240189103,0.2896925504608117
42,56.0,17,14,1.5673183179347414,0.12860075903707394,0.30544181134271814
59,33.0,17,14,1.5722694000883353,0.12891492362576285,0.2983073894826167
34,47.0,17,14,1.5766799897131085,0.12903861692564972,0.2951125540373441
14,41.0,17,14,1.5967477565837138,0.12908329778698924,0.28877590976097517
40,67.0,17,14,1.594207943536794,0.12916895247424567,0.2890750456595759
26,49.0,17,14,1.562508793385209,0.12918599218694612,0.31012701080303795
21,49.0,17,14,1.5626686347279621,0.12921493804799652,0.3241235524709509
43,66.0,17,14,1.5796178977787303,0.12948852473366412,0.2923419147440215
39,25.0,17,14,1.5635360482429121,0.12959732114476877,0.30333252966256835
5,52.0,17,14,1.5600636949324416,0.12988701989553963,0.30741214771053826
14,46.0,17,14,1.5897459651138142,0.1304074320987143,0.28722733590396765
6,58.0,17,14,1.5579057597673736,0.13047942054737252,0.3245663873039634
12,67.0,17,14,1.5671915389254705,0.1305886178649005,0.2946276013601717
23,9.0,17,14,1.556208421539637,0.13059148675571267,0.3098151468200075
34,43.0,17,14,1.5710840977376415,0.13064202052189677,0.29231693941608977
40,68.0,17,14,1.5873819262703517,0.1306604421382815,0.2871424866838524
62,48.0,17,14,1.5649755798792557,0.13073741748141507,0.2954815068974361
40,58.0,17,14,1.5900019977193571,0.13074113086474498,0.2864644926894393
43,14.0,17,14,1.571493094328927,0.13079234224955633,0.2916336936017051
32,13.0,17,14,1.5592941432640068,0.13083893609318017,0.3002380823108033
53,30.0,17,14,1.586049111827542,0.13107192944672041,0.28650405302826765
38,45.0,17,14,1.5590033159754362,0.131131437180676,0.29872879199792485
40,69.0,17,14,1.5844640515068908,0.1313104808410748,0.2863009476789199
31,22.0,17,14,1.5648487878989,0.13139695539059806,0.29288835308670974
14,40.0,17,14,1.5863206210269531,0.1314618530530452,0.2856098779770538
40,70.0,17,14,1.5838231104907967,0.13146825529284914,0.28608389213607105
6,33.0,17,14,1.5521953266967536,0.13156669111228414,0.31793360633351114
40,71.0,17,14,1.5832865760421517,0.131610662083839,0.28587969222029247
60,23.0,17,14,1.5536111530260708,0.1317899768092558,0.3014160673153127
40,72.0,17,14,1.5810348822893179,0.13213788443510235,0.28518140068757064
24,37.0,17,14,1.5835226116509198,0.13222022831257346,0.2845236777476322
30,0.0,17,14,-1.6059439413926826,0.13229199362171545,0.4042927980585561
9,24.0,17,14,1.5688273639274126,0.1323357020925955,0.2880276109285201
25,52.0,17,14,1.549096656185896,0.13251400069569913,0.3206062147251624
14,47.0,17,14,1.580135376782784,0.1325265523936274,0.2845153734144621
35,10.0,17,14,1.5479667100693708,0.13257161576872467,0.3068424014924913
26,47.0,17,14,1.5475317587107034,0.13273896946204275,0.3054059251585028
5,32.0,17,14,1.5492274244182944,0.13303827349112263,0.2984235824675004
40,73.0,17,14,1.5760835150352128,0.13326994868956551,0.2837218952102316
37,10.0,17,14,1.5560603503503092,0.13336627187805533,0.29057166300204107
40,57.0,17,14,1.5769512590001744,0.13371048321579962,0.28261221922547713
24,71.0,17,14,1.5712046327642875,0.13372218920687165,0.28379309552337206
24,72.0,17,14,1.570873194236125,0.13378270282987417,0.2837324854678093
17,8.0,17,14,1.5424678433340762,0.13383015222114014,0.3071740382302487
10,21.0,17,14,1.568542694487866,0.13402497722566067,0.2837412465655237
38,41.0,17,14,1.5529711687231271,0.13434385705495466,0.28871724349864
40,50.0,17,14,1.5747162132950234,0.13435832103488093,0.2816791906093499
14,39.0,17,14,1.5737576238530817,0.13436045798312335,0.2818508956266743
40,51.0,17,14,1.5745099106141185,0.13438840486587178,0.28165452185316925
13,48.0,17,14,1.5404368424558657,0.13450275957875366,0.30228286822676886
42,57.0,17,14,1.5425627081727613,0.13452532057867134,0.2972221714139711
14,48.0,17,14,1.5706649719023849,0.13463499719670033,0.2818759714330114
12,68.0,17,14,1.54982073248782,0.13466999242234276,0.2893678416997674
40,49.0,17,14,1.5728818011753967,0.13478632281890085,0.2811313053639402
31,65.0,17,14,1.542630589307248,0.13487558480577166,0.2946353500633829
40,52.0,17,14,1.5721102231861113,0.13491522483472596,0.2810065747754407
30,1.0,17,14,-1.5940649969914225,0.13493367333625364,0.3993880021992775
43,39.0,17,14,1.5558421604253139,0.13496460961504192,0.2853309743914249
32,26.0,17,14,1.5555852565813697,0.13499137179734835,0.28535485395132376
24,70.0,17,14,1.5657792395681795,0.13501328069639665,0.28211958958321764
13,43.0,17,14,1.5392450527559043,0.13502812750489904,0.298916727239298
40,74.0,17,14,1.5683745421884443,0.1350296552354017,0.2814986556695316
24,73.0,17,14,1.565112452654795,0.13510858157079192,0.28206137080545274
40,48.0,17,14,1.5696213938119825,0.1355326395183687,0.28019397677557795
62,39.0,17,14,1.544685436067004,0.1355644072743603,0.289182697271124
20,30.0,17,14,1.5363042996250518,0.1355799946794573,0.29993287465914864
58,53.0,17,14,1.5483245740349847,0.13570977006178153,0.2863966463786561
40,56.0,17,14,1.5681805435121823,0.13573821449272774,0.2800373415937767
40,53.0,17,14,1.5683479748572922,0.1357561560885356,0.2799693854669564
0,38.0,17,14,1.543569381464891,0.1358328654623126,0.28884343147473623
17,9.0,17,14,1.5365505059968612,0.13592781551278107,0.2958029249494463
24,28.0,17,14,1.56264844815275,0.13595945903234766,0.2807120907994786
12,43.0,17,14,1.5438542436797629,0.13608086992341772,0.287631967783578
8,10.0,17,14,1.5362852110395815,0.13618841245071245,0.2942047382066321
5,53.0,17,14,1.5334119579096304,0.13640762620519653,0.2975536895385738
40,54.0,17,14,1.5650429303275355,0.13649776304153136,0.27906191104768086
40,47.0,17,14,1.5653553495044648,0.13650471892264018,0.2789898550557157
26,50.0,17,14,1.5318255649721888,0.1365202880672906,0.3010928272308041
56,46.0,17,14,1.5355008727642823,0.13653306583770344,0.2929009753335799
40,55.0,17,14,1.564409320307702,0.1366261853365027,0.27891714945294965
14,49.0,17,14,1.5615016506988755,0.13668788551784428,0.279367381040269
43,67.0,17,14,1.5480313406106945,0.13679229006628404,0.2830859158043102
25,47.0,17,14,1.5301569917464877,0.13682375237700137,0.30702817111275205
24,38.0,17,14,1.5634736922199362,0.13688189678696483,0.2785686798776085
24,74.0,17,14,1.5559231449683253,0.1372487905865389,0.2794012977204231
40,75.0,17,14,1.5586294698968914,0.137270031392835,0.2787280050121028
24,69.0,17,14,1.5560861819990195,0.13734479705246774,0.2791435797724521
34,48.0,17,14,1.54090755755127,0.13734791998710283,0.2846693840638424
12,69.0,17,14,1.538657813413163,0.1373753234690524,0.28590662691095897
35,27.0,17,14,1.5452707687559266,0.13748432531044424,0.28217412006950165
14,38.0,17,14,1.559380629737989,0.13772688446902584,0.27761289489878893
40,46.0,17,14,1.559939633309257,0.13774335702189944,0.2774734670811626
37,53.0,17,14,1.5323759769794758,0.13795995123175903,0.2881537089898885
29,10.0,17,14,1.5467753771439123,0.13829935167161433,0.2794213096704651
6,59.0,17,14,1.5242508500484944,0.13865683472289428,0.31304690923182454
1,14.0,17,14,1.5380100140042146,0.13867739645341906,0.28171137753157166
14,61.0,17,14,1.5509365651080926,0.13869258482429098,0.2773556126194548
14,50.0,17,14,1.5523318933440746,0.13875472117380658,0.27690223548098286
14,60.0,17,14,1.5506073217877963,0.13882585041164375,0.27713814591831326
8,24.0,17,14,1.5343279002160717,0.1388328623216291,0.28309446159373525
61,12.0,17,14,1.5307894265414266,0.13889166128202793,0.2851705457018917
30,2.0,17,14,-1.576152870488403,0.13900313862874322,0.3920228328629327
12,70.0,17,14,1.5320781446474514,0.13902199309017774,0.28375523818146725
7,39.0,17,14,1.5231243078845325,0.13914429452820154,0.2923834423363251
42,58.0,17,14,1.523754988108397,0.13918214432460704,0.29098109056497656
39,8.0,17,14,1.5210552169836986,0.13921103610620036,0.30809952737970453
34,42.0,17,14,1.5346365976756118,0.13934868973093137,0.2811821497716751
37,29.0,17,14,1.5342029430711723,0.13938313837788416,0.28128403751597303
40,45.0,17,14,1.552814437927295,0.13939184651876158,0.2754770023799396
56,33.0,17,14,1.5250853632842425,0.1394684499280679,0.2874339036821333
14,62.0,17,14,1.5472788092742211,0.13948753117228652,0.2764629595677718
42,45.0,17,14,1.5216877043929387,0.13950779290840068,0.2918843610890289
14,59.0,17,14,1.54773463484327,0.13953835512133708,0.2762421680449364
24,75.0,17,14,1.5460310278082627,0.13957617871525632,0.276571638887903
44,9.0,17,14,1.519058801664151,0.13963810380998312,0.3056262289643905
40,76.0,17,14,1.5480260876322531,0.13973554525555973,0.27574759229747553
62,49.0,17,14,1.5262815993745076,0.1399866708331892,0.2838712866500809
21,50.0,17,14,1.5182519705414899,0.1401189869403841,0.3105103061786207
24,68.0,17,14,1.5447810728353053,0.14012164858931297,0.27565755522724844
12,71.0,17,14,1.5265912466159206,0.1404251687206604,0.2819000952514169
14,58.0,17,14,1.5433958283939477,0.14057807940566946,0.2749835343861988
29,32.0,17,14,1.5212001434605906,0.14068459233419559,0.2849264099813119
35,11.0,17,14,1.5145212944238529,0.140729655955381,0.29883427870297463
7,47.0,17,14,1.5144223880791265,0.14083979961707807,0.29589575890178693
14,51.0,17,14,1.5431542065764032,0.1408399060984248,0.2744721754578473
0,47.0,17,14,1.5201380645975504,0.14097731675246672,0.2844635909127847
58,34.0,17,14,1.5195047836165727,0.14110602330033734,0.28441752715703633
60,14.0,17,14,1.5173803633835594,0.141366874583883,0.28519494436445236
10,14.0,17,14,1.5295673280774138,0.14146172008573393,0.2770544837175721
14,63.0,17,14,1.5386640738342825,0.14146895030205442,0.27416541391925536
24,76.0,17,14,1.537690542603942,0.14155006844862683,0.27423001144645887
40,44.0,17,14,1.5435854885673224,0.14156220372032446,0.2728827639724458
14,57.0,17,14,1.5381948162606918,0.14181161950691865,0.27352520293001026
14,37.0,17,14,1.5420528832177112,0.14185705467282209,0.27259060284402936
26,46.0,17,14,1.5098587774489005,0.14200993837927448,0.29412213873934123
24,39.0,17,14,1.541514060689351,0.1421402442610143,0.2721286778077889
36,7.0,17,14,1.5091291496180548,0.1421437508081676,0.3022236958643252
40,77.0,17,14,1.5377601866562014,0.14215345888218647,0.272889730459569
42,59.0,17,14,1.511575210709327,0.14227764095853426,0.2868954347936336
16,10.0,17,14,1.535808924525617,0.14237286947511546,0.27287439456326906
37,9.0,17,14,1.5151765931945276,0.1424871506286311,0.2816881668142341
12,72.0,17,14,1.5184888526156524,0.14248785655211035,0.27928488296523385
14,12.0,17,14,1.518268514655163,0.14248866506148447,0.27942154049240464
24,67.0,17,14,1.53468424316914,0.14266657192913235,0.2725060393626172
14,52.0,17,14,1.534845709514028,0.14274216552175364,0.2723044158639146
16,9.0,17,14,1.5342613401284653,0.1428113714246507,0.27229347272866866
24,77.0,17,14,1.5319726458162668,0.14289914992405314,0.2726711576675744
16,11.0,17,14,1.5327655027237654,0.14291900185815418,0.2724238852773251
48,44.0,17,14,1.505463522401059,0.14305451804901737,0.3001546096290762
54,11.0,17,14,1.508989128403073,0.1430624637877164,0.28518731320415486
14,56.0,17,14,1.5327994758769834,0.14309484842679926,0.27203021331526267
53,29.0,17,14,1.5333289210030263,0.14319451328438518,0.2716903380368979
14,11.0,17,14,1.5108714660222355,0.1432757301304791,0.2817957935254592
15,7.0,17,14,1.507988523676783,0.14329618226011068,0.3130158934924965
0,5.0,17,14,-1.5545035684786945,0.14352868637418525,0.381396870645764
3,45.0,17,14,1.5215876018247163,0.14359615844313023,0.2742572178054441
24,78.0,17,14,1.5288608176962817,0.14362009544295587,0.27186535193328704
10,20.0,17,14,1.5285790900762486,0.14374724112303613,0.27165376062965146
24,79.0,17,14,1.5278613219986468,0.143836591723618,0.2716424384830156
14,53.0,17,14,1.5289586334997556,0.1440908599605492,0.27080352358503695
42,60.0,17,14,1.5045051584018796,0.1441077775412446,0.2844809758450724
14,55.0,17,14,1.5284525190559919,0.14414342402145097,0.27081286717028885
43,68.0,17,14,1.5174641635618062,0.14417368241323808,0.27431597698698235
40,43.0,17,14,1.5326595279171251,0.14417916190058463,0.2698082463670801
13,49.0,17,14,1.50103675282871,0.1443064896902329,0.29052892240222644
40,78.0,17,14,1.528689774112248,0.14431636385486932,0.27038520079097744
5,54.0,17,14,1.5024036997051768,0.14433806861695353,0.28630326848090304
48,45.0,17,14,1.5003732275871613,0.14439257426328342,0.2995151979610379
24,66.0,17,14,1.5278914652031812,0.14443866487761398,0.27031313301637827
16,8.0,17,14,1.526736783804168,0.1444426220249528,0.27058657959933985
40,35.0,17,14,1.5305395640398944,0.14456840688940661,0.2694597982594732
14,54.0,17,14,1.5267883360562853,0.14456844051943465,0.27030035358470145
14,64.0,17,14,1.5255323625979678,0.1445842016824129,0.270581837487034
24,62.0,17,14,1.5286889713669263,0.144667288607147,0.2696514890744352
40,34.0,17,14,1.5299443644914221,0.14467964788981533,0.2693590073185166
24,63.0,17,14,1.5281728854689074,0.14468429499336025,0.26973076442506594
35,9.0,17,14,1.50049037919205,0.14489841057778452,0.2851015985995514
30,3.0,17,14,-1.5506144265822435,0.14498758192564473,0.3815901230027069
0,6.0,17,14,-1.5471002963767368,0.14508953097098085,0.37771309261379815
24,64.0,17,14,1.526002802211698,0.14511412075619684,0.269326395129634
24,65.0,17,14,1.5252208111709735,0.1452036852674575,0.2693193656575842
25,53.0,17,14,1.4981633910986156,0.14530950265229747,0.304634514816101
3,44.0,17,14,1.5152803271208526,0.14531329557283543,0.27202764961137943
42,61.0,17,14,1.4998776345591245,0.14531373052150132,0.2829222642346063
4,35.0,17,14,1.5059888323793038,0.14534071369283105,0.2766940588501748
12,73.0,17,14,1.505464531307164,0.1458072352892092,0.2752796371637944
40,36.0,17,14,1.525379363540328,0.14585664153861239,0.26794659697904016
24,61.0,17,14,1.5243217745354798,0.14585780097379142,0.268167710285232
43,38.0,17,14,1.510323102221473,0.145877952330134,0.27248452948134183
3,46.0,17,14,1.511787800432437,0.1458857809043369,0.27183990494296667
1,21.0,17,14,1.5063961504807108,0.1460423735652902,0.273913356895038
48,43.0,17,14,1.4937968498994492,0.1460450477842255,0.29538030763854517
40,79.0,17,14,1.5212748777989362,0.14610223110456352,0.268354152927514
38,40.0,17,14,1.504788308235071,0.14625910205523185,0.2740895565540988
44,11.0,17,14,1.495102828292759,0.14628433211350245,0.28348067432086077
58,8.0,17,14,1.49193283266211,0.14652149326804936,0.29408520276495387
16,12.0,17,14,1.5171412783664304,0.14653991630174226,0.2684522017052406
42,62.0,17,14,1.4950122901789666,0.14657362871057147,0.2814053551047736
0,37.0,17,14,1.499504697682057,0.14663511286826394,0.27624720011829595
40,42.0,17,14,1.5214841324430557,0.14690481288206847,0.26667005186401416
29,14.0,17,14,1.5135000423257794,0.1469637340500985,0.2685158423258062
40,33.0,17,14,1.5204390081092487,0.14696748316476602,0.26676332306324174
0,4.0,17,14,-1.5395256250019431,0.14723312055136464,0.37570548009772126
14,36.0,17,14,1.5189893618537536,0.14749154301337722,0.26602661881691875
6,60.0,17,14,1.489668593150043,0.1475351569268054,0.3019716308349759
37,54.0,17,14,1.4931756055572614,0.1476605422222236,0.2772045595116977
33,13.0,17,14,1.4926733859449175,0.14773843533496087,0.27732791156696907
40,37.0,17,14,1.5176605239467504,0.14778409575060308,0.26572538109787963
57,22.0,17,14,-1.4863634113472595,0.14803169477754047,0.2878974946322712
24,40.0,17,14,1.5169104568417309,0.14822581779784907,0.26501552708968673
14,65.0,17,14,1.5098966538825713,0.14840042525710023,0.26628505770184224
42,63.0,17,14,1.4878573202024539,0.14842557394020306,0.27929953855603623
31,66.0,17,14,1.4875838946942617,0.14846571763837094,0.2794387509866017
38,46.0,17,14,1.4869934753487966,0.14847920114917176,0.28032106573748644
59,32.0,17,14,1.491602041929143,0.14868624189990284,0.27385220734634075
62,50.0,17,14,1.4913090045906838,0.14881839800565166,0.27352950069547893
24,60.0,17,14,1.5127354005199711,0.14885905768606666,0.26464100821334835
40,41.0,17,14,1.5121803942693772,0.14920838621860588,0.2640700458875936
25,46.0,17,14,1.480683073921185,0.14947507857086373,0.28963419111425526
40,38.0,17,14,1.5104339162952745,0.1496067042337472,0.26365678805036485
21,35.0,17,14,1.4799468567574017,0.149678396987869,0.2904530062910433
34,49.0,17,14,1.490676350831562,0.14981594252424416,0.2701926134205375
2,26.0,17,14,1.4928718911452756,0.14992888631273557,0.2686207635991251
3,43.0,17,14,1.497395100407426,0.14997260653291006,0.26653353959966436
58,7.0,17,14,1.4779756967551732,0.15042922730250413,0.2818882010756956
12,74.0,17,14,1.4875482209375197,0.15044141538927003,0.26993974860570885
40,40.0,17,14,1.5067470084482915,0.15056339822231757,0.2625664502330469
48,46.0,17,14,1.4765948011898855,0.15066763066644018,0.29273312408400604
62,63.0,17,14,1.4884154252985076,0.15067034969287682,0.2686382642129842
40,39.0,17,14,1.5062597590144655,0.15067335346424723,0.2624553273560008
32,25.0,17,14,1.490161039132361,0.1508210552441685,0.26726472354398406
26,51.0,17,14,1.4754710004453717,0.15091038180702085,0.2846663014130786
49,37.0,17,14,1.4771851858706635,0.15092161397453988,0.2785626788262546
16,7.0,17,14,1.4974104164337552,0.15103200663865812,0.26395068360917656
62,64.0,17,14,1.4866970330341136,0.15112300872804268,0.2681233761055771
62,62.0,17,14,1.4865958816947211,0.15114412473768407,0.26811125168498595
42,64.0,17,14,1.4770763029089877,0.15124698393477287,0.2761791685388685
43,69.0,17,14,1.4883502665207713,0.15150696567275204,0.26611563754311673
34,41.0,17,14,1.4854738673511674,0.15179552843184183,0.2666521332373215
21,51.0,17,14,1.4733319166806926,0.15186145737158224,0.2965268401923943
62,65.0,17,14,1.4829403672029384,0.15213159841812363,0.2669503375990351
40,32.0,17,14,1.4990891922645253,0.1522633202304452,0.2608995253978451
14,66.0,17,14,1.4944566496692513,0.15227349444315463,0.2620354227956091
37,11.0,17,14,1.4812399115730968,0.15228216249395818,0.26744252079741543
44,32.0,17,14,1.4725822625424674,0.15229490206656432,0.27593589615449293
10,19.0,17,14,1.4944403411335208,0.15234685944822357,0.261880571384327
3,47.0,17,14,1.4850783044185951,0.15257704095980565,0.264565309369532
48,42.0,17,14,1.468540971212096,0.15272656123772305,0.2864646081390696
62,61.0,17,14,1.4803164581783357,0.15277453046380232,0.2663423788754372
53,11.0,17,14,1.4761778477258682,0.15296442716149566,0.2683665280405762
5,55.0,17,14,1.4701227685713412,0.15297025132869035,0.27506374520593924
62,38.0,17,14,1.4745429086710946,0.15318973831975538,0.2687331717397877
56,47.0,17,14,1.46921601460364,0.1533220353477582,0.273984873982821
62,66.0,17,14,1.4785509011394367,0.1533421305431855,0.26550242255897477
30,4.0,17,14,-1.5163757950289276,0.15335561074745518,0.3677405081652212
24,27.0,17,14,1.4893152196267212,0.15367324322658826,0.26043148818214723
24,59.0,17,14,1.4934972115798244,0.15386648218107196,0.25900634005162815
13,50.0,17,14,1.4645396498281762,0.15390164436911735,0.2799658466009655
0,3.0,17,14,-1.5118102757796386,0.15415015190750003,0.3647808150465408
0,7.0,17,14,-1.5083517088849254,0.15423875716415814,0.3608661426838587
26,45.0,17,14,1.462927134133767,0.15430260557998515,0.2803437487571409
62,67.0,17,14,1.4742088879163768,0.15457643488348158,0.2639826136011308
10,15.0,17,14,1.4788106143679203,0.15498134865279117,0.2607866823026859
28,8.0,17,14,1.4651600140833412,0.15519299542129478,0.3030171004345169
24,41.0,17,14,1.4896452501621062,0.15521649964708728,0.2572578314587513
42,65.0,17,14,1.4619521411772656,0.15528398695399212,0.2717991735375963
62,60.0,17,14,1.4696244749816338,0.15556412249364965,0.263410628830842
14,67.0,17,14,1.4812855946151096,0.15565996352573377,0.25840749378812894
16,70.0,17,14,1.489530541166242,0.15576783334419078,0.2562685558721639
14,35.0,17,14,1.486215134068933,0.15580070661667414,0.25688410641050796
53,28.0,17,14,1.4817177517460063,0.1558508334550503,0.25788089449320395
16,71.0,17,14,1.4891084356869533,0.15587710104193225,0.25615186045985544
12,75.0,17,14,1.467009471828573,0.1558824774455218,0.26394853287305503
16,13.0,17,14,1.4798442372939826,0.15588511735844468,0.2583366288377783
62,68.0,17,14,1.4696603736565979,0.1558932107040728,0.26235038486106343
3,42.0,17,14,1.4750230267172235,0.1559094616746791,0.2598946645786742
16,69.0,17,14,1.488971198345811,0.15591436306799447,0.2561108279419537
16,72.0,17,14,1.4879703781621683,0.15617333751236162,0.25583501478804194
16,68.0,17,14,1.4874382164780293,0.15631520511746075,0.25568121049574727
16,73.0,17,14,1.4864708904867028,0.15656470506098522,0.25541726982272206
62,51.0,17,14,1.4616797604788327,0.15667357662150536,0.2648423752182961
36,11.0,17,14,1.4579540582685238,0.156839163333359,0.26771511692837013
16,67.0,17,14,1.4852859607629285,0.1568790451350362,0.2550793688956244
42,44.0,17,14,1.455236762691211,0.1569275046254506,0.27122057299713137
16,74.0,17,14,1.4848986362101975,0.15697610799508088,0.25497935367082264
37,55.0,17,14,1.4574352627638878,0.15705198286576527,0.26717842031161027
13,42.0,17,14,1.4534406228100163,0.15728593216256043,0.2718676024784547
16,75.0,17,14,1.4834217582430427,0.15736344691800627,0.25456824374684045
16,66.0,17,14,1.483076117801415,0.15745955598351688,0.2544625331980482
62,69.0,17,14,1.4640900322579682,0.15749832680690315,0.26042139752716403
6,61.0,17,14,1.4526534243151983,0.15758500582285062,0.29079558339955147
43,37.0,17,14,1.46395680872467,0.15765889814832135,0.2600135547687142
16,76.0,17,14,1.4821225421730628,0.15770483466841453,0.2542069107191603
16,65.0,17,14,1.4812790102950315,0.1579328090728146,0.2539617699001793
36,32.0,17,14,1.458878084213047,0.15794418818604283,0.26207804056030926
16,77.0,17,14,1.481076617756375,0.1579800317880381,0.2539163717424562
16,79.0,17,14,1.480433230311474,0.1581490468065831,0.25373857346562123
16,78.0,17,14,1.480430861289979,0.15814999516988193,0.25373733835989504
16,64.0,17,14,1.4799996679900573,0.15827019694924993,0.2536060283667176
14,68.0,17,14,1.471026248420814,0.15835263056955737,0.255576992247084
33,32.0,17,14,1.447484180085628,0.15848946870077257,0.2780203224451589
16,63.0,17,14,1.4788889585194962,0.15856326642957363,0.2532979890765447
25,54.0,17,14,1.448534669103169,0.15868803590512565,0.2890658798111721
43,70.0,17,14,1.4604796411593102,0.15882403122854594,0.25837289845140393
58,54.0,17,14,1.4563183821341987,0.15886445600623633,0.26055835689982776
29,31.0,17,14,1.451702434111107,0.1588694458540106,0.26425054197520365
16,62.0,17,14,1.477263847187576,0.15899277562675948,0.2528478386492254
10,18.0,17,14,1.4677438350110943,0.15920984938351132,0.2547016410190734
62,59.0,17,14,1.4555891524921805,0.15926708324786754,0.2596679395082909
53,12.0,17,14,1.4537664535284698,0.15945415270490718,0.2601954660249029
62,70.0,17,14,1.4568776413553735,0.1595503483527079,0.25807257415750345
16,61.0,17,14,1.474350939499271,0.15976539089348193,0.2520414930898682
12,42.0,17,14,1.4497332030024468,0.16014242937462203,0.2605633629638697
9,23.0,17,14,1.455096086338457,0.16017457927049544,0.2571649495793041
14,69.0,17,14,1.463058601475866,0.16047698100730404,0.25337689154486687
24,58.0,17,14,1.4684482979727842,0.1605453792562419,0.25185325983118545
42,66.0,17,14,1.4424648175736279,0.16062624145456814,0.2661296546699814
38,39.0,17,14,1.4489050505474936,0.16095867830406776,0.2582221285074042
16,60.0,17,14,1.469546772849311,0.16104686527663983,0.25071397599665085
62,79.0,17,14,1.4520534038993005,0.1610605516812856,0.2561491280639782
37,28.0,17,14,1.4500786082295167,0.16114514654555923,0.2569309484514986
5,56.0,17,14,1.4404256812341698,0.1612234818356012,0.265330198358808
12,76.0,17,14,1.4473302452679344,0.1612400229633462,0.2582920089662703
3,41.0,17,14,1.4552687604615442,0.16128712000855705,0.2541584710626616
40,31.0,17,14,1.4635853691576177,0.16145541357991441,0.2512588070013605
5,31.0,17,14,1.4385936624961428,0.16178218369271213,0.2644750776082026
0,36.0,17,14,1.442084844601092,0.16179329529856415,0.26025555680751894
62,71.0,17,14,1.4482751184683957,0.16197960641161918,0.2554195348258739
10,16.0,17,14,1.454531121893492,0.1620373788470928,0.25265724424997943
48,47.0,17,14,1.4351409593582982,0.16209725312622225,0.2802339680937771
31,67.0,17,14,1.4365192304728909,0.16212439194092307,0.26564028376880927
43,15.0,17,14,1.4494658827093336,0.1622432535642508,0.254129975384486
14,70.0,17,14,1.4563636323960076,0.16228158402819043,0.25153348585521584
0,2.0,17,14,-1.4798408271066816,0.16242911361066345,0.3522055018949865
62,78.0,17,14,1.4466449295192656,0.1625160601583516,0.2547112716865179
48,41.0,17,14,1.432135988640063,0.16279787614829827,0.2745064327717053
16,59.0,17,14,1.4626228893849944,0.16290901205745542,0.24880705772088604
24,42.0,17,14,1.4606717342120727,0.1629383724040504,0.24915695808421537
10,17.0,17,14,1.4526301697769288,0.16299567970855527,0.2511501518722915
25,45.0,17,14,1.431022745698564,0.16311711426199327,0.27268816084737074
62,52.0,17,14,1.4382357774607346,0.16315556821007268,0.2579501541004061
62,58.0,17,14,1.440136672789848,0.16340298330459765,0.2556750759562285
57,26.0,17,14,-1.4355865249778097,0.16348269001866608,0.29367803831933903
3,48.0,17,14,1.4435430162099498,0.16360969895815036,0.25318423460352885
13,51.0,17,14,1.429273329549191,0.16366489668904097,0.2699890494612134
14,71.0,17,14,1.450358990471601,0.16391308060525195,0.24988921460024652
59,50.0,17,14,1.4283789841666277,0.16393619614860838,0.2763659528074333
39,13.0,17,14,1.4342931398027599,0.16403841111759043,0.2577343939655832
62,77.0,17,14,1.4400772026267692,0.16430926884366936,0.25294109285535527
30,5.0,17,14,-1.4737756639824264,0.1643365715208986,0.35075107052851107
62,72.0,17,14,1.4395711046587085,0.16443369257846374,0.25284582867973987
21,52.0,17,14,1.42784766350623,0.16448272011845033,0.2820308649933597
48,9.0,17,14,1.4270636039625382,0.16464180322502334,0.2642631124477971
0,48.0,17,14,1.4298328104316607,0.16464637096360044,0.25954173035949646
3,40.0,17,14,1.442547121434082,0.16480799783785458,0.25055136428358293
6,32.0,17,14,1.4252629058431698,0.1648533668499385,0.2759994379892096
17,10.0,17,14,1.4315148175410513,0.16486396771769748,0.25675925576415
5,9.0,17,14,1.4271452751172555,0.16490228701357426,0.26191354649866394
16,58.0,17,14,1.4538391376529562,0.1652970276455228,0.24639944287861315
14,72.0,17,14,1.4450850599609595,0.16535668972246878,0.24845109028738488
14,13.0,17,14,1.4343808573164984,0.16551292747271934,0.25247345944566896
40,13.0,17,14,1.4354447056412658,0.16552829909637803,0.25185471924311786
12,77.0,17,14,1.4317601158094788,0.1655892096100747,0.2538453228481312
35,12.0,17,14,1.4223156095109812,0.16568545649148766,0.26714075800894505
62,76.0,17,14,1.4338318428925763,0.16604064308295197,0.251233607068226
43,71.0,17,14,1.4338967468020787,0.16609216785179065,0.2510563070814678
56,32.0,17,14,1.4240207587904892,0.1663398074269073,0.25764822962477163
3,39.0,17,14,1.4368375388511676,0.1663556929017958,0.24906762730422996
62,73.0,17,14,1.4326354222615323,0.16638954935924452,0.25086359927590507
14,73.0,17,14,1.4407177497460224,0.16656152280546102,0.24726068778714486
37,56.0,17,14,1.4229844146719506,0.1665885560615123,0.25760239385572364
34,50.0,17,14,1.428245739343996,0.16664572844859807,0.2526386567775311
26,44.0,17,14,1.4181269250231305,0.16683670596853994,0.26748218481485264
40,12.0,17,14,1.4272013383375117,0.16699882362829555,0.25215434096730815
42,67.0,17,14,1.4194822934447802,0.1671308439739595,0.2594229873868963
3,38.0,17,14,1.4335154356928193,0.16715742954357732,0.24845926984499497
60,6.0,17,14,1.4236602619331473,0.1671894273616832,0.29147424261334937
62,75.0,17,14,1.429685764300138,0.1672079867730346,0.25007648706771024
56,48.0,17,14,1.4187855107052245,0.1672343848833262,0.2599352506912919
15,11.0,17,14,1.4200190524561005,0.16726978363941222,0.2576948235588969
62,57.0,17,14,1.4257437914937938,0.16730401516910934,0.25210748397213023
62,74.0,17,14,1.4291098270644198,0.16737918712101046,0.2498920973599861
7,59.0,17,14,1.4156554834748132,0.16753424664442867,0.26770442437020575
14,74.0,17,14,1.4370046325314674,0.16759424307256635,0.24624555101633083
1,15.0,17,14,1.4289819180209584,0.16769701162321846,0.2490842843424358
8,11.0,17,14,1.418405784172108,0.167698807490812,0.25743582688047234
62,53.0,17,14,1.4215300747575044,0.16794903299770048,0.25292508902915256
16,57.0,17,14,1.4439418194846978,0.16802221666332362,0.24370252110493232
24,57.0,17,14,1.4410721179379202,0.16809129581132745,0.2442012026772648
34,40.0,17,14,1.425666023031205,0.16809489146197323,0.24967514041832417
5,10.0,17,14,1.4184505498578948,0.16811308508502526,0.25515213933907605
53,27.0,17,14,1.4343149304844558,0.16812574728296914,0.24597323161461312
14,34.0,17,14,1.4396996258240813,0.16825156584993264,0.24423124903693788
12,78.0,17,14,1.4221306436105767,0.1683397558497427,0.251070003707227
5,57.0,17,14,1.4153462219817134,0.1683830114365257,0.2578137579072256
58,33.0,17,14,1.4165313011431504,0.1685251611793282,0.2553092114756596
23,10.0,17,14,1.4124564360968537,0.16853481622453428,0.26425670956356345
14,75.0,17,14,1.4332332469524807,0.16865038308937816,0.24521307300995657
16,44.0,17,14,1.4396842784971784,0.16915903910989658,0.24262743403428755
16,45.0,17,14,1.4394535520738143,0.16923200454911438,0.24255016949472705
7,38.0,17,14,1.410540586248263,0.16935149065730715,0.2599466720829536
6,62.0,17,14,1.4116287415707105,0.16938852163286738,0.2789027416860215
3,37.0,17,14,1.4247056580789887,0.16941816250806216,0.24658569356840238
12,79.0,17,14,1.418443481989817,0.16942502920822888,0.2499366021354811
32,24.0,17,14,1.4187661545380337,0.16985962010275135,0.2483578425972679
25,55.0,17,14,1.40947511726706,0.1698740187717811,0.27689840677960803
14,76.0,17,14,1.4287246635990698,0.16991946326158291,0.24398331172696308
16,46.0,17,14,1.4368779703340386,0.16995914788535818,0.24184001721612916
16,43.0,17,14,1.436499856485496,0.1700392934824004,0.24178154620921713
7,58.0,17,14,1.4067370343931986,0.1701466349034617,0.2644976205488911
62,56.0,17,14,1.4149823917049915,0.17022550106386478,0.24963280082539896
58,9.0,17,14,1.4059425437715258,0.17038144830266724,0.26742693650775395
17,33.0,17,14,1.4059134818858205,0.17038615759208822,0.26720275189112763
0,1.0,17,14,-1.449260273245792,0.1706803938329868,0.34028971370033945
61,25.0,17,14,1.4052364103215191,0.17075388331070895,0.26022659852880115
62,54.0,17,14,1.4120360902030455,0.170787228555029,0.24985015328664617
16,56.0,17,14,1.4340310930906992,0.17078782024601138,0.2410191737858048
24,43.0,17,14,1.4318074439159838,0.17094041411981875,0.2412331272028709
16,47.0,17,14,1.4329450743691865,0.17106923273502087,0.24076663206114168
21,23.0,17,14,1.4238791049149098,0.1710746884345288,0.24311730109003019
7,60.0,17,14,1.4031557517469193,0.17118748191438626,0.26514606684953784
43,36.0,17,14,1.4138045236943124,0.17123978552648025,0.24712150267996202
15,30.0,17,14,1.4037993168219147,0.17127425197521962,0.272134104618768
14,77.0,17,14,1.4233203132725119,0.17144873549744372,0.24251840888067572
32,14.0,17,14,1.4083039682742298,0.17148085256447923,0.25033677170507457
62,55.0,17,14,1.4099834306875791,0.17151792272196975,0.24877952845868306
59,31.0,17,14,1.4071530196179398,0.17200118520322255,0.24926601579436816
16,42.0,17,14,1.4291652856574206,0.1720930387210255,0.23981977887959444
16,14.0,17,14,1.4192238600665248,0.1723369374235298,0.2419895250428816
21,24.0,17,14,1.414482406935748,0.17234781831269286,0.2437653861973793
16,48.0,17,14,1.428365200887429,0.1723672350935097,0.23952370988534405
16,6.0,17,14,1.4122668072110054,0.17244386672349205,0.24454653247044475
26,52.0,17,14,1.3980261427837328,0.1727104427949158,0.26265180683053213
43,72.0,17,14,1.4093354130648177,0.17307084505976308,0.24434023187474158
14,78.0,17,14,1.4174247264227782,0.17312685149435803,0.24093218138804154
21,34.0,17,14,1.3963569762035086,0.17324504043874278,0.2654545120168766
16,55.0,17,14,1.42531334930594,0.17325098179370788,0.23867342589373858
28,13.0,17,14,1.4021829814011384,0.17328332804793184,0.24856686848573384
1,20.0,17,14,1.4077903633880247,0.17331803853489247,0.24447768315018414
7,48.0,17,14,1.395947509960143,0.1733342162065123,0.26159614519008123
16,49.0,17,14,1.4236401963691072,0.17371368466203152,0.23824710158405424
26,12.0,17,14,1.405587233377817,0.1738557173066036,0.24416889467966751
42,68.0,17,14,1.3946823287164927,0.1743985296188465,0.2521888445183949
5,58.0,17,14,1.3944998487179185,0.17442507013726596,0.2523322723170555
4,34.0,17,14,1.3997505166341466,0.17445609634123518,0.2461220837121282
40,14.0,17,14,1.405532998642653,0.17468571637570518,0.24195855741026934
13,52.0,17,14,1.391480882377412,0.17468716264185877,0.25937197733738254
39,24.0,17,14,1.395447351315297,0.1747737138050578,0.24891426985668702
14,79.0,17,14,1.4116444186255033,0.17478070297051343,0.23939189376181916
0,8.0,17,14,-1.4282250809387806,0.17490985998070321,0.3272132634883696
16,50.0,17,14,1.4192676357244511,0.17496688846492772,0.2370699565277025
31,68.0,17,14,1.3917476822397832,0.1749682446660678,0.25381096916923757
14,10.0,17,14,1.3916459271886248,0.17500926120544213,0.2536813804821523
26,39.0,17,14,1.390213869212017,0.1750471168685502,0.26014492117830534
16,54.0,17,14,1.4188070770509398,0.175107701752385,0.23693218895632445
16,41.0,17,14,1.4176894005347906,0.17535250616412937,0.23676027762290505
40,30.0,17,14,1.4130108316972292,0.17537289548129226,0.23784312648194927
24,56.0,17,14,1.4151376804123081,0.1754965045369482,0.23708649126159353
26,38.0,17,14,1.3881410083019305,0.17566848913268573,0.25980650034231634
38,47.0,17,14,1.3885018625919239,0.17577993015530152,0.25463414308572385
3,36.0,17,14,1.4015519577097955,0.17578383124550795,0.24104088469722412
35,26.0,17,14,1.4004257898902503,0.17582239236088493,0.2414936293373004
16,51.0,17,14,1.415889680189435,0.17594023759334465,0.23616259879482582
21,22.0,17,14,1.4085618670000222,0.17610482888765286,0.2377050571655044
16,53.0,17,14,1.4151041963118542,0.17617082230857536,0.23594589149708675
26,43.0,17,14,1.3859035079670674,0.17635148884021673,0.2584319717549973
16,52.0,17,14,1.4142680786728958,0.17641003584212633,0.2357261191076376
29,15.0,17,14,1.404367492334234,0.1765537242996755,0.23813488974314395
48,40.0,17,14,1.3852111309025545,0.17655384058087828,0.2600438382857698
23,8.0,17,14,1.385636372385853,0.1765655704294372,0.2644366481014433
62,37.0,17,14,1.3907775340851405,0.17665671908671288,0.24539066770141787
56,49.0,17,14,1.3856153740254133,0.17695204683074411,0.25080182138507356
35,8.0,17,14,1.388605433378069,0.1770406892974686,0.24592168126456632
21,53.0,17,14,1.3846875018923714,0.17713989670322774,0.26786459640528903
25,44.0,17,14,1.3830354109652194,0.17723542284105775,0.2568161268302143
37,57.0,17,14,1.3861902491914677,0.1772784943148748,0.24766745833598988
26,40.0,17,14,1.3827761713514302,0.17729377638043353,0.25787156485566376
21,12.0,17,14,1.3871821475403607,0.17731982715162672,0.24620427682340132
30,6.0,17,14,-1.425455455311263,0.1775846442276909,0.33184116005089265
25,56.0,17,14,1.3835239392746037,0.17763547012121547,0.2688836419767141
60,22.0,17,14,1.3827378049833934,0.17791554342417018,0.24925350094365697
48,8.0,17,14,1.3808390015524536,0.17796376709217968,0.26183425209453987
38,38.0,17,14,1.3886337522112502,0.1780312134658372,0.2420808200556791
0,0.0,17,14,-1.4229855749653333,0.17804050452061077,0.3301641945343264
53,26.0,17,14,1.3968376048449784,0.1781421265036702,0.23745008285721772
48,48.0,17,14,1.380189252518947,0.1782736353622443,0.26362388586675406
54,33.0,17,14,1.3994343339465112,0.1783729076510413,0.23604442454684862
24,44.0,17,14,1.4052865583634575,0.1785720238134759,0.23408263258539766
54,34.0,17,14,1.3992641439240128,0.17857694796451357,0.235692650335052
5,70.0,17,14,1.3788802986661597,0.17860504068157634,0.2530917979032126
60,15.0,17,14,1.384620534101353,0.17867019746101445,0.24300566261108614
7,57.0,17,14,1.3781115277031901,0.17871587478947729,0.25631415774548005
3,49.0,17,14,1.3900103399171375,0.1788637195157819,0.23876426482806545
5,71.0,17,14,1.3771536264298243,0.17912400342683416,0.2527215001397448
54,35.0,17,14,1.3971382776351857,0.1793298179514267,0.23487623857511772
43,73.0,17,14,1.3879291943569667,0.17936500796881907,0.23851969160898864
54,32.0,17,14,1.3953473792501856,0.17939583361124412,0.23531788994744376
24,26.0,17,14,1.3942184636804018,0.1795590099335598,0.2353662370521502
16,40.0,17,14,1.4029057373894465,0.17962802496116786,0.23284917721680057
5,59.0,17,14,1.3764399707584627,0.1797233842041804,0.24827383575984283
5,69.0,17,14,1.3744213877235891,0.17996492141887643,0.25184420627025284
26,37.0,17,14,1.3732875178245152,0.18018829694221636,0.25591081809375393
26,41.0,17,14,1.3732717705015687,0.18019651993360142,0.2550815971792756
54,36.0,17,14,1.3941408775201487,0.18031589489399166,0.23388348555787858
7,61.0,17,14,1.3722149229616183,0.18054115248689628,0.2573847880710889
26,42.0,17,14,1.371621492717209,0.18070508206836255,0.25452033110476635
58,6.0,17,14,1.375867011504623,0.18081187597927367,0.2427144305589979
42,43.0,17,14,1.3722688657993325,0.18104843314715352,0.24670258685795704
54,24.0,17,14,1.3850695791035774,0.18113858377825284,0.23543792977669079
2,25.0,17,14,1.3792520753205215,0.1814192841266864,0.23772910844878886
54,37.0,17,14,1.3896185365658056,0.18173070880739192,0.23254493882908897
42,69.0,17,14,1.3700137830116133,0.18188552070969877,0.24502182516701176
24,55.0,17,14,1.3933993496381583,0.18190689145730113,0.23121257811602028
5,68.0,17,14,1.3675176182061526,0.1820824849276883,0.24999198086981017
0,35.0,17,14,1.3714582940192506,0.18222778212472707,0.24117936963246592
54,31.0,17,14,1.3847296689262927,0.18235075519318017,0.23290750178964578
53,13.0,17,14,1.3752888975333295,0.18243913262342515,0.23720075068038077
61,13.0,17,14,1.373702171669962,0.18253157903836584,0.2380150374609832
5,72.0,17,14,1.3652479491398528,0.1827676722073888,0.24967003930618004
37,27.0,17,14,1.3749912932438806,0.18291728347227976,0.2359785771098674
25,57.0,17,14,1.3659187997263296,0.1830630171913343,0.2635675715038744
40,19.0,17,14,1.3816053971003959,0.1832427595251734,0.23217331990373544
6,63.0,17,14,1.3662115573319882,0.1832717356533181,0.266038638719877
29,30.0,17,14,1.3679712064415295,0.1832998631890996,0.24020988464258716
56,50.0,17,14,1.3636782796496114,0.18364892702741745,0.2446719666512439
27,79.0,17,14,-1.3787828561814421,0.18373199436670987,0.29051882919046923
53,25.0,17,14,1.375175165455752,0.1837685610565432,0.23364016987346223
56,10.0,17,14,1.3637508356123795,0.1840360361964881,0.24190561164379695
28,23.0,17,14,1.3616654986725294,0.18407804568269243,0.24592191046540837
54,38.0,17,14,1.381594484967045,0.18417373679304797,0.23034707487140282
5,67.0,17,14,1.3606976646730604,0.1841914055411927,0.24821924579466745
8,23.0,17,14,1.3699424882832711,0.18433360756354775,0.23497189735279744
5,60.0,17,14,1.3605971981432177,0.18445361729566856,0.24517831930489714
40,15.0,17,14,1.3741230315161537,0.18453043418359377,0.23230928670520254
16,39.0,17,14,1.3860779194739816,0.18459771299178465,0.2284443436146189
43,74.0,17,14,1.370572183096015,0.18461250123329417,0.2338334980089299
40,20.0,17,14,1.3755864401047018,0.18507234513846754,0.2305573097572773
21,21.0,17,14,1.3786027314977716,0.18509225259307757,0.2295288780106936
24,45.0,17,14,1.3831336522617184,0.18515588530759738,0.2282068686021775
53,24.0,17,14,1.3679867060546194,0.18520250348155498,0.2336861103097417
58,55.0,17,14,1.36360149794213,0.18550661911426045,0.2356918046651748
8,6.0,17,14,1.3553427962811064,0.18579600837918972,0.25233835699413826
17,7.0,17,14,1.3563688029644252,0.18589987412464026,0.25923612243094485
53,10.0,17,14,1.3582897457968313,0.18591571795169226,0.2393869958435623
5,66.0,17,14,1.3547263738182234,0.1860523931568322,0.24671134125367633
14,33.0,17,14,1.3769068553376609,0.18635519722905775,0.2277323757161679
37,12.0,17,14,1.362390243752389,0.1864067449153473,0.2336799086348867
40,18.0,17,14,1.3705684812521999,0.1864888431276522,0.2294610581720987
24,54.0,17,14,1.376991640800688,0.18687523854229496,0.22682565178803407
31,69.0,17,14,1.3517592081738226,0.18715045331095775,0.24348484876703655
21,25.0,17,14,1.3578456410913502,0.18727168809201794,0.2342039460872008
53,23.0,17,14,1.3592087577721101,0.1875082452955948,0.23248117078411326
54,30.0,17,14,1.3668254617001714,0.18756276814204145,0.2286244601558083
34,51.0,17,14,1.3574898349776896,0.1875860913020333,0.23343051040188326
13,53.0,17,14,1.3493625088521277,0.18766985132047131,0.247547899197645
5,65.0,17,14,1.34917193449643,0.18779859849576666,0.24529085003132117
34,39.0,17,14,1.3587511451472605,0.18792507787457746,0.2315708955607409
43,35.0,17,14,1.3561941488659672,0.1880617775302369,0.23285077035985122
5,61.0,17,14,1.348224823011266,0.18822162654885385,0.24305566872242268
56,9.0,17,14,1.348166293839296,0.1883143484202069,0.2421656023870157
21,54.0,17,14,1.3482276237056885,0.18834373692686399,0.25536386786783466
54,39.0,17,14,1.3678946726715278,0.18834475229460654,0.22673388911543502
43,75.0,17,14,1.3574923677673054,0.18864290140403445,0.23034965530999799
25,58.0,17,14,1.3478921284222036,0.1887749112909404,0.2583590304028743
1,16.0,17,14,1.358294474560099,0.18894530700347784,0.22917023142646767
26,36.0,17,14,1.345337730458118,0.18894804565744722,0.2483474152928906
3,35.0,17,14,1.3566310270764492,0.18899021993398424,0.2299133995449822
13,41.0,17,14,1.3464047072065726,0.1890107628657171,0.24033856576657459
42,70.0,17,14,1.3469842564907328,0.18910845336897167,0.23838110658791492
54,25.0,17,14,1.358049330157263,0.18928280544794218,0.22848512323629544
5,64.0,17,14,1.3439380474645415,0.18946215297539598,0.2438293222752295
40,16.0,17,14,1.3577035246718492,0.1899691693077601,0.2270962450181104
40,17.0,17,14,1.358587813172658,0.189984915795452,0.22671184852838536
16,38.0,17,14,1.3682264612628312,0.18998922820429615,0.2238298064551819
24,46.0,17,14,1.3666114139588528,0.1901914649774351,0.22388420520239488
5,62.0,17,14,1.3413279450055349,0.19034475847726778,0.24218628893617275
24,53.0,17,14,1.3655975571927288,0.19039643851717086,0.22379606788021322
27,78.0,17,14,-1.3578221608724628,0.1904241774649199,0.2841318737006127
37,58.0,17,14,1.3430781007385215,0.19048191611613113,0.2364740612072014
56,51.0,17,14,1.3419216836295955,0.1905145923698789,0.2384543551160184
12,41.0,17,14,1.3460467036784702,0.19057721949314566,0.23244963095871646
5,63.0,17,14,1.340471767109656,0.19058309161766918,0.24259602487695253
5,73.0,17,14,1.3398572958399133,0.1907497210201156,0.2431021298482853
49,36.0,17,14,1.3400838630307796,0.1907988286390544,0.24100581151435907
43,16.0,17,14,1.3527990692848662,0.1910803654322673,0.2267332813119076
43,76.0,17,14,1.348263402869986,0.19150830698409477,0.22796354856869003
54,23.0,17,14,1.351279792891696,0.19183377412611302,0.22571675797828653
30,7.0,17,14,-1.3763163815630566,0.1919541357159753,0.3130420556725388
7,56.0,17,14,1.3351960262172242,0.1922001772019777,0.24481122039083827
31,21.0,17,14,1.343632708530021,0.1922488651789719,0.22876144697977682
25,43.0,17,14,1.3350960719759537,0.19228901155111944,0.24159507616194853
52,20.0,17,14,1.357687619503826,0.19272168265105535,0.22195204136448787
24,52.0,17,14,1.358073509346605,0.19275752524924766,0.22179738105861418
1,19.0,17,14,1.344910598431926,0.1928222501414492,0.22642213644436537
43,77.0,17,14,1.342088797208346,0.1934122358926136,0.22646136740248204
24,47.0,17,14,1.3559587583714978,0.19349346365978576,0.22112772136502573
23,41.0,17,14,1.3361189600319285,0.19357634060901505,0.2304122576091109
24,51.0,17,14,1.353172490239094,0.1943134844112603,0.2204923292152956
7,62.0,17,14,1.328674547624079,0.19439860789123825,0.24594522268237348
40,29.0,17,14,1.3488841361355792,0.19445499710031885,0.22142256306077335
54,29.0,17,14,1.3437033465763843,0.19454841086685037,0.22304099192319457
43,78.0,17,14,1.3381146564865325,0.1946100612238525,0.22559329384229865
54,40.0,17,14,1.347402596387474,0.19469620221706352,0.22144471738637236
52,19.0,17,14,1.3505677421672624,0.19474049307651456,0.22045871163051423
40,11.0,17,14,1.3310235741275647,0.194925818897065,0.2302563743144163
48,39.0,17,14,1.326500362219941,0.19503597957868463,0.2430474791357109
24,48.0,17,14,1.350488297686224,0.19520203759839885,0.21972803518531853
24,50.0,17,14,1.3501280259616752,0.19528962211813505,0.21967660013097462
43,79.0,17,14,1.3356546462843155,0.19532546055910635,0.22513652599850667
16,15.0,17,14,1.3419478310807256,0.19542796789477107,0.2219256251389135
24,49.0,17,14,1.348966095196764,0.19567078572750624,0.21935361459653271
16,37.0,17,14,1.3495791727256998,0.19575337844079904,0.21907539513306803
42,71.0,17,14,1.3262465755928934,0.19580495449553853,0.23246963210953017
44,12.0,17,14,1.3267626732214266,0.19593278978545667,0.23090170696629797
48,10.0,17,14,1.3269637603828828,0.19641991580759388,0.2284043692371912
52,21.0,17,14,1.3455601307709375,0.1966216965330533,0.21867935991568954
21,55.0,17,14,1.3221027503533131,0.19665006257617518,0.24569523419031697
40,21.0,17,14,1.337867885683801,0.19673537962433907,0.22085205686735898
21,33.0,17,14,1.3205470823311514,0.19704516904288033,0.24315184690711825
9,22.0,17,14,1.3282545490814395,0.19712200235949795,0.22485037172444933
25,59.0,17,14,1.3219587515500026,0.19724861557376158,0.25107114789783896
21,20.0,17,14,1.3384121033449312,0.1973492348169946,0.21948820301688457
53,22.0,17,14,1.3282956130645027,0.1973716359693214,0.22409355398089956
32,23.0,17,14,1.325620608039452,0.19783247108257881,0.22459336458013746
23,42.0,17,14,1.3224473959158856,0.1978343181033444,0.22743023021282338
38,37.0,17,14,1.324129003726388,0.19788360537128385,0.22561545914310263
46,7.0,17,14,1.3223560883501861,0.19795047926787185,0.22705054892751436
8,12.0,17,14,1.320874273977272,0.19809413047358138,0.2281308501034461
48,49.0,17,14,1.3178380709577464,0.19810890246832508,0.24513333251643699
20,29.0,17,14,1.3174742641562076,0.19810923217660903,0.23537630402801357
23,40.0,17,14,1.3216439895685959,0.19836328380528784,0.22615399648898127
3,50.0,17,14,1.3263304088671775,0.19852903563666768,0.22217128947578407
6,64.0,17,14,1.3183156923793116,0.19884751560341316,0.25267037172828943
7,9.0,17,14,1.3151222874132966,0.19889518832429745,0.23459237287498885
39,14.0,17,14,1.319851666350041,0.1993411941701643,0.22427586166380634
31,70.0,17,14,1.3132417746669653,0.19953954262304355,0.2337541936463765
5,11.0,17,14,1.3173981487742568,0.19969203790113813,0.22526746596646002
36,12.0,17,14,1.3164786927700383,0.1999030081873367,0.22538331467049982
59,30.0,17,14,1.3171245378357506,0.19998627585539044,0.22442910544262312
0,49.0,17,14,1.313298897529709,0.20005699807495286,0.22895527232043228
5,30.0,17,14,1.3120014895428322,0.20053023843445683,0.22833388951563788
1,17.0,17,14,1.32173028468623,0.20067000071549707,0.21940306877884266
26,53.0,17,14,1.308930084374916,0.20085329617268047,0.2382786757737293
54,26.0,17,14,1.321743383023051,0.20096421693665795,0.21873057689188682
27,77.0,17,14,-1.3249649772853787,0.20110509360356063,0.27363831275366834
56,52.0,17,14,1.309401015169744,0.20114839750834068,0.22932042700028352
52,18.0,17,14,1.328601224286927,0.20140174988774392,0.21540440964803106
7,37.0,17,14,1.3075254172424997,0.2014477030886734,0.23212508537140633
54,28.0,17,14,1.3212816469053212,0.20153180753523983,0.21771290742600666
21,56.0,17,14,1.3070543699427928,0.20153320313867384,0.23927169979230872
36,31.0,17,14,1.3134244135226478,0.20165991524051893,0.22190865938860863
42,72.0,17,14,1.307677250435727,0.20195345626477085,0.22726219682653614
13,54.0,17,14,1.3055210233372208,0.20197997507483223,0.23530424456993584
35,13.0,17,14,1.306859518352494,0.20201331572894254,0.2285006936504064
56,31.0,17,14,1.3083926201499376,0.20206813379232252,0.22549958593409572
1,18.0,17,14,1.3170547599225109,0.2020843343141076,0.2184630390145751
16,36.0,17,14,1.3294718321167232,0.2021232958695745,0.2140231496443527
54,7.0,17,14,1.3096345134022045,0.20225806138583685,0.25298361781094497
26,35.0,17,14,1.3047300180487809,0.2022664925658494,0.23725817981084055
2,11.0,17,14,1.3055299806946354,0.20239107885218735,0.22866875357509195
46,8.0,17,14,1.306054476552561,0.2024774380181179,0.22693768163154962
37,26.0,17,14,1.3123371956270082,0.20292192764452466,0.21901690389752257
54,41.0,17,14,1.3208063939084445,0.20318632037449696,0.21470793712738087
21,57.0,17,14,1.2997651291169858,0.20393227520511714,0.2354390624257268
5,74.0,17,14,1.2993934790217456,0.20405743061973636,0.232712064666293
54,27.0,17,14,1.3098727895715458,0.20506370080822534,0.2152506454883832
33,14.0,17,14,1.3018257041161065,0.2052865504727378,0.2196321281728965
7,49.0,17,14,1.294794224165087,0.20561677078871657,0.2338667151848139
30,8.0,17,14,-1.3319106082992538,0.20574192162995544,0.2964504869207122
17,11.0,17,14,1.3031364903610243,0.2058908267743779,0.21687098142882077
21,58.0,17,14,1.2934319400462173,0.20607072919060598,0.23259289873954034
43,7.0,17,14,1.291880531510648,0.20670610485888025,0.23558073864104512
44,8.0,17,14,1.294248024891495,0.20674693366410973,0.24421991457024783
29,9.0,17,14,1.3058380205952194,0.20702445594586527,0.21295204931163164
37,59.0,17,14,1.2918603718620063,0.20718515733727558,0.22366118435975266
36,6.0,17,14,1.2903692862985106,0.20743165140216824,0.23792322309204453
62,36.0,17,14,1.2930430385631613,0.20762415339184498,0.2196477062168571
42,73.0,17,14,1.2907619953280132,0.2076761115923514,0.22261846272779218
2,10.0,17,14,1.287700504735313,0.20809601560304955,0.2278590836126692
6,31.0,17,14,1.2873445535650034,0.2082289517573679,0.23365173269543044
7,55.0,17,14,1.285262894672328,0.208900009881553,0.23188502810453215
0,34.0,17,14,1.2884446770884517,0.20891752883803774,0.21962556445460116
14,14.0,17,14,1.2953954079857184,0.20897392067297435,0.2136614192731084
52,22.0,17,14,1.3065288973522644,0.20925804924752991,0.20885840510592535
25,42.0,17,14,1.2839408590771517,0.20942192174345217,0.22620320721748202
58,32.0,17,14,1.2860227347023212,0.20945517782839035,0.22044451303890034
16,35.0,17,14,1.306804807274272,0.20950187333606196,0.20841671732164138
25,60.0,17,14,1.2856684323109537,0.20959113652174205,0.2410187035169252
43,34.0,17,14,1.2886077068570085,0.2096271600627321,0.21662925964673774
34,38.0,17,14,1.288998852200823,0.21049371952594037,0.2136841981562197
23,43.0,17,14,1.2840992609955548,0.21050149925842315,0.2180515905929088
21,59.0,17,14,1.27993147086988,0.21071442816321065,0.22869841714357161
53,14.0,17,14,1.2877715083459067,0.21100022713261085,0.21313301446055885
38,48.0,17,14,1.2785769866540924,0.21120552990630176,0.22645255905578854
14,32.0,17,14,1.2982239272159553,0.21125985181871204,0.20801909567702379
46,49.0,17,14,1.280167163540822,0.2114234579427623,0.21915617321817332
7,63.0,17,14,1.277801548620629,0.21161360697533657,0.23235435075746858
34,52.0,17,14,1.2834069693675534,0.21173760303883635,0.21419256856029054
3,34.0,17,14,1.285697410165658,0.2117752385159007,0.21242682687507805
21,19.0,17,14,1.292098117492442,0.21210671384503765,0.20860109107253763
42,42.0,17,14,1.276966227949552,0.2122192600055376,0.22030347660957042
37,72.0,17,14,1.2766290256017792,0.2122995211130631,0.2204914107930895
60,16.0,17,14,1.2814863748274632,0.21236215905457018,0.2138098825450855
52,17.0,17,14,1.293899087317898,0.2123697642451026,0.20751864264904177
23,39.0,17,14,1.2791577660544202,0.2126210000468225,0.2150729472293615
31,71.0,17,14,1.274485087533508,0.2126737279950066,0.22415746554958163
37,73.0,17,14,1.2755323528262783,0.212694425085128,0.22009480804789336
42,74.0,17,14,1.2749939099736622,0.2131131560025313,0.21839352585774657
54,42.0,17,14,1.2905212859020903,0.21321082474558953,0.20719399905306607
32,15.0,17,14,1.2791997703928373,0.21328407436686286,0.21280512512124375
43,17.0,17,14,1.2852656243701086,0.2133830490878471,0.2089304423372774
58,56.0,17,14,1.2769324805460747,0.2136271516437474,0.21364955336255198
46,50.0,17,14,1.271631736845663,0.2143109697326071,0.21735236993975118
58,10.0,17,14,1.2690216432418275,0.2145688778235198,0.22308552780612564
4,33.0,17,14,1.2744274282104762,0.21461586652640413,0.21259851545227426
46,48.0,17,14,1.2709730010801221,0.2147052602082792,0.21626352343095875
6,65.0,17,14,1.2722789685379476,0.21473547203703175,0.2399913201419236
13,55.0,17,14,1.2661121776079987,0.21554964358434142,0.22440775585598033
0,9.0,17,14,-1.2924539641707629,0.2155521071452476,0.273688871089021
53,21.0,17,14,1.2748001373915172,0.21562819772759087,0.20939613648596306
29,16.0,17,14,1.2802908905025867,0.21570752835048124,0.20645629732611412
24,25.0,17,14,1.2784890472909691,0.2158804577011932,0.20688312781255144
29,29.0,17,14,1.2676394745024568,0.2163813111365824,0.21305389745255496
27,76.0,17,14,-1.2792078445541606,0.21653478175087704,0.25870638556643405
56,11.0,17,14,1.2664834683982302,0.21676170705081335,0.21285788679509704
39,23.0,17,14,1.2682049831958575,0.2167804744877817,0.2110185560838589
37,71.0,17,14,1.2624075253479092,0.217237145462584,0.21709310523097408
30,9.0,17,14,-1.2961879249886656,0.21739218991987924,0.2833671359125198
56,53.0,17,14,1.2605360788159918,0.21795672670905944,0.21615015793701214
40,28.0,17,14,1.2762051150030376,0.2181075868862117,0.20366054582948417
16,34.0,17,14,1.2808783599786082,0.21820517413664464,0.20211672683061108
21,13.0,17,14,1.2628718643063765,0.21825394038237603,0.21105861302400106
42,75.0,17,14,1.2601495290543276,0.21832241806896382,0.21450984090970399
6,10.0,17,14,1.258248598130842,0.219292424358563,0.21241162259967653
28,14.0,17,14,1.2606376107039152,0.21966252479708662,0.20838316748085062
44,31.0,17,14,1.2551289264503378,0.21968860873248877,0.216407321218186
37,74.0,17,14,1.2555805048335091,0.21969255398642118,0.21504775532945028
48,50.0,17,14,1.2545966719357038,0.21990293949659823,0.2269542818653278
40,22.0,17,14,1.2679203308239244,0.21995899115800988,0.20345693447811158
59,51.0,17,14,1.2547139941165366,0.2199678942910997,0.22808798295741997
37,8.0,17,14,1.2538284405765445,0.22015548624203624,0.21604118901350428
48,38.0,17,14,1.2532310390760257,0.2201727643277055,0.2231189275993797
21,60.0,17,14,1.252580299837826,0.22037895375269367,0.2219997966201575
37,25.0,17,14,1.261702452003394,0.22039373788186997,0.2056334387826431
26,34.0,17,14,1.2515001035624416,0.22080024823529407,0.22279319789011268
41,79.0,17,14,-1.2609991711340856,0.22097560178887315,0.24634394272086793
21,32.0,17,14,1.2508898974643627,0.22104027202553062,0.22309843244291394
2,24.0,17,14,1.2572845366073924,0.22111300982882084,0.20674785147529773
54,12.0,17,14,1.25063574354579,0.22171304380226256,0.21203617890662477
46,51.0,17,14,1.2499147365137204,0.22193716631123858,0.21205976285148098
8,13.0,17,14,1.2518064405959306,0.2223085996705787,0.2077687198717457
38,36.0,17,14,1.2512260905536459,0.22250253038234682,0.20766961279293147
47,50.0,17,14,1.2458750280868476,0.22278568556863113,0.21954618501024153
27,9.0,17,14,1.2466249825352287,0.22292049756274485,0.21257649613078422
33,31.0,17,14,1.2452380656873716,0.22302962030211892,0.22011615152749767
5,75.0,17,14,1.245077838042304,0.22307154328000478,0.21900737466354486
58,69.0,17,14,1.245915617451566,0.223111162448839,0.21291525094984065
3,51.0,17,14,1.2534421978839068,0.22311858531618972,0.20406652145490617
60,21.0,17,14,1.2469788050719661,0.22314557420085065,0.2104102133325012
47,51.0,17,14,1.2448706217814727,0.22314564577747753,0.2186236573558579
42,76.0,17,14,1.2464791943309954,0.2231999181987342,0.2110032140900371
35,7.0,17,14,1.2507528465834268,0.22330446082232047,0.20549622006890966
54,22.0,17,14,1.2572967686085657,0.22334611601315407,0.2015095117144212
61,14.0,17,14,1.2518260607654483,0.22336623279371823,0.2045128716472115
16,16.0,17,14,1.2575034324642125,0.22345567367802457,0.20120740144483795
57,7.0,17,14,1.248863879798139,0.22365914976170276,0.20601571621916298
21,26.0,17,14,1.2451031621624762,0.22366200808028974,0.2108573932497381
54,43.0,17,14,1.2599569204497105,0.2237188792789892,0.19978512374913157
57,8.0,17,14,1.2519616712301984,0.22393253558154314,0.20300044164271736
47,49.0,17,14,1.2413606812857336,0.2244365344152512,0.21901698944573622
8,22.0,17,14,1.2489630737071666,0.2248700825068574,0.20257753212500768
25,61.0,17,14,1.2416917347028018,0.22531016747579513,0.22902560227177762
47,52.0,17,14,1.238586998448348,0.2254337381189442,0.21633537704336628
46,47.0,17,14,1.240339131215175,0.22570856178961848,0.20786186132659093
31,72.0,17,14,1.2377049364358113,0.2257719339570037,0.2152229391965004
7,10.0,17,14,1.2378079885892979,0.22588847072973642,0.212426513888417
13,56.0,17,14,1.2372757438666857,0.22591002651963152,0.21650208530621534
58,5.0,17,14,1.2446206602719596,0.22603897831849046,0.20247984888227508
30,10.0,17,14,-1.270264754623935,0.22613863535921225,0.2739611821360819
7,54.0,17,14,1.2364840663675465,0.2262876546974778,0.2194721018908324
58,68.0,17,14,1.2371343504200343,0.22629089283115494,0.21068898428964408
48,62.0,17,14,1.2347255010482303,0.2268530913099249,0.21683078296240163
37,70.0,17,14,1.235198057343515,0.2269605248515525,0.2105183233981387
37,60.0,17,14,1.2351931325867025,0.22702899711463706,0.20994428285724476
41,78.0,17,14,-1.2438296366968282,0.22708604550413838,0.24089148366723434
42,77.0,17,14,1.234817797563997,0.22742463998019855,0.2080486691511871
58,70.0,17,14,1.2338918125715344,0.2275065637530088,0.2095969904648101
43,18.0,17,14,1.244708844571996,0.22759770485979275,0.19889926908632644
48,61.0,17,14,1.2324424482090848,0.22770061734391517,0.21661350700900509
47,48.0,17,14,1.2319706838713649,0.22789753779895683,0.21721739313947075
37,13.0,17,14,1.2391751966569862,0.22792603730975902,0.20133959461693807
21,18.0,17,14,1.2449265361043385,0.2279303059294414,0.19815578955981317
52,16.0,17,14,1.2467806550843046,0.2280742328182624,0.1971489361309293
16,33.0,17,14,1.2521198219407834,0.2281944724139842,0.19526985115084283
48,63.0,17,14,1.2305022224623496,0.22840120215444804,0.2153444259970979
6,66.0,17,14,1.233682291656152,0.22875859967115586,0.22950490886846228
12,40.0,17,14,1.2323173994867769,0.2290975667445145,0.20381048892722017
47,53.0,17,14,1.2281538173724806,0.22927351346459268,0.21303675049128978
13,40.0,17,14,1.2282087091085943,0.22955945259407662,0.20843050549321285
39,15.0,17,14,1.233289805673736,0.229767072614398,0.20070061819669052
35,25.0,17,14,1.2356563949246782,0.22977812221168564,0.19904454390878346
25,41.0,17,14,1.2266222391489277,0.22995858132757574,0.21000721810017572
2,12.0,17,14,1.2284517335952125,0.2299641663049601,0.2052863732042048
26,13.0,17,14,1.2344007385144107,0.2302558897600936,0.19868869480034781
16,5.0,17,14,1.228199430462403,0.23033957644446584,0.20388302742775236
23,44.0,17,14,1.2278987069946017,0.23034547586896748,0.20427876435082806
42,78.0,17,14,1.2264664192128083,0.23049007677372627,0.2059327208040811
48,60.0,17,14,1.2240367142448882,0.23082179877230788,0.21476456269730895
7,50.0,17,14,1.2226330574641575,0.2313755603626973,0.2151590352893427
6,11.0,17,14,1.2265743469199926,0.23153602980518226,0.2011785985180918
7,64.0,17,14,1.222558870146705,0.23157337164827813,0.2176268330104431
13,57.0,17,14,1.2213925022303833,0.23177420369755064,0.21214720740336088
42,79.0,17,14,1.222719731239935,0.23188270931239402,0.20494397524122998
26,54.0,17,14,1.2213500073263113,0.231889055499118,0.21547322174725278
7,36.0,17,14,1.2210543416412678,0.23193774686547686,0.2101431004735602
61,24.0,17,14,1.2213380390234272,0.2320705517794597,0.20696314394552565
43,22.0,17,14,1.2284419295056317,0.23207250736942453,0.19810483637673618
30,11.0,17,14,-1.252273696075991,0.23229743238064676,0.26733603402798684
54,62.0,17,14,1.2262033695297097,0.23289795506656402,0.19755117164942773
46,52.0,17,14,1.2195896438296847,0.23298071274844492,0.20455572915838013
47,47.0,17,14,1.2181022393682346,0.23308422251993127,0.21426375122873378
48,64.0,17,14,1.2173916563701503,0.2332713245587556,0.211594862708781
54,63.0,17,14,1.2247765810739513,0.23333067366418103,0.19743569096425453
54,44.0,17,14,1.232610305884294,0.23345184502653835,0.19331916480343866
43,21.0,17,14,1.2256119846889026,0.23371543137099976,0.19599962091269027
31,79.0,17,14,1.216088606658289,0.23375791984160152,0.21055920581324544
13,58.0,17,14,1.2157188550491174,0.23389633165806892,0.21057767405376415
26,67.0,17,14,1.2161776834479825,0.23403710238765796,0.2166833790169777
57,27.0,17,14,-1.2198840409837823,0.2341652491558945,0.22688697529067392
5,8.0,17,14,1.2148871461627981,0.23421437385937516,0.21121431543754174
47,54.0,17,14,1.2148156839619544,0.2342519321943782,0.20912052926176888
31,78.0,17,14,1.2146862229356223,0.23428457304198208,0.21014946255482456
43,19.0,17,14,1.2257906576054944,0.23432973120183676,0.19461185172932177
59,29.0,17,14,1.2190721218326035,0.2343476865900453,0.19920037613662805
13,59.0,17,14,1.2140837852122144,0.2345105314986918,0.21016594477305797
34,37.0,17,14,1.2196246435619638,0.23497535404512376,0.19685619952630057
6,72.0,17,14,1.2171771396819222,0.23498829358665896,0.22523114589044158
43,23.0,17,14,1.2177240668517266,0.2352140529216896,0.19771209376483498
23,21.0,17,14,1.2291516405160954,0.23533861493882802,0.19150629702523894
43,20.0,17,14,1.2218445937068072,0.2355151322335476,0.19421120573191628
37,75.0,17,14,1.2119471770890837,0.23561021143471972,0.20432143928453178
15,12.0,17,14,1.2149016888461797,0.23568471325152743,0.19892739199709647
26,68.0,17,14,1.2113695508833926,0.23576883896858264,0.21455478231272287
41,77.0,17,14,-1.2197752921360978,0.2358282712443791,0.2332446667136708
54,64.0,17,14,1.2175046818850277,0.23590429645374975,0.19596933508610617
54,61.0,17,14,1.218095136810942,0.23594676416737317,0.19545523257501915
13,60.0,17,14,1.2101956138169985,0.23597602127164435,0.20923674734574887
58,67.0,17,14,1.2109842306998675,0.23599606738067708,0.20387609984055344
23,38.0,17,14,1.2128077327948792,0.2363627325456477,0.19879977749832822
6,71.0,17,14,1.2132625557723615,0.23646234030101174,0.22412188063263275
52,23.0,17,14,1.227688385440833,0.23661423923598818,0.19006294068845325
48,59.0,17,14,1.208507630958952,0.23666542399325513,0.21102954656101613
31,73.0,17,14,1.2083406997395663,0.23667952735161982,0.20822290572009255
21,61.0,17,14,1.208446255489149,0.23672067665589405,0.21166049017500743
43,33.0,17,14,1.2116623504836275,0.23672286268383447,0.1987818916791181
53,20.0,17,14,1.2168054868198528,0.23679001323222024,0.1942863267016576
37,24.0,17,14,1.2163540083609208,0.23700396218886854,0.19407346088820948
31,77.0,17,14,1.207321054808357,0.23706388124591415,0.20830813229312234
6,73.0,17,14,1.2109285807148453,0.23736151480915763,0.2235412546713165
23,11.0,17,14,1.2064348364268125,0.23745110258262,0.2059214902122626
34,53.0,17,14,1.2112587332914206,0.23754151764098186,0.1963964295086271
30,12.0,17,14,-1.2368411557237415,0.2375481029005757,0.26136931130002466
53,15.0,17,14,1.2142598794807764,0.23755234713778628,0.1941035894293259
32,22.0,17,14,1.2109164891763284,0.23760186887142143,0.19652314688447556
27,75.0,17,14,-1.2200792461123082,0.2376109823574634,0.23949636878390676
23,22.0,17,14,1.2221817615457256,0.23768027153794172,0.19020241533594245
6,67.0,17,14,1.2073075014981485,0.23871373137211457,0.22242124523721343
58,71.0,17,14,1.2037162496148313,0.23879762747543085,0.20160952101044896
16,32.0,17,14,1.2221682051012615,0.23897791396497609,0.1883009321542565
54,65.0,17,14,1.2087244631927305,0.2390620498438372,0.19416852756091874
13,61.0,17,14,1.2002145259889498,0.23976969262985254,0.20674256259036985
8,14.0,17,14,1.2056485895378592,0.2399232384318975,0.1942357240145116
6,70.0,17,14,1.2039547785065514,0.24000969814387937,0.22156580684892507
49,35.0,17,14,1.1993110804012743,0.24012693650631298,0.2051653540518732
47,55.0,17,14,1.1992683440068086,0.2401521106167529,0.20481660191978115
27,10.0,17,14,1.2013870409829963,0.24018371331006766,0.19804707449638448
60,17.0,17,14,1.2042933400606202,0.2403221937523495,0.19423170550091554
58,57.0,17,14,1.2024015750133037,0.24042449822153578,0.19573633424055953
47,46.0,17,14,1.198466994676486,0.24057466688742318,0.20979918887714483
37,69.0,17,14,1.1982633585710978,0.2407157610430905,0.2016578298472542
54,51.0,17,14,1.210345103094635,0.24075514004252035,0.18962401350127828
26,66.0,17,14,1.1984774201519608,0.2408705742030462,0.21289025740286005
54,50.0,17,14,1.2106753327709627,0.2408894501346593,0.18924736825421334
7,53.0,17,14,1.1976399631784918,0.2408941725754346,0.20961046415376308
5,12.0,17,14,1.201886799549705,0.24100100381161127,0.19434755397846049
31,76.0,17,14,1.1965751802717508,0.2411635404419062,0.20566222233695564
56,54.0,17,14,1.1974489638099872,0.24118954838585627,0.20001028953865316
17,32.0,17,14,1.1967489814420544,0.241199352126729,0.20882171015445308
54,45.0,17,14,1.211392102522288,0.241208412356669,0.18843128169706252
23,20.0,17,14,1.2125690017959752,0.2412634647655038,0.18792430678313807
48,51.0,17,14,1.196595748286108,0.2414269209145996,0.2108775629802435
54,66.0,17,14,1.201896991456422,0.2415241535052296,0.1928282195809305
21,17.0,17,14,1.2034154325750899,0.24250836804269,0.18960046366779573
6,9.0,17,14,1.1931142649753677,0.24264987982666675,0.20082059819079362
54,67.0,17,14,1.198627789625467,0.24267056865567072,0.19230074934257999
54,68.0,17,14,1.1981212969385155,0.24278983414458585,0.19238304064165795
25,62.0,17,14,1.1952349035507372,0.2428374043575894,0.21660265204780735
0,33.0,17,14,1.1942507973824787,0.2428812411553903,0.1964185085253518
54,60.0,17,14,1.1993663207167056,0.24299089168227933,0.19093614266994197
54,69.0,17,14,1.1973421790299295,0.24302985075634698,0.19235592621897385
48,65.0,17,14,1.1916953341745822,0.24304499839861946,0.20475213754221527
31,74.0,17,14,1.1916350936665216,0.24306565860879337,0.20432253170302855
14,31.0,17,14,1.20767003687236,0.24315249921624627,0.18669823353009257
6,69.0,17,14,1.1957171075344382,0.24318566764759614,0.21933484002295028
6,68.0,17,14,1.1951987880625166,0.24338555506095344,0.2191904955390326
54,49.0,17,14,1.2042764128769576,0.24347597432040075,0.1874345389209911
40,27.0,17,14,1.2041794023579535,0.2437603850880875,0.18700009784771218
21,14.0,17,14,1.1940895419313526,0.24404327407053905,0.1922442338422275
31,75.0,17,14,1.1889775043862083,0.24409411545001425,0.2037744677174996
54,52.0,17,14,1.1994572352731603,0.24451964183597413,0.18768175103886997
6,74.0,17,14,1.1920964734475452,0.24459504226328432,0.21837506966955642
54,70.0,17,14,1.192295409496259,0.24491130150211998,0.19128109658411213
35,14.0,17,14,1.1898074560729495,0.24497111141708378,0.19366310140822737
21,31.0,17,14,1.1862426525479566,0.2452061422273467,0.20505064192566935
30,13.0,17,14,-1.2141520162260167,0.24530714520569852,0.25236998977573066
9,21.0,17,14,1.1897651082126068,0.24540211492350475,0.19215616969365243
26,33.0,17,14,1.1856932730246428,0.24543962202387692,0.20531012154083372
48,58.0,17,14,1.1854586439712576,0.24553708880029765,0.20536252212717288
36,13.0,17,14,1.1897545218488965,0.24577288208224596,0.19100495362015324
48,11.0,17,14,1.1909428028214493,0.2458392701778817,0.18984586934208575
46,46.0,17,14,1.1864806738260507,0.24599935836043185,0.193928061660165
54,46.0,17,14,1.1982411516704514,0.24608125883492452,0.18549924989380062
7,51.0,17,14,1.1840404808145053,0.24613218667922745,0.20568060432038063
46,53.0,17,14,1.184763663319556,0.24620125092652279,0.19598309373800865
15,29.0,17,14,1.1847537406431485,0.24620501311073165,0.20940674407172935
13,62.0,17,14,1.183136179134172,0.24636596100625383,0.2024128696024775
54,48.0,17,14,1.1969037060788223,0.24639845175808506,0.185500661909209
41,76.0,17,14,-1.1911441722644056,0.2465595202993653,0.22430100695855032
33,0.0,17,14,-1.2117167909022637,0.24692100678863005,0.2532905947190856
47,56.0,17,14,1.1816324768541622,0.24697247031275243,0.20017521905322688
28,22.0,17,14,1.182839204114087,0.24698584593125705,0.19527298888089634
5,76.0,17,14,1.1816024485648893,0.2469971896613586,0.20340221178889187
3,33.0,17,14,1.1878112511612582,0.2470308452723215,0.18913437365120975
26,69.0,17,14,1.1816085002089647,0.2471669368614876,0.20612485839271077
54,47.0,17,14,1.193790549681734,0.2476866321325421,0.18461297980065156
17,12.0,17,14,1.1894220953699706,0.2478161345340596,0.18635490728831605
37,61.0,17,14,1.1798463628772895,0.2478452553587302,0.19694505533614096
39,22.0,17,14,1.1857038247633092,0.2478970458453193,0.18849800311715403
62,35.0,17,14,1.1815846196782374,0.24800164458041063,0.19228931721490694
55,9.0,17,14,1.1854918540519344,0.2480232716912232,0.18833542780746465
56,30.0,17,14,1.1803044831858063,0.2483449167133644,0.19266537056595803
7,52.0,17,14,1.1775497156006394,0.24870166471082045,0.2043728657154002
40,23.0,17,14,1.188294173312481,0.2490385846141266,0.18461643158442417
55,10.0,17,14,1.1827859657157824,0.24911342483819654,0.18758757635928647
0,50.0,17,14,1.1761781588039693,0.249337406207159,0.19549485932930408
38,49.0,17,14,1.1751057056616667,0.24952198338889917,0.20089940922622163
54,71.0,17,14,1.180143660974379,0.2495594306710462,0.18851159195093833
52,15.0,17,14,1.186529713777657,0.2495795073262687,0.18445374133498552
16,31.0,17,14,1.1932404448044251,0.24976338711370644,0.18173296502837344
58,66.0,17,14,1.1751665305405927,0.24980348599032778,0.1946583615223096
42,41.0,17,14,1.175003661673169,0.24992251922401998,0.1941971964106455
43,24.0,17,14,1.1765845240492112,0.25004562550796433,0.19069656735386983
46,6.0,17,14,1.1771674480062884,0.2501270514437466,0.1896772983576836
23,23.0,17,14,1.1839725807809156,0.2513357475283901,0.18254711518528863
57,21.0,17,14,-1.1714740212026045,0.2515337164501791,0.1919072588978309
47,45.0,17,14,1.1697037084176969,0.251849184871514,0.20292452272552072
54,53.0,17,14,1.178480986690999,0.2521818760914647,0.18354340922204884
33,1.0,17,14,-1.1963934137711179,0.25257868202513745,0.24796601507603858
21,16.0,17,14,1.1751468508093523,0.2526469126721234,0.184483941988194
32,16.0,17,14,1.1729046515319839,0.25283418420313225,0.18559241081627625
3,52.0,17,14,1.1731543953683778,0.25287655910272216,0.18529947842833114
8,15.0,17,14,1.1734586348668696,0.2529299796840274,0.1849530538281827
26,65.0,17,14,1.167513091396251,0.2530970541642364,0.20555360427798353
54,59.0,17,14,1.1730275036027866,0.25313682788865677,0.18476265899380295
39,16.0,17,14,1.1722619449250624,0.2532715595291509,0.1849801387284047
7,65.0,17,14,1.1645001882538673,0.2540053453602991,0.20244448019088565
16,17.0,17,14,1.1743822760652018,0.2540468685268699,0.18209644284219048
60,20.0,17,14,1.1659233329811691,0.25419706196857617,0.18832474519083064
23,19.0,17,14,1.1767714772062356,0.25436137650926766,0.18052751637033676
21,15.0,17,14,1.1687269016776407,0.2544909905333891,0.1845767440312632
8,21.0,17,14,1.1707816023702713,0.2545213524543442,0.18311396507718092
58,72.0,17,14,1.1631457595623327,0.2546191448217616,0.1912429538595109
53,19.0,17,14,1.17054853330973,0.254675223765431,0.18292801965428
47,57.0,17,14,1.1619215793493023,0.25475937350104744,0.19519077047705657
5,29.0,17,14,1.1630161474069296,0.2548871419160903,0.1898352189090768
23,45.0,17,14,1.1634129619031808,0.2549327568507098,0.1888750108615642
48,37.0,17,14,1.1616662577776318,0.25496706484171217,0.1997910868456238
25,40.0,17,14,1.1616804284004822,0.25498434877960585,0.19285650584031427
13,63.0,17,14,1.159486738130301,0.25572000030196396,0.19643670795998544
37,23.0,17,14,1.1675775465770246,0.2557855036308725,0.1823653589290777
38,35.0,17,14,1.162421962752269,0.25580961053594276,0.18662791928808692
37,68.0,17,14,1.157570507878585,0.25661213376145897,0.19205380288594756
48,57.0,17,14,1.1572282169700536,0.25673427498453183,0.19845744890452188
61,15.0,17,14,1.1642162723489007,0.2567668442641695,0.1823467543370405
53,16.0,17,14,1.1646080204994256,0.2568745498116905,0.18185832732306997
6,75.0,17,14,1.160635738506198,0.2570158965020607,0.20980509349772802
54,72.0,17,14,1.1609255971988908,0.2570756906047065,0.18410878132192654
41,75.0,17,14,-1.1620268863917418,0.25785586090780654,0.21543825808807635
55,11.0,17,14,1.1599439850010174,0.2581174028772738,0.18216563720394408
6,30.0,17,14,1.1532945847715188,0.25825526846690827,0.19632267101819695
28,15.0,17,14,1.1566080739829758,0.25926929772990553,0.18183437087737506
7,35.0,17,14,1.150562581069275,0.25931397343590223,0.19307201164783322
60,18.0,17,14,1.154490924270763,0.2595360868996358,0.18292457544616647
14,9.0,17,14,1.1497991518564323,0.2596950867678794,0.19592275537443807
48,66.0,17,14,1.1495012220257415,0.2597491260927887,0.19408137264404438
16,30.0,17,14,1.167251396030653,0.25976346880558643,0.17597580805553595
21,62.0,17,14,1.1495293794592973,0.25998423149653327,0.19811525175130254
48,52.0,17,14,1.149414760351142,0.2600459556677423,0.19823326815169756
30,14.0,17,14,-1.1722510480412844,0.2602090780784223,0.23615570510002187
26,55.0,17,14,1.1485091975815436,0.2603658653341673,0.19752128427519466
25,63.0,17,14,1.1510972670243107,0.26037905419328095,0.20505533826678593
46,54.0,17,14,1.1487908027733937,0.26045886924854084,0.18724318200492274
29,28.0,17,14,1.150008004839331,0.2607618489677095,0.18376818291820282
33,15.0,17,14,1.1521150646433305,0.26104784565623596,0.18085023685562276
6,12.0,17,14,1.1512040327228044,0.26119659610296375,0.1812043693710521
34,36.0,17,14,1.150641981526988,0.2614486256020008,0.18100551610468935
57,9.0,17,14,1.1559950225549505,0.26164351565343275,0.17731184546430884
54,54.0,17,14,1.152848286913469,0.26190415205090195,0.17844634357976746
34,54.0,17,14,1.1457585529703023,0.26298357920093995,0.18110603429635494
58,58.0,17,14,1.144104744056881,0.26312239148571065,0.1824902957228836
8,16.0,17,14,1.1487150603903957,0.26324837770033677,0.17815563269599463
37,76.0,17,14,1.1409306822826772,0.2633941977081856,0.18749479640672276
47,58.0,17,14,1.1405451774603637,0.2634045472554654,0.18993873266514674
36,30.0,17,14,1.1450872210190093,0.263442295456756,0.180405450552498
14,15.0,17,14,1.1479043736808292,0.26385195974473796,0.17740315313486116
54,58.0,17,14,1.1459449562804251,0.26391064726696783,0.17852727451795258
31,20.0,17,14,1.1430352711537632,0.26453038467561124,0.1792347343979619
58,65.0,17,14,1.1382570947405897,0.26466128300995695,0.18532599964226265
24,24.0,17,14,1.1451278213894496,0.2649052129551933,0.17691103215146897
53,18.0,17,14,1.1441917403177455,0.26524771234306455,0.17677284618595968
27,74.0,17,14,-1.1477773454158942,0.26533814883791734,0.21676187344708192
56,12.0,17,14,1.139625853220787,0.26543907846489523,0.17979885718020414
60,19.0,17,14,1.1384041789079835,0.2656945361590365,0.18028720699686632
40,26.0,17,14,1.1461537369594066,0.26606240170344375,0.17432518739320793
26,64.0,17,14,1.13526455837398,0.26627314866075724,0.1977870411264322
53,17.0,17,14,1.1414902729975862,0.26629084316910034,0.17626919717675316
54,73.0,17,14,1.1376478452542935,0.26641890232612975,0.1788358504997752
37,62.0,17,14,1.1334084749657127,0.26642974564155697,0.186320248352064
21,27.0,17,14,1.1328752808535487,0.26661733649794717,0.18667358722484687
39,21.0,17,14,1.1389872482086443,0.2669091414626563,0.17655252067410945
27,8.0,17,14,1.1314621797732718,0.26713193862410645,0.18902326704912714
26,70.0,17,14,1.1316176775152103,0.26728174327108967,0.1930730523629722
2,13.0,17,14,1.1340225476239643,0.26730880580637134,0.17989382428750259
54,21.0,17,14,1.1404373297609545,0.26746428979439085,0.1746009018874754
55,12.0,17,14,1.1368579413253497,0.2675711007629714,0.17653609429684017
13,64.0,17,14,1.1300371992046943,0.2677280108388395,0.1891131650816209
41,74.0,17,14,-1.1366444173743786,0.26802944828668546,0.207930845532996
57,6.0,17,14,1.132530540595536,0.2680825472603719,0.1789958600316543
48,56.0,17,14,1.1294849628364079,0.2681013752197697,0.19181072213147396
58,11.0,17,14,1.1298488179884651,0.2681783141437547,0.18293186692485344
21,30.0,17,14,1.1288673436652998,0.26823492893881673,0.18960027294478884
16,29.0,17,14,1.145181013280715,0.26848190045075376,0.17120298059625771
43,32.0,17,14,1.1298854680675798,0.268593346400582,0.18060421766780158
23,37.0,17,14,1.1303651977019284,0.26861475072503443,0.1797941242937122
33,2.0,17,14,-1.1543817572393562,0.26869504543727607,0.23387223656194164
56,55.0,17,14,1.1279808634672301,0.2688457958785283,0.18327307706704926
47,44.0,17,14,1.12759913271344,0.2690097639871616,0.19263986644614986
4,32.0,17,14,1.130771129084013,0.2690643879139555,0.17777560862077452
39,17.0,17,14,1.1334714590980066,0.26915062863567074,0.1753354291926013
37,14.0,17,14,1.1324761672013228,0.2693310946976513,0.1756246789070545
58,31.0,17,14,1.1265412876712475,0.2696433271630744,0.18154626527337936
38,10.0,17,14,1.1264181356390932,0.27022075272341284,0.17898387187799164
2,23.0,17,14,1.128559753244484,0.27022399058346674,0.17655376793410532
10,7.0,17,14,1.1251251250505734,0.2702295320508177,0.19353302281486298
54,55.0,17,14,1.1310406958315433,0.27041398721491755,0.17422100408039987
29,17.0,17,14,1.1334986621893834,0.2704230231706893,0.1728264545302504
40,24.0,17,14,1.131677960499279,0.2715350269512917,0.17179702226522064
40,10.0,17,14,1.1211207311720013,0.27154749235980236,0.1831740725180397
8,17.0,17,14,1.1290105224820681,0.271578204295699,0.17310360181830917
58,73.0,17,14,1.1216452235270378,0.27158057807701497,0.18103938718759824
37,67.0,17,14,1.1207962580125042,0.2716503310343933,0.1835529897264467
55,8.0,17,14,1.125418154083991,0.27165237725424807,0.17548834836045235
8,20.0,17,14,1.1286415397913685,0.27170517140965783,0.17307046184644226
54,57.0,17,14,1.1264604959651165,0.2719220929198607,0.174014003984492
41,19.0,17,14,1.1334687299188007,0.27211450943316995,0.1701699792304708
47,59.0,17,14,1.1185047773514263,0.2725401040156054,0.1846317568544716
58,4.0,17,14,1.1266061622817385,0.2727768642298072,0.17217131010421574
48,53.0,17,14,1.1177636497749437,0.27309711453045477,0.18991170199613583
5,77.0,17,14,1.1166396853632847,0.2734202589808942,0.18793614391822142
44,13.0,17,14,1.1188831242103294,0.2734700051008763,0.17681167251742588
23,18.0,17,14,1.1258985503595436,0.27393594865986876,0.17048760799766172
6,76.0,17,14,1.1187887166617079,0.2742158147495022,0.19862900815748555
54,56.0,17,14,1.1209453899784911,0.2743440665584922,0.1724823501281956
55,13.0,17,14,1.1204641198556102,0.2746020003143303,0.1722508191072389
46,55.0,17,14,1.1141244047005405,0.27478083512141943,0.17896042308983945
26,6.0,17,14,1.1150914819552158,0.27529120925263967,0.19562764357044735
41,18.0,17,14,1.1243694812423217,0.275385583692638,0.168872028182207
35,6.0,17,14,1.1177171300713538,0.2754704036856501,0.17224726643804963
38,9.0,17,14,1.1121076816862474,0.27560212182457605,0.1786762131493244
41,73.0,17,14,-1.117869266016025,0.27576116705525,0.20253880695283552
54,74.0,17,14,1.1147293480050569,0.27586561941872184,0.17373901181852186
16,28.0,17,14,1.1268002704985278,0.2758922146271517,0.16732295321020393
48,55.0,17,14,1.1097061472425966,0.27643539806660067,0.18724893432679954
26,63.0,17,14,1.110787306514915,0.2765733102208919,0.19184224471833022
25,64.0,17,14,1.1119490560101255,0.2766713272681447,0.19504069978537988
39,20.0,17,14,1.1156688561820451,0.27677037799957416,0.17083385563997344
46,45.0,17,14,1.1104569494920464,0.27685324428259683,0.17548663244587878
26,32.0,17,14,1.1084036041474636,0.2768859513547379,0.1856493741176844
59,28.0,17,14,1.110932544779553,0.27719083038720804,0.17369052841718371
8,18.0,17,14,1.1157129059251127,0.277221282658322,0.16991832117306663
40,25.0,17,14,1.1177653797474492,0.27743467750959155,0.16850487859673136
37,22.0,17,14,1.1139917393340106,0.2775721494363667,0.17026009786790744
13,39.0,17,14,1.1069700367221327,0.27758873025993624,0.1789575874591997
39,18.0,17,14,1.1131534429252041,0.27779134328386573,0.170345047878317
58,64.0,17,14,1.1067861580745437,0.2778511152916057,0.17745559472485778
12,39.0,17,14,1.1075713233304183,0.27799838838748014,0.17513654442062285
52,14.0,17,14,1.1132210028920992,0.2780331149425426,0.16981575350179423
8,19.0,17,14,1.1132575732646384,0.27822999955700717,0.16941482713033215
7,66.0,17,14,1.1051917048051192,0.2784974400885709,0.1874307229253102
20,28.0,17,14,1.1043662465040487,0.27854002479810747,0.1805665317148734
41,20.0,17,14,1.1180526686748145,0.2786083713735157,0.1666416920546941
55,14.0,17,14,1.111658739016275,0.2786567260008569,0.16953504129966213
48,54.0,17,14,1.10455684809993,0.278660231198125,0.18631624095414778
55,17.0,17,14,1.1144281910594147,0.2788157825993211,0.1677985258746659
55,18.0,17,14,1.1142840726337753,0.2792712723013974,0.1671481268797215
55,16.0,17,14,1.1111292558051704,0.2797642106160801,0.16779969125169394
58,59.0,17,14,1.1034609659319115,0.2798507554177698,0.17375786992080136
27,11.0,17,14,1.1037924543952333,0.2799166637658986,0.17305971260572023
37,63.0,17,14,1.100818675465581,0.28008962669311566,0.1790036896913219
61,23.0,17,14,1.1019295665582227,0.28010714311626456,0.17520713969593016
55,15.0,17,14,1.1092076979649137,0.2801211708038845,0.16817563274063
39,19.0,17,14,1.1077958875186855,0.2801341599419424,0.16898315658983207
32,21.0,17,14,1.103773556963374,0.2803407059990811,0.17170874637453512
23,46.0,17,14,1.101086349370626,0.28055464784138995,0.17456556261281952
14,30.0,17,14,1.1125589705264893,0.28056753849429694,0.16592974635482105
41,72.0,17,14,-1.106438750144526,0.2805699016604925,0.1993716146549832
26,56.0,17,14,1.0991701532003957,0.2810866411821123,0.18603551639491667
43,25.0,17,14,1.0981878035999957,0.2815863685965661,0.1750277317563464
47,60.0,17,14,1.0971960525174473,0.28158868031080186,0.1795731562581433
61,16.0,17,14,1.1029832725408677,0.28214881985633083,0.1679715174545096
13,65.0,17,14,1.0955982872140173,0.28228191021184373,0.1807653379287006
16,27.0,17,14,1.1106568801770835,0.28249904810665416,0.16400395969075685
26,62.0,17,14,1.0965483541875198,0.28266348344681846,0.18826456653789492
37,66.0,17,14,1.0943568539351827,0.2828589869012158,0.17756324012959016
41,71.0,17,14,-1.10077855780984,0.28300275799872465,0.19790930606807203
54,75.0,17,14,1.0959990410811418,0.28376317970520865,0.16966292367202723
4,9.0,17,14,1.092961710044652,0.28395770688844035,0.1731164612643194
16,18.0,17,14,1.1001176659924927,0.284052493408361,0.16604687381368313
56,8.0,17,14,1.0917212936775416,0.28407455601894405,0.18207162991140297
55,19.0,17,14,1.1036535369296607,0.2840884724352561,0.16434968527041172
38,50.0,17,14,1.0913186310135823,0.28418477979724555,0.18105769154330562
23,24.0,17,14,1.0992741913666848,0.2843086365058212,0.16604892761323867
41,30.0,17,14,-1.0961463981699824,0.2844472714254731,0.19487312740420087
41,70.0,17,14,-1.0972612185991975,0.2845486917405445,0.1970886938458384
0,32.0,17,14,1.090929236937765,0.28483355382734266,0.1726560019618756
7,34.0,17,14,1.0892435203354265,0.2850181424305488,0.1787224018551362
5,13.0,17,14,1.0936486021023302,0.285181212564151,0.16804958565732436
25,39.0,17,14,1.0891314845639928,0.28521555435033535,0.1750255325490867
34,11.0,17,14,1.0893513642827741,0.28553039213137577,0.17221795440918938
30,15.0,17,14,-1.105656522037973,0.2855998621934885,0.21181462836815051
48,67.0,17,14,1.0877212429449754,0.28570151064455834,0.17929530240818972
21,29.0,17,14,1.087530415645597,0.2857674660664041,0.17866846777387616
26,61.0,17,14,1.0890044684545652,0.2858876421991221,0.18616537284699436
34,55.0,17,14,1.0905735326038026,0.28593942753164875,0.1689101133618031
17,13.0,17,14,1.0967347535672483,0.2859752879011196,0.16449250895499012
58,74.0,17,14,1.0864390738818068,0.2865930843022129,0.17270656734315065
3,53.0,17,14,1.0901546963891013,0.28671199072399306,0.16721077681507676
32,17.0,17,14,1.0900520979993942,0.2869682813172142,0.1666785129219823
41,17.0,17,14,1.0946020196795194,0.2871023473575453,0.16368553390841836
32,8.0,17,14,1.0865347659722127,0.2871497972114947,0.18652797716792294
41,69.0,17,14,-1.0910720870712656,0.28724586589313084,0.19553162167679783
41,29.0,17,14,-1.0893631962974253,0.28734099970065824,0.1929659590876433
46,9.0,17,14,1.083967169953165,0.2873665545782157,0.17502476594725958
37,64.0,17,14,1.083620669079539,0.28750482357536866,0.17517691835378715
58,63.0,17,14,1.0841860233232148,0.2876430558545535,0.17174963568180515
50,27.0,17,14,-1.0837530534218314,0.28829287826181693,0.18548098383918896
37,65.0,17,14,1.0816132166633694,0.2883801231530074,0.17472291425222553
46,56.0,17,14,1.0823621460082835,0.2884078776750899,0.17151282939527052
21,63.0,17,14,1.0822814711994997,0.28855536413342325,0.1829441569903185
26,60.0,17,14,1.0827211681160955,0.2885621318638185,0.1842530797755236
54,79.0,17,14,1.0844319467813734,0.288701245753815,0.16724083329072265
21,28.0,17,14,1.080669777424723,0.2887502334111767,0.17600421449800432
48,7.0,17,14,1.084018739541774,0.289041589696397,0.1893216348943774
54,76.0,17,14,1.0835522981420076,0.2890929340998149,0.16701883076479399
16,26.0,17,14,1.0943623882280178,0.2892484335945412,0.16075417617641902
15,6.0,17,14,1.0846815247609394,0.28950980911840896,0.19219484998952321
46,25.0,17,14,-1.0819251739938358,0.2896353552396062,0.18750704248142944
59,52.0,17,14,1.080298101513481,0.2896897802387409,0.1840216405317259
62,9.0,17,14,1.079753597031038,0.2898550011834667,0.16931019478063306
47,61.0,17,14,1.0779237037812224,0.289956740154215,0.17504281831333002
58,60.0,17,14,1.0794252814294079,0.29006447047641637,0.16894626998995915
62,8.0,17,14,1.0789059395889236,0.29039722607783636,0.16839256947917633
28,16.0,17,14,1.0821166990191329,0.2905603697671209,0.1645874727810214
50,26.0,17,14,-1.0779047302804026,0.29064719358130164,0.18291709821600952
25,65.0,17,14,1.0783760538849965,0.2912014960681239,0.18665276395062663
59,8.0,17,14,-1.0997935163353172,0.2912353158989273,0.21719960786391648
54,78.0,17,14,1.078439317376212,0.291285046441495,0.16599433700110683
54,77.0,17,14,1.077848622368567,0.2915496958090267,0.1658458379179208
35,15.0,17,14,1.0780699639088145,0.2917284769352596,0.16513995506892507
52,24.0,17,14,1.0880005613195798,0.2917291009280453,0.15973644825670127
26,59.0,17,14,1.075256672739483,0.29176352910779235,0.1819850457473289
26,57.0,17,14,1.0748018171633538,0.29179018267855705,0.18078947189778474
0,10.0,17,14,-1.0879953480404532,0.29181408325339214,0.20353805123162874
59,9.0,17,14,-1.0980562201297503,0.2919053546786548,0.21653058440689044
34,35.0,17,14,1.077561396290946,0.291923161442572,0.16510120538485812
42,40.0,17,14,1.0716997139146485,0.2929431274199638,0.17005831936711088
41,68.0,17,14,-1.077833552443225,0.2930064841848466,0.19201417174340546
58,62.0,17,14,1.07160381705647,0.29325102829147814,0.1683596431728827
26,14.0,17,14,1.0769521843008223,0.2933423811154367,0.16235941704310786
26,71.0,17,14,1.0703820748017607,0.293528798740014,0.17809201576834963
36,14.0,17,14,1.0744298080813903,0.29379218071960117,0.16320102325032454
26,58.0,17,14,1.0698967298569837,0.2940496697898185,0.18018268929548079
59,7.0,17,14,-1.0929914052910108,0.2941331049462133,0.2151617224128271
47,43.0,17,14,1.0690122865108505,0.294226245372471,0.17850324077083454
58,61.0,17,14,1.0695817693150405,0.2942578750277066,0.16733576815489112
46,24.0,17,14,-1.0703264603238087,0.2945695845407909,0.1838649726355386
13,8.0,17,14,1.0690289523626684,0.2946726287299044,0.1813164964341594
6,77.0,17,14,1.0709991415175242,0.2948275131546912,0.18624744463825327
28,21.0,17,14,1.0685116029406867,0.2949446955948797,0.16616810357636683
6,13.0,17,14,1.071841981120623,0.29506354794911505,0.16233967634993549
62,10.0,17,14,1.0663684931618163,0.29569685358839143,0.1665398371803022
41,31.0,17,14,-1.0696449559518075,0.2959147809582512,0.18762695261817647
29,8.0,17,14,1.0735156862220636,0.2962869082220363,0.1591260905374042
36,5.0,17,14,1.063087827013233,0.2967686303530158,0.17632560125075117
44,30.0,17,14,1.06227271905463,0.2969248640441604,0.17011045980400674
55,20.0,17,14,1.0743441153842117,0.29697840931847114,0.1577775559022382
16,25.0,17,14,1.0753954741444198,0.2972049712122626,0.15710117629242348
47,62.0,17,14,1.061371087381297,0.2972840436243655,0.1711813459502711
25,11.0,17,14,1.070717708461817,0.29741015429678647,0.15870044590692806
56,56.0,17,14,1.0609960686772943,0.29763202842712755,0.16814217302067683
48,12.0,17,14,1.066276643346683,0.2980827622767146,0.15998463255793752
58,75.0,17,14,1.0602296710994967,0.2981402661498488,0.16672214183680817
7,8.0,17,14,1.0600726327726322,0.29817169102689645,0.17606661676300828
3,32.0,17,14,1.0634402216142234,0.29833399869779,0.16155337321168325
1,7.0,17,14,1.0633003302426718,0.29838936713547554,0.1848135125763901
59,6.0,17,14,-1.0827897514325515,0.2984866286148795,0.2120590494856927
23,17.0,17,14,1.0658930496685755,0.2985707280437071,0.1593073984363504
5,78.0,17,14,1.0588499624119032,0.2985901589345108,0.17462983946788704
59,10.0,17,14,-1.0812904200638132,0.29891594012735967,0.21114818759930062
41,21.0,17,14,1.06994374918892,0.2989659356418377,0.156785473582215
13,66.0,17,14,1.057478645355143,0.29904042985145307,0.1718161853237941
34,10.0,17,14,1.0571686745740287,0.2993118006537938,0.16758226801155104
62,34.0,17,14,1.057993308935949,0.29945803503384844,0.16453768252958165
50,28.0,17,14,-1.0573705957588904,0.30000006581738037,0.1790876373186333
38,11.0,17,14,1.0579270453155565,0.3000836728934486,0.1623092160150278
37,21.0,17,14,1.0616900882184102,0.3001099570457671,0.1590221286263908
27,73.0,17,14,-1.0643984340737827,0.30020641624854266,0.19210279002672676
61,17.0,17,14,1.0604352641481394,0.30070031865416197,0.15869442602624886
46,57.0,17,14,1.0545197463934235,0.300751589028753,0.16511493455637682
49,34.0,17,14,1.052698042863033,0.30120063180214296,0.17098936874407714
35,24.0,17,14,1.0581717908352946,0.3014108309192103,0.15880045104883053
62,7.0,17,14,1.053470528687594,0.301799230625294,0.1622856520994959
43,31.0,17,14,1.0507984347585047,0.3024940904429769,0.16390695846051503
41,67.0,17,14,-1.0554130284330316,0.3029047245959156,0.1860184593732712
59,5.0,17,14,-1.0722809348361795,0.303011630112964,0.20887252756930966
23,12.0,17,14,1.048540109644615,0.30314820733708236,0.1661779718504191
23,47.0,17,14,1.0494554689628774,0.30317654535654437,0.1632137409939957
38,34.0,17,14,1.0501115340021123,0.30328379545393525,0.16165275202922746
2,9.0,17,14,1.0484906772470473,0.30330411274549884,0.1726234253416787
48,36.0,17,14,1.0480408792447657,0.3035635458933855,0.17298805447964768
47,63.0,17,14,1.0473508069069768,0.30359176926922754,0.16794301907746836
25,66.0,17,14,1.0501954754189802,0.30380594578478604,0.1797919152323093
46,26.0,17,14,-1.0500248020182763,0.3039923247487013,0.18016958836497385
4,10.0,17,14,1.0487555263797397,0.3040597434009241,0.16078473768424412
37,15.0,17,14,1.0515255615549721,0.3042847305004878,0.1576026749158757
7,67.0,17,14,1.046491879613437,0.3043364240817134,0.1731582409150884
2,14.0,17,14,1.049150885916316,0.30439107210395483,0.15934772560252924
34,56.0,17,14,1.048127791744909,0.3045485436249536,0.15999621739445735
37,77.0,17,14,1.0434285390576417,0.3054191608237293,0.16572061092772614
57,10.0,17,14,1.0530355365895296,0.30587414258662393,0.15411086744126135
34,12.0,17,14,1.044377746055527,0.3059553486890507,0.16012886569274823
33,30.0,17,14,1.0413301535172312,0.306387531067398,0.16897042102918444
58,76.0,17,14,1.0416354821629954,0.30651913647013423,0.16262967100719816
9,20.0,17,14,1.0421104169689706,0.30676113823142853,0.16047122313325923
56,29.0,17,14,1.0418244954823361,0.30680564429067253,0.16076144742831924
16,24.0,17,14,1.0525027810909593,0.30695710227764955,0.1528742753689767
59,4.0,17,14,-1.0628889331546736,0.30709452433428486,0.20604181970307073
6,22.0,17,14,1.0440146675003366,0.3071340587946925,0.1571991482988414
23,36.0,17,14,1.0408863439061014,0.30724421642529154,0.16050885710104157
4,8.0,17,14,1.0387445804130397,0.30755294475136674,0.16470695394535875
41,16.0,17,14,1.045629486655031,0.3075880270155987,0.15513083896314453
62,11.0,17,14,1.0403059003936266,0.307597351683511,0.1600216008427196
25,12.0,17,14,1.049082555811964,0.307771893427381,0.1531289513865838
6,29.0,17,14,1.0370391769432268,0.30831448439082143,0.1672876484390351
33,3.0,17,14,-1.0580575923227595,0.30870875735780007,0.2035473428206842
6,21.0,17,14,1.0416787142450092,0.3088778924620307,0.1552438246905089
54,13.0,17,14,1.0365340497261362,0.3089193398874136,0.16107906049612777
61,22.0,17,14,1.0376733455707208,0.3089816967357383,0.15877280947816358
47,64.0,17,14,1.0350564417142967,0.30919938687273996,0.1651533803831148
16,19.0,17,14,1.0421261024648067,0.3093774845390421,0.15404872529935854
59,3.0,17,14,-1.0550418819930676,0.3105346972708868,0.20369100679543878
38,51.0,17,14,1.0315971698669637,0.3108915106679026,0.1673133006702974
32,20.0,17,14,1.0346147852160694,0.31094593046796215,0.15639159466321792
46,58.0,17,14,1.0313449460098523,0.3113095917155094,0.15989829634059513
32,18.0,17,14,1.0344356264095753,0.31149343432562865,0.15519148934647978
8,5.0,17,14,1.0310515186259825,0.31154107112304985,0.1704338107407277
7,33.0,17,14,1.0280376696296794,0.3124440532478526,0.16482742986323412
58,77.0,17,14,1.0275096196453222,0.31298349788947977,0.15963789759861446
52,13.0,17,14,1.0311931623007329,0.31299908723838404,0.15446972590837907
59,2.0,17,14,-1.0487026849215662,0.31333317979636033,0.20180172818857092
28,17.0,17,14,1.0305424151276192,0.3135838572856272,0.15370310860210532
58,3.0,17,14,1.033884812821256,0.3136964109068929,0.15143800950923855
61,18.0,17,14,1.0312741465379056,0.3137355425197577,0.1528763639402733
0,51.0,17,14,1.0252599607868915,0.31373998761746585,0.16213187432872178
33,16.0,17,14,1.0299465100904777,0.3138401072608335,0.15361694707422074
41,32.0,17,14,-1.0296052644554274,0.31386764049715177,0.1770355883306231
25,67.0,17,14,1.0276712005387596,0.31415555093635494,0.17444985201419377
47,65.0,17,14,1.023675054287861,0.31445413477392625,0.16263396723560314
53,9.0,17,14,1.022740872771662,0.31488855788262404,0.1630552650742791
7,11.0,17,14,1.0222479245228056,0.3151352239401372,0.16154942615448076
59,11.0,17,14,-1.0436919586974625,0.31517212539537676,0.19952249869932426
26,31.0,17,14,1.0221060374260027,0.31528183014578737,0.16507226905168973
59,1.0,17,14,-1.0436784101947965,0.3155634542549586,0.2003105524092073
34,63.0,17,14,1.0224974262209876,0.316020447839254,0.15535945527643769
6,23.0,17,14,1.0228113226282962,0.31605405329391145,0.1548516298651084
14,16.0,17,14,1.0268185026364394,0.3161758702183765,0.15125073041898604
6,78.0,17,14,1.0233647161386517,0.3164165581790461,0.17435411192900638
15,13.0,17,14,1.0223378551127806,0.31665666872222353,0.1536711718015195
41,66.0,17,14,-1.0247591780611223,0.31679713193696846,0.1779628569715284
34,62.0,17,14,1.020114276253219,0.3171075691993981,0.1549233556243865
13,67.0,17,14,1.0176102091817327,0.3173029890535449,0.1627830751338206
59,0.0,17,14,-1.0397673269955856,0.31730705560982453,0.1991534974409005
34,64.0,17,14,1.019602585366272,0.3173859814927681,0.1546804191391112
34,57.0,17,14,1.0195296764573916,0.31754531434556765,0.15426353756038333
6,20.0,17,14,1.0237613776927494,0.31755510514834195,0.15068334679265444
56,13.0,17,14,1.0208993398880406,0.31765038255634337,0.15256617214135784
25,10.0,17,14,1.0217455585657966,0.3176873908838118,0.15179426617564126
50,29.0,17,14,-1.0184312188089417,0.3177881332632403,0.16950442194264548
16,23.0,17,14,1.0273484727354834,0.31784827593156867,0.14848352562679823
54,20.0,17,14,1.0224411215916382,0.3180549477814425,0.15061061573342324
29,27.0,17,14,1.0169278068686936,0.318634019867801,0.15411213731346446
58,78.0,17,14,1.015279056849266,0.3186505864134609,0.15712636326343166
5,79.0,17,14,1.0151021809966916,0.31868558754381326,0.1648179980352721
46,44.0,17,14,1.0162322900300427,0.3188137263658201,0.15446372123210372
21,64.0,17,14,1.0153270223258686,0.31912413048944754,0.16821881333219754
47,66.0,17,14,1.0128788278279426,0.3194954826153534,0.1602970315745417
13,16.0,17,14,1.0186241747476086,0.3196159909210579,0.15021533085694438
13,17.0,17,14,1.020131694603254,0.3196511783829825,0.14925056895031003
46,59.0,17,14,1.0133357205395475,0.3196914913612665,0.15592219581653557
14,29.0,17,14,1.0222867797797428,0.31993851106557913,0.14779778243850775
23,48.0,17,14,1.0128938282287265,0.3199674061586799,0.1554686122821489
34,61.0,17,14,1.0133695584291897,0.32024311247020143,0.15354662551283066
37,20.0,17,14,1.0172056442060244,0.3203123900048746,0.14985973857741358
33,7.0,17,14,1.0155323011128936,0.32050569267861806,0.17388958974099447
34,65.0,17,14,1.012691437618797,0.320630468977392,0.15317340018556805
30,16.0,17,14,-1.0219308397894642,0.32065697085634,0.18386209224029182
32,19.0,17,14,1.0131076497779892,0.32110995357095035,0.15136957980925855
25,38.0,17,14,1.0095654963548752,0.3211985535966463,0.15694654021393845
55,21.0,17,14,1.0209062650992122,0.32120666660802893,0.1467140198709262
3,54.0,17,14,1.0122825736685974,0.3214001849615802,0.15143887782860327
17,14.0,17,14,1.0176122363595668,0.32140045933243305,0.1478538291567968
25,68.0,17,14,1.0115428426573407,0.3217182606277542,0.1707060296215063
41,28.0,17,14,-1.0120652812128055,0.32189035533251353,0.17226804000213536
61,19.0,17,14,1.012752179946915,0.3220069182857203,0.14968863661993784
61,21.0,17,14,1.0102207156031193,0.32223575213651,0.15135389035585117
43,26.0,17,14,1.0069748032557386,0.3224234620994585,0.1563550926569294
26,72.0,17,14,1.0071245442199874,0.32251699301751047,0.163597929051325
28,20.0,17,14,1.0090336368163235,0.3225410557764822,0.15181308637585167
48,68.0,17,14,1.0054583944318813,0.3230653702633115,0.1609149760242228
2,22.0,17,14,1.0076793705319504,0.3234791923588072,0.15070242471257525
58,12.0,17,14,1.006021503336792,0.323589635680824,0.15238548889267767
6,14.0,17,14,1.009687522077183,0.3236594637795597,0.14864754588146603
27,12.0,17,14,1.0070059505505895,0.32366527491615704,0.150912512968893
46,23.0,17,14,-1.0059381009927248,0.32373382108268234,0.16689734396920225
58,79.0,17,14,1.0039411243602503,0.3239663324655975,0.15483891225182328
34,60.0,17,14,1.0054525633112275,0.3239696481090111,0.15188061404293773
25,74.0,17,14,1.0066188814291934,0.32397234206774184,0.16928760013588756
13,9.0,17,14,1.0041218440895978,0.3242327440333562,0.1647307647130983
47,67.0,17,14,1.0027723897647625,0.3242651865372572,0.15813175079413475
34,58.0,17,14,1.0044485242940204,0.3245293076315122,0.15139279464970262
56,57.0,17,14,1.0023283447043154,0.3245851984250343,0.15572579289515134
34,66.0,17,14,1.0041644280215947,0.32465770197598764,0.1513526716689338
25,75.0,17,14,1.0050745268231887,0.32469579468994314,0.16889523653669994
25,73.0,17,14,1.005050620641398,0.3247355784067536,0.16899283930307668
23,16.0,17,14,1.0057299102700834,0.3250127740267945,0.14886270188406428
13,18.0,17,14,1.009011459364956,0.32522196370564693,0.14643010552836772
22,29.0,17,14,-1.0038452726197982,0.3252905152011937,0.16864900257035415
61,20.0,17,14,1.0046796982335704,0.32536109573524397,0.1489686772952531
62,12.0,17,14,1.0030605740121132,0.32537901143434245,0.1505179713367774
46,60.0,17,14,1.0003794297449007,0.3258164991571021,0.15311077040820817
16,20.0,17,14,1.0066547261975496,0.32585996085465296,0.14668913903592282
34,59.0,17,14,1.0009385574561596,0.3261335195129973,0.15085158924853598
25,72.0,17,14,1.0020613126597524,0.3261799162149045,0.16838149071214556
25,69.0,17,14,1.0021321935277934,0.3261869526809218,0.1685429447982393
35,5.0,17,14,1.0037284105779232,0.3264028320014738,0.14756278186866537
57,28.0,17,14,-1.0012183960864431,0.3267400655535203,0.16874103367319646
17,31.0,17,14,0.9975377311703792,0.3269850614717694,0.1607784912735806
21,7.0,17,14,1.0023702699289347,0.32705231342774577,0.1717358217164632
16,22.0,17,14,1.0055419153505871,0.32736631151856066,0.14500669624813506
25,71.0,17,14,0.9993068555128809,0.3275150653910961,0.16782058619479298
25,76.0,17,14,0.9987831127210302,0.3277008324925649,0.16747009986918243
25,70.0,17,14,0.9986429477877813,0.32784741044432697,0.16772067525254913
28,18.0,17,14,0.9991633630084649,0.3280073219929398,0.1477724769585135
24,23.0,17,14,0.9990567385627938,0.3281160783170216,0.14762527294819416
13,15.0,17,14,0.9980628083564118,0.3282717891654868,0.14813442729141243
34,67.0,17,14,0.9961908543689333,0.3284558521189479,0.14966206301246046
25,13.0,17,14,1.004569604506306,0.32847909229435934,0.14395214881913487
47,68.0,17,14,0.9933483811012129,0.32875688517680135,0.15609894478767514
37,16.0,17,14,0.998524038046463,0.3288774704225259,0.14649830838290692
47,42.0,17,14,0.9931127218013863,0.3292712522365313,0.16100764172221677
15,28.0,17,14,0.9933685370319516,0.3293599448572819,0.16228299778792413
6,19.0,17,14,0.9990180507592963,0.32939414387670163,0.14528918635461416
38,52.0,17,14,0.992169078117067,0.3294159684859399,0.15821904207333448
19,39.0,17,14,1.0000723579013726,0.32980520094159427,0.14413101812329174
46,61.0,17,14,0.9914185934896276,0.3300968785319729,0.15120228562271262
59,27.0,17,14,0.9925807746549022,0.3302967856781026,0.14856300442815645
23,49.0,17,14,0.9910343462962675,0.3303169915509234,0.15093792528764688
7,68.0,17,14,0.9900678869318827,0.3306903730953301,0.16004747854252166
19,40.0,17,14,0.9979086132411558,0.33069958319707404,0.14389164756192488
50,25.0,17,14,-0.989650523711583,0.3307722585733368,0.15909108196213545
34,34.0,17,14,0.9919193112210783,0.3308973705552546,0.14764010690211532
16,21.0,17,14,0.9958092894099904,0.33137883909648547,0.14394213265221031
46,27.0,17,14,-0.9915136583946185,0.3314945978849424,0.1668502314975615
62,6.0,17,14,0.9892863447082954,0.3315201728223094,0.14904206110121435
34,68.0,17,14,0.9897578654834465,0.3315489931544291,0.1482877789860009
5,28.0,17,14,0.9882878458907661,0.33160837685114863,0.15050341922447535
13,38.0,17,14,0.9871617244820702,0.33178792298625237,0.15306216453106347
55,42.0,17,14,1.0001325265102354,0.33183123404675574,0.14161836843932785
5,14.0,17,14,0.9914363104160097,0.3318785530941859,0.14581819728118625
28,19.0,17,14,0.9897818634677764,0.33211735580495627,0.14671422538560766
55,41.0,17,14,0.9992491459686178,0.3322340652415988,0.14146536623434153
18,29.0,17,14,-0.9920910880211532,0.33226338161132285,0.17013697879856324
6,8.0,17,14,0.9852342307847567,0.3328445894530778,0.15763861101669385
47,69.0,17,14,0.9840007208567164,0.3332541334172918,0.1540454102614368
46,62.0,17,14,0.9847006823732936,0.33332539342496126,0.14981228958968654
25,77.0,17,14,0.9868325291399592,0.3334775372912602,0.16484401642293192
41,65.0,17,14,-0.9890632351499347,0.33352548345595867,0.1688709290951868
55,43.0,17,14,0.9958269493264806,0.333865860468065,0.14080022595195466
43,30.0,17,14,0.9831851582726118,0.33390128579220957,0.15041599699897126
13,19.0,17,14,0.9906595078352824,0.33401016666775285,0.14267800735153172
34,69.0,17,14,0.9844998879427647,0.334101621385929,0.14714212763567652
0,31.0,17,14,0.9824683854606046,0.33432520118659326,0.14978145658523634
57,5.0,17,14,0.9841164037222386,0.33456862388833797,0.14626242270713832
41,33.0,17,14,-0.9852923044395094,0.3346268871681459,0.16583295727886008
19,38.0,17,14,0.9890664106529043,0.3351012877893004,0.14190778334124846
55,40.0,17,14,0.9924446987961362,0.33542521047491647,0.14020899817859656
37,19.0,17,14,0.9849967896181924,0.33553067736587683,0.14346918505963346
23,50.0,17,14,0.9800084219549382,0.33563695905210156,0.1486253878064058
46,5.0,17,14,0.9804117708711579,0.33569903604118856,0.147594360191332
6,79.0,17,14,0.9822299150151337,0.33590472805498695,0.16446019514537136
13,68.0,17,14,0.978022627839854,0.3361839334956178,0.1541361530206186
46,63.0,17,14,0.9786666773304356,0.33623556428915036,0.14861400090084254
34,70.0,17,14,0.9791157054074158,0.3367348476309575,0.1459600923473633
6,24.0,17,14,0.9776355002589516,0.33682986657612524,0.1479374726840495
23,56.0,17,14,0.9772892066549812,0.33736656509768426,0.1464025380741126
22,30.0,17,14,-0.9785950448700467,0.337408336150677,0.16273642026580892
23,57.0,17,14,0.9772740894080797,0.3374190649954031,0.14624651705275665
55,44.0,17,14,0.9877840234165328,0.33768105952693794,0.13929163946613998
19,41.0,17,14,0.9827017227163175,0.3377717852035539,0.1412162780256768
2,15.0,17,14,0.9783850494621295,0.33783721280171264,0.14390962332895033
18,79.0,17,14,-0.9814484896918306,0.33785684400702176,0.16882896260060462
41,15.0,17,14,0.9784931632476107,0.33791908309610585,0.14363997992626337
23,51.0,17,14,0.9748681092196667,0.3381618438943703,0.14743657097136817
47,70.0,17,14,0.9736792133070701,0.33826848609894367,0.15174955773127763
23,55.0,17,14,0.9739744375427238,0.3389002249207642,0.14600889296128788
46,64.0,17,14,0.9728004711232374,0.33907310227091036,0.1475012671548607
24,0.0,17,14,-0.9920786947711377,0.33926329919872944,0.18564162893876665
23,52.0,17,14,0.9720528615528152,0.339585252738993,0.14662927006371093
42,39.0,17,14,0.9707259417773483,0.33984365648437975,0.1487391448680959
34,13.0,17,14,0.9731879591107125,0.33995749176113965,0.1438354525005075
57,51.0,17,14,0.97044468401891,0.3399594098315525,0.15361314455992045
12,38.0,17,14,0.9709628177985324,0.33998703900919824,0.14703925174488552
24,1.0,17,14,-0.9903873668456745,0.34005840606905724,0.18516817928222307
4,31.0,17,14,0.972514239340574,0.3401206399253045,0.14413476836181505
23,54.0,17,14,0.9711162929088197,0.340202612574808,0.1457753554329846
34,71.0,17,14,0.9719070794034964,0.3402749518720809,0.14441160330987624
9,0.0,17,14,-0.9896978987840129,0.34038471331002096,0.184978893537014
23,53.0,17,14,0.9705638583033153,0.34038479421710555,0.14601601605349498
35,16.0,17,14,0.9727738499168915,0.3408545679612893,0.14218862000360963
6,18.0,17,14,0.975190247502245,0.3408991189556473,0.14051825166330556
18,28.0,17,14,-0.9729519220917118,0.340956229520178,0.16396856035889987
23,58.0,17,14,0.9698360993255487,0.3410423816180024,0.14475340428543879
27,72.0,17,14,-0.975324544766342,0.34105652772723516,0.16793597265404148
9,1.0,17,14,-0.9882638528695232,0.3410601741105648,0.18457799715870388
24,2.0,17,14,-0.9880950183789421,0.3411380891193275,0.18452761031995918
55,39.0,17,14,0.9796983945664957,0.34147058389910534,0.13787009572198392
46,65.0,17,14,0.9676035423685353,0.3415919147629536,0.14657082817001832
50,30.0,17,14,-0.9683762288339819,0.34167149725742774,0.15756394083123293
37,17.0,17,14,0.9719620331496778,0.3417398814711109,0.14110230772174592
25,78.0,17,14,0.9698619367481723,0.3418108212690577,0.16120409366471555
9,2.0,17,14,-0.9864593994508895,0.34191141613460685,0.18407429611600176
6,15.0,17,14,0.9714297351800282,0.3422506885359303,0.14056310265760455
57,11.0,17,14,0.9751954990398041,0.34229809837640424,0.13858013853310072
55,45.0,17,14,0.9779154008324459,0.34240231860443915,0.1374601222746939
38,53.0,17,14,0.9651462669783986,0.3425071470045179,0.15176025936178406
24,3.0,17,14,-0.9849601809178798,0.342618383450222,0.1836537490388768
41,22.0,17,14,0.9736856132562872,0.342795543734986,0.1385918789567548
9,3.0,17,14,-0.9841315130826923,0.34301175096876846,0.1834257189541892
59,12.0,17,14,-0.9820278331923333,0.343271479796608,0.181416443443781
4,11.0,17,14,0.9663222576244714,0.343338482635427,0.14241454914938315
37,18.0,17,14,0.9686859649054844,0.3434017764882997,0.14035604533515897
46,66.0,17,14,0.9635537508952371,0.34355464482633213,0.14590432067781622
47,71.0,17,14,0.9616951743670561,0.34415463496538123,0.1490909305858017
23,13.0,17,14,0.9618841433966506,0.3443177569996836,0.1459302458583971
32,0.0,17,14,-0.9809429474035811,0.3443905669396601,0.18228582548542718
9,4.0,17,14,-0.980982111281306,0.3445042959074147,0.18255050795889283
38,12.0,17,14,0.9634514334043056,0.34462740257088575,0.1421576253633455
24,4.0,17,14,-0.9805676961966895,0.3446999881660465,0.18243354697955633
31,19.0,17,14,0.9631639659796544,0.3448173233390053,0.14197582619514348
7,32.0,17,14,0.9601717450402864,0.34492883621051007,0.15006959691551103
57,50.0,17,14,0.9602352139930483,0.34493866249570415,0.15082285242775775
13,20.0,17,14,0.9670021750542471,0.3453544400807905,0.13826410151305168
46,67.0,17,14,0.9598452572402154,0.34535652256799654,0.14531687943412788
34,72.0,17,14,0.9611249382617993,0.3455983152444412,0.14217275501224577
29,18.0,17,14,0.9641458546993146,0.345835406527202,0.1391239646149243
62,13.0,17,14,0.9617250999944239,0.3460168551927725,0.14054888438874397
61,7.0,17,14,0.9596762501511131,0.3464423265899115,0.15755027389573448
17,6.0,17,14,0.9611216035024998,0.3465316780761827,0.16052196928616103
9,5.0,17,14,-0.9764760743949314,0.3466476005212622,0.18130285925648687
58,2.0,17,14,0.9643922626620723,0.3468623752455886,0.13745172957961577
51,8.0,17,14,0.9611172123198296,0.3468877646859646,0.13930330599263424
19,37.0,17,14,0.9646260486620476,0.34691579952493146,0.13727054027575825
55,46.0,17,14,0.968089559547738,0.347149220477434,0.1356554849468028
36,15.0,17,14,0.9604600323477875,0.3471564008515593,0.13927826535593196
23,15.0,17,14,0.957783454950366,0.3473120120827029,0.14133949697755113
32,1.0,17,14,-0.9744241320079938,0.34746246600115127,0.1804235513648305
52,9.0,17,14,0.9551738820305388,0.3475262118073461,0.1454087421171547
22,28.0,17,14,-0.9569457388874075,0.34754891070330896,0.15600278118623778
13,14.0,17,14,0.956158271507276,0.3476334318238893,0.14252193773588764
36,29.0,17,14,0.9574086707173741,0.34768197034739323,0.14078372833256791
55,58.0,17,14,0.9669997345049622,0.3477441871002839,0.13538789250899186
24,5.0,17,14,-0.9741749362042892,0.34774513286792763,0.18066671409000482
21,65.0,17,14,0.9564274390449031,0.34774927772307795,0.15565928828375492
48,13.0,17,14,0.9598239774521607,0.3481360775251017,0.13801323752761957
46,68.0,17,14,0.9540091265995823,0.3482247959636746,0.14429026456896552
56,58.0,17,14,0.9534400514177187,0.34830113995977663,0.14600808573939233
55,57.0,17,14,0.9658184138537651,0.3483228487059188,0.1351681343290347
55,59.0,17,14,0.9650628287346646,0.34867763618528047,0.1350440217798033
6,17.0,17,14,0.9588954609352053,0.34880583514176,0.13750547882589823
14,22.0,17,14,0.9576156106179736,0.3488909361079945,0.13814495698871915
52,12.0,17,14,0.9535392738921202,0.3492279628427787,0.1410414089823859
45,50.0,17,14,0.9511979355302552,0.349365103158248,0.14723856676939778
23,59.0,17,14,0.9521456439717376,0.3497227048054261,0.14139296409692612
23,35.0,17,14,0.9512790867305547,0.34980944652131296,0.1425500547539197
9,6.0,17,14,-0.9696945456869166,0.3498906739374621,0.17943540748667497
45,51.0,17,14,0.9500037372289066,0.3499614003822308,0.1470084647511433
55,56.0,17,14,0.9622596875540269,0.3500559952665099,0.13452243525679106
6,16.0,17,14,0.9559090337969995,0.3501120971233992,0.13720185472830843
6,28.0,17,14,0.94958704386076,0.35018005942434083,0.14750538694991677
55,38.0,17,14,0.961572650011375,0.3502033112621783,0.1345944612735432
47,72.0,17,14,0.9484820179195123,0.3507243914100784,0.14619347426007334
18,78.0,17,14,-0.9544059521363902,0.3510054200494259,0.16211369017194235
19,42.0,17,14,0.9549983850046887,0.3510415870877158,0.13630907927870026
26,73.0,17,14,0.9486025166399266,0.35104772491619374,0.15104544731011313
55,60.0,17,14,0.9599824887621787,0.35114645226459507,0.13413302816319847
55,47.0,17,14,0.9596518044352402,0.35126313224953265,0.13411999310905692
57,52.0,17,14,0.9471875073191673,0.35157772058052195,0.14951322909618792
25,79.0,17,14,0.9502970569391086,0.3516031952959995,0.15711765335476865
41,64.0,17,14,-0.951777376340241,0.35163914984559563,0.159725015577563
23,25.0,17,14,0.9498390290897087,0.3516922584389054,0.13871416872412762
14,23.0,17,14,0.9520935588081341,0.35194611371186235,0.13657048462228005
3,55.0,17,14,0.9481403447777683,0.3521592899410483,0.1393100878111214
55,55.0,17,14,0.9574968138314753,0.3523803490606393,0.13366694347724745
24,6.0,17,14,-0.9643808090108108,0.3524465059430105,0.1779808685792621
38,54.0,17,14,0.9431891222688452,0.35339326378758795,0.14634860161927496
45,49.0,17,14,0.943035598321731,0.3534536382423734,0.1455452550808756
34,73.0,17,14,0.9451550804313886,0.35356355570327824,0.13896741668084245
46,69.0,17,14,0.9428823422267267,0.35376610157521093,0.14218505235831444
32,2.0,17,14,-0.9607643877282745,0.35397686868665257,0.17658840238465487
45,52.0,17,14,0.9416426882800986,0.35415488107974313,0.14531086657505252
43,27.0,17,14,0.9413584409648283,0.35437687128548967,0.14318725668718368
55,48.0,17,14,0.9532381696503447,0.3544143124561293,0.1329607258023094
55,54.0,17,14,0.9527418159771748,0.35470806118377385,0.13282091735426074
16,4.0,17,14,0.9404790179631402,0.3547664882515844,0.14599354372136017
14,17.0,17,14,0.9461053130702831,0.3547898286406067,0.13566426620985278
55,61.0,17,14,0.9524377540824192,0.35484103369412234,0.13278362659941487
13,69.0,17,14,0.9402045537651567,0.3549165852762126,0.14616535827470195
9,7.0,17,14,-0.9591000091515762,0.3549991729316361,0.17654274752132287
18,30.0,17,14,-0.9454462817126498,0.3551015294171964,0.1590685277157647
58,30.0,17,14,0.9393746708800396,0.35548642061122016,0.1417981175280765
14,28.0,17,14,0.9468416111868758,0.3557855113756263,0.13385187796215767
55,49.0,17,14,0.9489143880672292,0.35655193683054487,0.13218155318913102
55,53.0,17,14,0.9489189260958802,0.3565837544243564,0.1321474987810986
7,69.0,17,14,0.9373334211479148,0.35667579166661845,0.14838680946090435
23,14.0,17,14,0.9373803498071467,0.3569094480508561,0.13926571420844383
55,22.0,17,14,0.9466803847830423,0.3569176539242347,0.13257121844350306
43,29.0,17,14,0.9360381648311666,0.357121347343598,0.1415294136146115
25,14.0,17,14,0.945300074392735,0.3572073828946327,0.13277269183901547
41,34.0,17,14,-0.9391562810392972,0.35723919586296016,0.15475344620921969
47,73.0,17,14,0.9355097185662894,0.357256057136901,0.14338311583601385
17,15.0,17,14,0.9426170107924385,0.3574412347804723,0.13367159589454933
55,7.0,17,14,0.9361018837789127,0.35755321332575174,0.1390238966639495
55,52.0,17,14,0.9465242279777542,0.35775819642795825,0.13173121951078354
55,50.0,17,14,0.9464730385737534,0.35776624342478536,0.13173977777321674
14,21.0,17,14,0.9390023228605794,0.3579797814038699,0.1349516491052974
38,8.0,17,14,0.9338603111329287,0.3581239696227575,0.14482646360937138
55,51.0,17,14,0.9457042074577309,0.3581551167854451,0.13159490939335827
51,7.0,17,14,0.9374538567262897,0.35822428876869894,0.13565745492067824
27,42.0,17,14,0.9345918675663855,0.3587146455470337,0.1373948722445381
55,62.0,17,14,0.9434628691965359,0.3592746460626134,0.13118935460547096
7,0.0,17,14,-0.949287503998636,0.35936773713157655,0.17313028429731858
24,7.0,17,14,-0.9484366301917423,0.36019323574103357,0.17366321395305315
26,30.0,17,14,0.9297096547716542,0.3602965545613942,0.14482522620340538
13,21.0,17,14,0.9361039132717188,0.3604567596726561,0.13282545407329763
30,17.0,17,14,-0.9358372463751093,0.3605290056809606,0.1583413636401574
45,53.0,17,14,0.9290150914799615,0.36055136360633155,0.14276388625855652
27,13.0,17,14,0.9316945329949072,0.3608420918512284,0.13518262451648105
55,37.0,17,14,0.9390595158165989,0.3612686811484056,0.1306125035469561
37,78.0,17,14,0.9268052501459295,0.3616780189819513,0.14187832342716455
45,48.0,17,14,0.9251384979192899,0.36252937326941315,0.14189190743050642
62,33.0,17,14,0.925855170795744,0.36253327604458185,0.13801231677849585
39,7.0,17,14,0.928903618789821,0.36262384315271956,0.15302984103346687
6,25.0,17,14,0.9248468875593819,0.3627964030361347,0.13945158959253942
47,74.0,17,14,0.9242181384153789,0.3630076716949614,0.14095625692005448
26,15.0,17,14,0.9290121454049926,0.3630519025949994,0.13304902127259297
46,70.0,17,14,0.9243687409686178,0.36313626611739624,0.13861864270130772
9,8.0,17,14,-0.9421480666321795,0.36327957950542544,0.17197752143777034
57,49.0,17,14,0.9237697362917293,0.3632797850352053,0.14296333948747716
18,77.0,17,14,-0.9296491240615622,0.3633687940605438,0.15619608630308668
27,41.0,17,14,0.9250971058260045,0.3636375992656322,0.13529960627132162
25,37.0,17,14,0.9231852836376646,0.36366195060035567,0.13898716713511472
55,63.0,17,14,0.9339715014947876,0.36400646256313285,0.12951908040583443
38,55.0,17,14,0.9221508386096865,0.36405891383954314,0.1412308484309199
23,60.0,17,14,0.9231369504626991,0.3642795798548031,0.13602648650857402
52,8.0,17,14,0.9215780669459992,0.3643608341427528,0.1404099938462149
33,17.0,17,14,0.9253168722151545,0.3643912723915598,0.1333501239651117
34,74.0,17,14,0.9227697771686332,0.36491382827657515,0.13462416180696715
56,14.0,17,14,0.9240091890112307,0.36516958084239304,0.1328920870953708
62,14.0,17,14,0.9236451439862449,0.36573451443650795,0.132141475396334
20,0.0,17,14,-0.9370340617860784,0.36577980351649597,0.17057262730752384
43,28.0,17,14,0.9188571233622681,0.3658356355633534,0.1385828712101206
19,36.0,17,14,0.9261198921024666,0.3660323966424258,0.1303058127501864
41,0.0,17,14,-0.935624138846182,0.36607213368431457,0.16945396006258465
44,7.0,17,14,0.9222003059476924,0.36633904341575696,0.15236270872303223
59,53.0,17,14,0.9194577407342726,0.36656445701350837,0.14809878654027844
2,16.0,17,14,0.9207489376933857,0.36671132809350704,0.13252751087110104
14,24.0,17,14,0.9216778914398619,0.36757784460168297,0.13047085086876078
47,75.0,17,14,0.9146840393492195,0.3679121867025402,0.13892314333864367
46,28.0,17,14,-0.9185867673448577,0.36795209817077323,0.15089120763779576
45,54.0,17,14,0.9145444538607783,0.3679746924876126,0.1398769551312613
51,42.0,17,14,0.9208337328821038,0.3681540401284151,0.13011346761895057
32,3.0,17,14,-0.931247564686338,0.3683716975129582,0.16853311751740485
51,41.0,17,14,0.9205098039687724,0.36839027785455547,0.1299572002138107
20,1.0,17,14,-0.9315466024237349,0.3685081351206666,0.16913228524365972
55,64.0,17,14,0.9244659333828322,0.36878747540252066,0.12786481542918915
56,59.0,17,14,0.912386522916847,0.3691060888921295,0.1382952660462394
44,29.0,17,14,0.9120163461278056,0.3692800969765322,0.1389542077211768
2,21.0,17,14,0.9145804272413383,0.36934255518938797,0.13252882996675536
41,63.0,17,14,-0.9150181411282908,0.3701285199171801,0.1510372372720577
51,43.0,17,14,0.9168138437556921,0.37015316731957215,0.12947081568619243
19,43.0,17,14,0.9162840394950099,0.37025124896230077,0.129622399822996
3,15.0,17,14,0.9121856990756528,0.37046504621154486,0.13235363002072206
38,33.0,17,14,0.9106119816561135,0.3706800514116151,0.13379528618045272
48,35.0,17,14,0.9103204629895487,0.37068031286520553,0.14366073279435995
3,31.0,17,14,0.9118239371058854,0.37091947225430877,0.13166441254361436
14,20.0,17,14,0.9131592415944453,0.371106079466474,0.1302298032536202
54,19.0,17,14,0.9120331819935169,0.371238588578236,0.13082876794514953
21,66.0,17,14,0.9103879047147517,0.3712401326583109,0.14614098005653375
46,43.0,17,14,0.9096420682906017,0.3713336980260128,0.13311042401500375
51,40.0,17,14,0.9144899921397418,0.3715500847750055,0.12877417762412818
52,10.0,17,14,0.9079948507097427,0.3715688819122599,0.13546391606671185
20,2.0,17,14,-0.9252127955231505,0.37167354311091094,0.16747842258104947
44,14.0,17,14,0.909111944516515,0.3717055320078644,0.13271590963690102
35,4.0,17,14,0.9114450149925413,0.3719913468618897,0.12991582801684853
48,69.0,17,14,0.9060942109823079,0.3725184304524801,0.14057941341895497
27,43.0,17,14,0.9071295622184741,0.3726058366384115,0.13273519077673532
58,1.0,17,14,0.9130489754352928,0.3727642944074129,0.12790564483156466
47,76.0,17,14,0.9050464186080517,0.3729134699992821,0.13691868498453102
13,70.0,17,14,0.9049385292150709,0.3729958020003541,0.13897757066074823
20,27.0,17,14,0.9047412982269262,0.37305847028028394,0.13745250607972948
55,65.0,17,14,0.915056285617068,0.37355996857995233,0.1262472163171271
51,44.0,17,14,0.9100424109543619,0.37359299196488294,0.1283186276089466
24,8.0,17,14,-0.9209623783842589,0.3738121305845933,0.1663820604717824
52,11.0,17,14,0.9040518471074735,0.37385904199873055,0.13343817832633872
57,12.0,17,14,0.9117843898303262,0.3739327145639355,0.12706336910121993
49,0.0,17,14,-0.9204528379218695,0.37401882206113235,0.16616061953003802
55,36.0,17,14,0.9133841050599836,0.37418390262827683,0.12618907409559132
19,0.0,17,14,-0.919666344442695,0.3743559366870185,0.16585108385051545
50,31.0,17,14,-0.903336771121017,0.37446621181384343,0.1429259268849301
3,56.0,17,14,0.9032828219088048,0.3748498323747371,0.13129941805466366
34,0.0,17,14,-0.9174632736373888,0.3750876464800029,0.16459815422680174
38,56.0,17,14,0.9006992235128797,0.37517548877297124,0.13626669726920587
47,41.0,17,14,0.9014757207248015,0.3752126677926454,0.14146713893888338
13,13.0,17,14,0.9007503342393092,0.37525599769066253,0.13473246372290573
20,3.0,17,14,-0.9178597463934767,0.3753698871554083,0.16556952341771725
14,18.0,17,14,0.9053120752616157,0.37539227510938056,0.12843564553511894
45,55.0,17,14,0.899742932083026,0.3756705573123549,0.13695900822863172
6,27.0,17,14,0.8994981765139931,0.37579681689380107,0.13675784529637483
22,31.0,17,14,-0.9015944283209257,0.3758942526470028,0.14455422710719673
45,47.0,17,14,0.8990053697359367,0.37605494510565973,0.13666905023088918
34,14.0,17,14,0.902337871763668,0.3761077600466455,0.12936304418715228
18,76.0,17,14,-0.9044967408606351,0.37624665264955626,0.1504002818867387
46,71.0,17,14,0.8988489905642222,0.37633140921494534,0.13374797825586107
49,33.0,17,14,0.8982298063387271,0.37661294391123146,0.13887759970450098
26,74.0,17,14,0.8987145830093034,0.37667704139836167,0.14100169913205376
9,9.0,17,14,-0.9146173560146532,0.37700653607386747,0.1647304488117847
51,45.0,17,14,0.9017971070859544,0.37783282868678236,0.12689719611054354
51,39.0,17,14,0.9021921271212202,0.37797324757261397,0.12650097937473986
56,28.0,17,14,0.8959132857119638,0.3782354270653385,0.13141063311709122
55,66.0,17,14,0.9056708192402367,0.37835881957640105,0.12465420738262027
29,7.0,17,14,0.9009437962976383,0.3787111367451368,0.12616625456692232
41,14.0,17,14,0.8957889376214301,0.37874186782022357,0.12998066083517876
14,19.0,17,14,0.8975843954126261,0.37927105722594934,0.12728488047369355
6,26.0,17,14,0.8923474868717083,0.3795630235856805,0.13452014744174226
47,77.0,17,14,0.8922231352725282,0.37963359435333355,0.1343632193257941
20,4.0,17,14,-0.9089422134058465,0.3798837198511499,0.16327057334666878
58,13.0,17,14,0.8940562384431915,0.3799127295550224,0.12899404821413207
34,75.0,17,14,0.8935684848023046,0.3800634590860218,0.12916365938816873
13,10.0,17,14,0.8922060483697344,0.3801100931827742,0.13973838812978637
57,53.0,17,14,0.8910536559882395,0.3805994957083566,0.1388778189770876
7,70.0,17,14,0.8899981395757169,0.3811191906454182,0.13844823076951157
46,22.0,17,14,-0.8896269882496977,0.38150970474348134,0.13940426634248088
14,27.0,17,14,0.8955366927384917,0.38167818675394605,0.1250339014421834
49,1.0,17,14,-0.9042118481385668,0.3822642686513167,0.1620094686908954
7,1.0,17,14,-0.9034947131944265,0.38229900368709613,0.16123905264802355
9,19.0,17,14,0.8874780838491113,0.3823890075655023,0.13114277725330392
51,46.0,17,14,0.8928315880433154,0.38248923085953046,0.12535358838079508
13,22.0,17,14,0.8922377620875386,0.382622119125937,0.12550004057605152
62,15.0,17,14,0.8914961587428154,0.3827832123055308,0.12570309110418054
41,35.0,17,14,-0.8892684170100201,0.3828338482978516,0.14343279669320416
4,12.0,17,14,0.8894485815011819,0.3828470593418264,0.12706015795384334
45,56.0,17,14,0.8855415589516739,0.3831518278038447,0.13419260911984107
55,67.0,17,14,0.8962694254289367,0.38320497474839554,0.1230783621877307
34,9.0,17,14,0.8852151531028902,0.3833448245074115,0.13473517815000513
35,23.0,17,14,0.889186356679961,0.38334900943445405,0.12634182980476807
5,15.0,17,14,0.8888476209559252,0.3835927618100041,0.1261685464329543
7,31.0,17,14,0.8842811925368607,0.383841864279283,0.13458445671418398
62,5.0,17,14,0.884414125926291,0.3841897967672695,0.12971220337489994
27,71.0,17,14,-0.8887541910106149,0.38440764225958357,0.14673675788233104
23,61.0,17,14,0.8832037705936169,0.3849936769752109,0.1288639492709599
34,33.0,17,14,0.883765068090691,0.3851723101666107,0.12754352236978134
19,1.0,17,14,-0.8981625803946381,0.3852845349514008,0.16033807043633366
14,25.0,17,14,0.8879016870305793,0.38530914536884553,0.12418504739215003
3,14.0,17,14,0.881512671669274,0.38562777424092,0.1296369725411671
20,5.0,17,14,-0.8973378452470305,0.38580924535371874,0.16030706212270718
59,13.0,17,14,-0.8952419052083146,0.3858164416575548,0.15787965341086
27,40.0,17,14,0.881664328167076,0.3862468939567233,0.12726695725881787
34,1.0,17,14,-0.8945348460848289,0.38678952211037343,0.15878805271535332
38,57.0,17,14,0.878322534890384,0.38701587026383066,0.1314487275109105
54,14.0,17,14,0.8782855188706203,0.3872780107449534,0.12938768139244353
27,14.0,17,14,0.8813160610221114,0.3873155216985461,0.12529417807422222
51,47.0,17,14,0.8835606380346702,0.38734629376468943,0.12377162330245381
41,1.0,17,14,-0.8932129654316118,0.38750709740019407,0.15852028606568463
51,38.0,17,14,0.8839598085664061,0.3875768945967142,0.12326050401049828
55,68.0,17,14,0.8869453055923074,0.3880512647634029,0.12153380046097752
21,67.0,17,14,0.8784795354754388,0.38808148733470293,0.13969407719250987
3,57.0,17,14,0.8774552854388398,0.3883429530536404,0.12689644916134055
56,60.0,17,14,0.8756843004604076,0.3883990750386561,0.1316969755089695
55,35.0,17,14,0.885766552543557,0.38842821831479535,0.12157065935439326
41,62.0,17,14,-0.8796494897193053,0.3884911189640281,0.14294352877385025
0,30.0,17,14,0.8756735579544972,0.38858297703217093,0.12944277106825913
28,7.0,17,14,0.881287811933947,0.38903638371490723,0.1466532239738194
47,78.0,17,14,0.87352390087302,0.38956915417081817,0.13078875106376578
42,38.0,17,14,0.8734870917431533,0.3896151565438577,0.13030738713419213
45,57.0,17,14,0.8727680066571961,0.3899622209818825,0.1317331488119563
2,17.0,17,14,0.8762087843263558,0.38997610613411016,0.12449584505481708
13,71.0,17,14,0.8725912079850173,0.3900942357453836,0.13258851500788288
29,26.0,17,14,0.87362470988484,0.3903237263959779,0.12639274351538712
57,48.0,17,14,0.8720492252003822,0.39040282118964453,0.1327359923825875
35,17.0,17,14,0.8751461655837326,0.3908059605408931,0.12384200470637771
51,9.0,17,14,0.874053249493059,0.3908489865304624,0.12465269670999274
18,75.0,17,14,-0.8758272413573895,0.39129621209645815,0.1440138562013826
13,37.0,17,14,0.8694363336792821,0.39174854293262307,0.13060007597191392
46,72.0,17,14,0.8693147416349282,0.391995122605165,0.12824084156839988
14,26.0,17,14,0.8754798175929485,0.39205044221587404,0.12183661402281591
51,48.0,17,14,0.874364817177095,0.39220099466684777,0.1222238480193444
58,0.0,17,14,0.8754371492310451,0.3924978210693726,0.12131594038906078
38,13.0,17,14,0.870515179188649,0.39254156077076163,0.12445019030389802
49,2.0,17,14,-0.884272083766699,0.39255029246751194,0.1570077791486199
55,69.0,17,14,0.8778955337300587,0.3927943433877422,0.1200508185086274
0,52.0,17,14,0.8670979327986033,0.3930375239535725,0.1313726551313922
45,46.0,17,14,0.866983168094556,0.39306921033582987,0.13044639072518993
19,35.0,17,14,0.8729453375132383,0.393546745818811,0.1212255577128192
36,4.0,17,14,0.8660419570069928,0.39361207552331823,0.13125899317911807
59,26.0,17,14,0.8675092758532698,0.39365821762211073,0.12514066571631413
20,6.0,17,14,-0.8810650474105493,0.3942189999789656,0.15620905245806047
19,44.0,17,14,0.8692917413695779,0.39456142587154064,0.12184585125953758
23,0.0,17,14,-0.8793542686977455,0.39459997052703644,0.15489993279761738
23,34.0,17,14,0.8643684986094263,0.3948181860695683,0.1264584161518959
3,58.0,17,14,0.8645241131262845,0.3951952942394594,0.1248110174158685
45,58.0,17,14,0.862225440136025,0.3956410032073092,0.12972562876391305
4,7.0,17,14,0.8606942571729179,0.3966022109892686,0.13133478077108204
51,49.0,17,14,0.8657070597943277,0.396801306382611,0.12079133402833582
48,14.0,17,14,0.8644786318688022,0.3972622435556711,0.12085705981929068
55,70.0,17,14,0.8693210543386066,0.39732494290950726,0.11865956374221821
50,0.0,17,14,-0.8747680005053944,0.3973331766977478,0.15434743276731172
62,16.0,17,14,0.8643229365292057,0.39738813613860413,0.12077170999836491
26,75.0,17,14,0.8594506461985928,0.39769986680171987,0.13353968034412447
17,16.0,17,14,0.8643039575657431,0.39772693024276184,0.12032638187063761
18,0.0,17,14,-0.8733380615086438,0.39800168148647586,0.15385589743818712
18,27.0,17,14,-0.8594259487472091,0.3983749966308522,0.13597440219290627
2,20.0,17,14,0.8591846524314912,0.39868932112039557,0.12236973507952448
55,23.0,17,14,0.8657401271877991,0.39872077650709625,0.11857065902479219
21,68.0,17,14,0.8585913430777538,0.3987936449946802,0.13569774836398435
34,76.0,17,14,0.8584537300633163,0.39880618108933297,0.12286855449837422
13,7.0,17,14,0.8596075021974283,0.3988497919276799,0.13769309514518002
24,9.0,17,14,-0.8720808983257159,0.39888416918935743,0.1539279477901595
30,18.0,17,14,-0.8600035980028821,0.39895662677565347,0.138624600708259
25,15.0,17,14,0.8640593398429061,0.3991134889483182,0.11881506483302254
1,0.0,17,14,-0.8709910483888789,0.3992743305929848,0.15334825511694794
19,2.0,17,14,-0.87009883675782,0.399868548768315,0.15334302158569776
33,29.0,17,14,0.8545475435492247,0.39988963886219164,0.12966786949208658
45,59.0,17,14,0.8543602846572426,0.39991165751139046,0.12824449386897716
51,37.0,17,14,0.8608528548976646,0.39993558295235765,0.11930530430871736
3,59.0,17,14,0.8551643960313181,0.400183381013657,0.1233916057629006
38,58.0,17,14,0.8538620196456539,0.4002227069314497,0.12661666017085985
9,10.0,17,14,-0.8694344307088245,0.4002834828405598,0.15329128531832795
51,50.0,17,14,0.8580018639489361,0.4009150925379201,0.11954254016602343
13,12.0,17,14,0.8523808954158144,0.4010045103009684,0.1282992790881991
55,71.0,17,14,0.8613673441878787,0.4015595064235673,0.11738095712856716
52,0.0,17,14,-0.8659224127769884,0.40181003580583385,0.1518786982512106
52,25.0,17,14,0.8585923984157573,0.4018637030797044,0.11811748231408097
32,4.0,17,14,-0.8651613697541366,0.4021137052531153,0.1515253111055152
7,71.0,17,14,0.849912536022459,0.4026449509314667,0.13044396024909807
57,4.0,17,14,0.8519836702036954,0.4026673577994816,0.12098340412092999
45,60.0,17,14,0.84892901847531,0.4028778242874269,0.12723570949320903
61,0.0,17,14,-0.8635772225427144,0.4031257734760688,0.15143788000676744
47,79.0,17,14,0.8481453341552779,0.4033151505909879,0.12612319374851463
55,34.0,17,14,0.8572442519843049,0.4035226473132989,0.11695188143575044
27,15.0,17,14,0.8507839582756185,0.4040432221932979,0.11948125305660058
56,15.0,17,14,0.8501871229696772,0.4043392970435127,0.11942720392559163
51,51.0,17,14,0.8514395169390276,0.40442767812539593,0.11850575313628259
18,31.0,17,14,-0.8499513853362358,0.40464365680861125,0.1371079918653238
24,22.0,17,14,0.8469324594413074,0.40500277302103316,0.12105318023406388
45,61.0,17,14,0.8450383771907668,0.40501129902793354,0.12652573910833734
15,14.0,17,14,0.8472970563976698,0.405113338800984,0.12041050733102715
48,79.0,17,14,0.8447974681951953,0.4052034468599901,0.12760573416368207
55,72.0,17,14,0.8541883205194721,0.40540768202496036,0.11623705983273853
34,2.0,17,14,-0.8588811405741134,0.40544689941174217,0.15001355498880029
2,18.0,17,14,0.8473093091030002,0.4054618842647172,0.11971177368150444
49,3.0,17,14,-0.8596426552041899,0.40550429453382963,0.1509784608984048
33,4.0,17,14,-0.858013103043023,0.4056206354814905,0.1493137532862458
55,79.0,17,14,0.8537404739169189,0.40567941599304214,0.11613762887431853
25,24.0,17,14,-0.8439994290924857,0.40575705057692957,0.12362106797173032
21,69.0,17,14,0.8455972746375778,0.40586547191715183,0.13305069495468608
13,72.0,17,14,0.8433881085236913,0.40595190108344426,0.12699249420060077
41,61.0,17,14,-0.8468281169325845,0.40601545234735603,0.1356302264564587
27,44.0,17,14,0.8434459929777376,0.4063992507139119,0.12195640590188576
47,24.0,17,14,-0.8464891501179338,0.40655975231857366,0.13645421338971614
45,62.0,17,14,0.8415835520264483,0.4069117966875363,0.1259004971420566
20,7.0,17,14,-0.8568860897131986,0.40693380428035586,0.1502512391652884
51,52.0,17,14,0.8459915130950513,0.40734459779677645,0.11767107972733686
38,0.0,17,14,-0.8549309267017348,0.40757606412505754,0.14910789571794952
56,61.0,17,14,0.8402897333932,0.40762232034428714,0.12552130470509387
13,11.0,17,14,0.8404830983992366,0.40774560471300303,0.12818286372554788
3,16.0,17,14,0.8435921812987328,0.40776829154708305,0.11860500306944687
3,60.0,17,14,0.8410094481793476,0.40783058722600585,0.12121663881873353
46,73.0,17,14,0.8401021052838225,0.4078980172841645,0.12295107707317998
41,54.0,17,14,-0.8429652360371226,0.40799255056282824,0.1344810150841782
55,78.0,17,14,0.849106753913489,0.4081697742414738,0.11541187718360991
41,53.0,17,14,-0.8426852423333108,0.40827511729614996,0.13475851242518838
55,73.0,17,14,0.8480957751398832,0.40869270514073786,0.11527398229381643
57,13.0,17,14,0.8458413412705263,0.4087325612084661,0.11608396807994673
45,63.0,17,14,0.8378023883626577,0.4089979585802407,0.1252073022055312
18,74.0,17,14,-0.8419013764610788,0.40959794659317406,0.136723002363145
51,53.0,17,14,0.8416062072611038,0.40968878425830835,0.11702231316651876
2,19.0,17,14,0.8392205587367267,0.4097377495669563,0.11864661678485777
34,15.0,17,14,0.8391554810010379,0.41025112029466715,0.11778450760579524
55,77.0,17,14,0.8447611954659358,0.41051335789196586,0.11473598773615018
62,17.0,17,14,0.8400837932680217,0.4105201538939852,0.11677704012654393
52,41.0,17,14,0.8399204209302266,0.4106937739720392,0.11663743817200417
36,16.0,17,14,0.8386009705304759,0.4107366649160177,0.1174022989598636
35,3.0,17,14,0.8384419850779518,0.41083999758863976,0.11735114336018607
55,74.0,17,14,0.8436380486673984,0.4111080388088797,0.11457325268105799
45,64.0,17,14,0.8335707620830299,0.41134009605169797,0.12441372012843864
51,54.0,17,14,0.8383797511091545,0.411406576483508,0.11656486450687342
23,62.0,17,14,0.8338937198745303,0.41164188046540395,0.12038756254711619
26,29.0,17,14,0.8330153869281034,0.41173568618391765,0.12570704262948648
40,9.0,17,14,0.8331535718630779,0.4118446496811604,0.12707982349479943
51,59.0,17,14,0.8370630002935184,0.4119769456359538,0.11656279821618773
51,58.0,17,14,0.8369867145701131,0.4120465526309658,0.11651135477110446
55,76.0,17,14,0.8419113634634791,0.41205326160112987,0.11429637677390583
55,75.0,17,14,0.8414541154357715,0.4122968873628996,0.1142294415363102
51,55.0,17,14,0.8364940129000302,0.41239870059361017,0.11631803021252718
51,57.0,17,14,0.836359754332528,0.4124137664330487,0.11637768999652073
51,60.0,17,14,0.8361044647996045,0.4124649610640495,0.11646197719224022
51,56.0,17,14,0.8359515073454491,0.4126633953943175,0.11627633655723729
45,45.0,17,14,0.8310624806823008,0.4127290760818094,0.1237058207785855
41,55.0,17,14,-0.8337941585736385,0.4128942608961478,0.13223146276865536
33,18.0,17,14,0.8332169245493957,0.41302390467537353,0.11768976890395684
26,76.0,17,14,0.8316185432174203,0.41306343986547267,0.12851445786958796
21,70.0,17,14,0.8324419328841979,0.41310107926349227,0.1304006683760457
41,36.0,17,14,-0.8322752390323542,0.4135204391014512,0.13133820095916607
51,61.0,17,14,0.8340439120134675,0.4135464743499502,0.11620244683625428
41,52.0,17,14,-0.8332608748473866,0.4135529046124845,0.13306301871779116
25,36.0,17,14,0.8295702754171009,0.4136790421554707,0.12144230791435745
45,65.0,17,14,0.8291869485546195,0.4137748550636837,0.12357375146103504
51,36.0,17,14,0.8343613190678351,0.41438421560001293,0.11494491722195223
46,29.0,17,14,-0.8317415621406905,0.4144353657884412,0.13285953165059552
27,16.0,17,14,0.8317505936463268,0.4147391355587796,0.11593486485599594
4,13.0,17,14,0.8309004850748076,0.41491729692891544,0.1162393751487917
51,62.0,17,14,0.8311232109232941,0.41509251674218306,0.11582303624456085
38,59.0,17,14,0.8253269271848176,0.41596488522029784,0.12146156593285815
45,66.0,17,14,0.8247176044919943,0.4162662580223283,0.12271103942955248
7,2.0,17,14,-0.8384765445462669,0.4165176156910887,0.14537208822193706
60,5.0,17,14,0.828354928334677,0.41674304225967806,0.13319513178596937
51,63.0,17,14,0.8276398209702585,0.4169463362566951,0.11536707675873444
17,30.0,17,14,0.8239771868411971,0.41701411045697456,0.12569111225108756
52,42.0,17,14,0.8281463638623683,0.41701516302380925,0.1149530639397028
11,0.0,17,14,-0.8371011112176673,0.41733504236630836,0.14516936306429826
25,9.0,17,14,0.8225601111597158,0.4176926055762874,0.1195563842677008
12,37.0,17,14,0.8222756175676719,0.4177255035848151,0.12035124979969085
37,0.0,17,14,-0.8344641692207531,0.41828480523929523,0.14375593219033958
13,23.0,17,14,0.825049777056127,0.41833933984689275,0.11501409958095939
25,23.0,17,14,-0.8212118560056415,0.41855411437707113,0.11880004333713565
41,2.0,17,14,-0.8341922016954639,0.4186995292934643,0.14413607108455473
55,33.0,17,14,0.8286545992791711,0.41904286738925833,0.11247567329662156
19,3.0,17,14,-0.8342155706750947,0.4190450159879867,0.1447312056994942
51,64.0,17,14,0.8236908907011402,0.4190626650889161,0.11484279418275155
50,32.0,17,14,-0.8204637650854024,0.419156275472675,0.12586442161634304
45,67.0,17,14,0.8193509253437704,0.4192706238576538,0.12170014600997453
10,0.0,17,14,-0.8323593214485694,0.4194759834024303,0.14334482830589332
34,77.0,17,14,0.8197890485304951,0.4201095024053362,0.11625953769149099
15,27.0,17,14,0.8188980447362504,0.4201968783466288,0.12622789732334874
13,73.0,17,14,0.8173463300482611,0.4204284243777324,0.12215203585800456
3,61.0,17,14,0.8180116707491852,0.4205040389555895,0.11763730830814595
54,18.0,17,14,0.8190533654611724,0.4205540726014674,0.11606397594289322
7,72.0,17,14,0.8171485190600067,0.4208011830081134,0.12420633746692299
41,60.0,17,14,-0.8193757398483686,0.4210164922645605,0.12963057072641412
46,10.0,17,14,0.8161626643635433,0.42106219454890703,0.12072755485307773
52,40.0,17,14,0.8207938022404382,0.4212247505237202,0.11360820520640819
41,56.0,17,14,-0.8183747201795473,0.4213478033038853,0.1288286228401662
23,1.0,17,14,-0.8289762170153435,0.42154872398020726,0.14293938389069796
51,65.0,17,14,0.8190416673746302,0.42158061034430716,0.11420536518480016
57,47.0,17,14,0.8150737470597325,0.4217565012783391,0.12233778380440212
46,74.0,17,14,0.8149817120187489,0.42189628045606065,0.1185331080673627
19,45.0,17,14,0.8180768481301588,0.4222744362304037,0.11381948886904623
49,4.0,17,14,-0.8284804875786842,0.4222894094138818,0.14359221486863027
0,11.0,17,14,-0.8193952366347987,0.4223674632616312,0.132761288090751
26,77.0,17,14,0.8147357280860721,0.42258179381086924,0.12561469173241016
18,1.0,17,14,-0.8272461327076599,0.42269961091214214,0.14287644836492155
47,25.0,17,14,-0.8177482450535315,0.42271750235948713,0.13119458578435622
41,51.0,17,14,-0.816274937925019,0.4230568463762735,0.12977260048524455
62,18.0,17,14,0.816935254076562,0.4231518363981934,0.11329830227040542
50,1.0,17,14,-0.8261717301953999,0.4233530934850205,0.14273553308807918
45,68.0,17,14,0.8112994202081878,0.42380388095822885,0.12024673562617913
27,17.0,17,14,0.8150599516823115,0.424172858630089,0.1130394177982122
13,0.0,17,14,-0.8241885761930232,0.42433840315447324,0.1421144352259079
21,71.0,17,14,0.8123389255656832,0.4243513875897549,0.12655180795661508
57,54.0,17,14,0.8111237703483076,0.424455056526597,0.12430577400710714
47,23.0,17,14,-0.8130317574318049,0.4244886350908966,0.12815900406204012
51,66.0,17,14,0.813190403539145,0.4247896084067272,0.1133711356794614
44,28.0,17,14,0.8095186956003717,0.4248232570329964,0.12038895671212467
27,70.0,17,14,-0.8123907880030979,0.42563471545459997,0.12992469462142361
27,39.0,17,14,0.8092191416740956,0.4258487162041159,0.11499783858161777
30,25.0,17,14,-0.8143151644238801,0.42589860982882655,0.1331092253601038
20,8.0,17,14,-0.8197615766191487,0.42696767021817783,0.14141873311113934
56,62.0,17,14,0.8054835641871527,0.4271064400673832,0.11958685784493255
26,78.0,17,14,0.8066827840391712,0.4271909872236709,0.12432464723515334
30,24.0,17,14,-0.8108227838916784,0.4272627708858311,0.13120829134718545
7,30.0,17,14,0.8051376059199048,0.4273107617461095,0.11970835775979406
61,1.0,17,14,-0.8187062426815301,0.4273625337040775,0.14087711889583712
22,18.0,17,14,0.8105723822361959,0.42760579293014145,0.11119112555520155
14,8.0,17,14,0.8056173059159915,0.42806762157083456,0.1250214116699097
4,30.0,17,14,0.8053559855868047,0.4281070436294021,0.11418380192214164
37,79.0,17,14,0.8030449338072029,0.4285029480130542,0.11939668789219716
26,79.0,17,14,0.8039579949533783,0.42877625125233954,0.12395395307677563
41,13.0,17,14,0.8030269338216238,0.4288654915956197,0.1154934785877566
41,27.0,17,14,-0.8041354114957117,0.42890888862779164,0.12474438164130211
22,19.0,17,14,0.8089286280238068,0.42894272434210157,0.11048493640837097
51,67.0,17,14,0.8056052298486897,0.42900068729872554,0.11225818678604775
52,1.0,17,14,-0.8147754660385134,0.42944677038523293,0.1398461808310538
12,0.0,17,14,-0.8147035999332757,0.4296366418772649,0.14007155346117453
41,57.0,17,14,-0.8033740256220557,0.42973798893147297,0.12574326841960534
48,78.0,17,14,0.8008023421714073,0.4298810661315343,0.12013135401260645
51,35.0,17,14,0.8062339393731662,0.4300632591566115,0.11049892437263006
56,69.0,17,14,0.8002724286747716,0.4300668400825899,0.11770144857218981
30,19.0,17,14,-0.8026858024210206,0.43008088329663197,0.12548192117457443
19,34.0,17,14,0.8054410356653077,0.43038158127267423,0.11052240604701101
14,0.0,17,14,-0.8126409328313389,0.43045912779030004,0.13909104598367536
7,22.0,17,14,0.8045177853910361,0.43069412164890675,0.11062355996779014
23,7.0,17,14,0.8023396593387845,0.4309141850573187,0.12703046078863245
41,59.0,17,14,-0.8014166709084348,0.4309762588315761,0.12570599199571206
18,73.0,17,14,-0.8032766271577487,0.4310788063735089,0.12877384782725657
48,70.0,17,14,0.7989971246216719,0.43108128481023456,0.12089852074203208
45,69.0,17,14,0.7984675720348096,0.4310913316713698,0.11800988631552882
1,1.0,17,14,-0.8108208324894166,0.4317680200513153,0.13916301037624076
22,27.0,17,14,-0.7976712148496865,0.4318024410259158,0.12046441535332347
57,29.0,17,14,-0.7997312111821834,0.43187500923327193,0.12522735579964178
41,23.0,17,14,0.8018058830772529,0.43205749421018913,0.11040889720932051
7,12.0,17,14,0.7967709296704986,0.4320676909954919,0.11800742033523114
47,40.0,17,14,0.7974731815220086,0.4321552457539928,0.1215783305591132
46,42.0,17,14,0.7968566420583241,0.4327297927867827,0.11333300503454367
46,75.0,17,14,0.7957402691309218,0.4328186854161439,0.11523470247401585
31,18.0,17,14,0.7966606230774178,0.4328342868645011,0.1133213236008978
7,23.0,17,14,0.799979892073412,0.43318623517846067,0.11001101584326697
13,74.0,17,14,0.7940355699084364,0.43365407702438874,0.11795631643332519
47,0.0,17,14,-0.8072780187609182,0.43367893525924406,0.1382744888989457
41,58.0,17,14,-0.7961681423832353,0.43385796798252685,0.12442403135114172
51,68.0,17,14,0.7959957665508286,0.4343966470707994,0.11082964935356637
55,32.0,17,14,0.800759244545654,0.4345600648597049,0.10825680344966254
45,44.0,17,14,0.792388523375559,0.43456875985241394,0.11675364876411147
56,16.0,17,14,0.7948213941361025,0.4353560354902013,0.11021111744151484
62,32.0,17,14,0.7910622839662659,0.435500757418671,0.11444101738599233
56,70.0,17,14,0.7906722159464742,0.4355638168233287,0.115950223752611
56,68.0,17,14,0.7903572979795601,0.43573601957163666,0.11623801258011492
38,60.0,17,14,0.790330943126629,0.43577204415128934,0.11564049368284209
5,27.0,17,14,0.7903884599778613,0.43599514943497486,0.11377441534547421
62,19.0,17,14,0.7933177761201984,0.43616658367205374,0.11004489845171975
34,3.0,17,14,-0.8018714245787661,0.43646991465464524,0.13670974581992032
41,50.0,17,14,-0.7923419027523892,0.43662298193734506,0.12513217480991687
30,23.0,17,14,-0.7928296852571879,0.43671019438496783,0.12605339378049332
38,14.0,17,14,0.791048490181696,0.43674379306032796,0.1108618687461074
30,26.0,17,14,-0.7951954378715533,0.43698089712231736,0.12976000691243272
46,4.0,17,14,0.7884540283236126,0.43701552673130684,0.11391446921060648
55,24.0,17,14,0.7953967705702507,0.43748836207486086,0.10754931350324431
27,18.0,17,14,0.7912148157381066,0.43766535768903503,0.10930411285128983
7,73.0,17,14,0.7874866322426017,0.4376798982230058,0.11884567345561359
42,0.0,17,14,-0.8001784799009279,0.43770777723041543,0.13679534586898098
3,62.0,17,14,0.7871152178307064,0.43795978902107113,0.11288556513105188
26,16.0,17,14,0.7891394814938197,0.4384289158195147,0.10958216627056137
35,18.0,17,14,0.7889263386089851,0.438467585339154,0.10967559912814581
6,0.0,17,14,-0.7979102146467473,0.43863458564222957,0.135747541183956
57,20.0,17,14,-0.7863018763148579,0.43911708083378564,0.11080989592348837
18,16.0,17,14,0.7883985916314865,0.43925777338029837,0.1088954151473397
22,0.0,17,14,-0.7966362673694003,0.4394020574373667,0.13554998102434007
52,43.0,17,14,0.7867352171054267,0.440015976160522,0.10890738889399655
29,19.0,17,14,0.7854803555177289,0.4402544535278564,0.10944116280456778
55,0.0,17,14,-0.7946862160223528,0.4404157242651101,0.13499054684002096
22,17.0,17,14,0.786410629380127,0.4406408434809328,0.10827437451145937
5,7.0,17,14,0.7835697410273823,0.44065966454472005,0.12086847115541212
46,76.0,17,14,0.7819351707019564,0.440759735986023,0.11292417857103218
9,11.0,17,14,-0.7947815205030833,0.4407745983051252,0.13566180691589858
51,69.0,17,14,0.7844338467625522,0.440961741853811,0.1091100744814035
59,54.0,17,14,0.783473190014839,0.44100912200199127,0.12168972985922175
58,14.0,17,14,0.7836233417469176,0.44105972359133105,0.10960058569528565
38,1.0,17,14,-0.7931699121066353,0.44141980504264244,0.1348959682671342
29,6.0,17,14,0.785988527009252,0.44142686216074345,0.10756436623068773
22,32.0,17,14,-0.7817048212097084,0.44144269483816656,0.11958179046845599
0,29.0,17,14,0.779794450452156,0.44192410295334816,0.113073401633029
45,70.0,17,14,0.7795749204188676,0.4419594601285014,0.11480917061118757
23,33.0,17,14,0.7799767570417797,0.44197602510610945,0.11216876484055253
54,15.0,17,14,0.7797626472568692,0.44209609928456584,0.11215230747936299
21,72.0,17,14,0.781323630751256,0.44211786679412124,0.12092675649191277
4,14.0,17,14,0.7834309970913739,0.4421346412569569,0.10809968788183473
34,78.0,17,14,0.7809687018197502,0.4421971161059318,0.10995333525247016
18,17.0,17,14,0.7837547660333303,0.44223107405831075,0.10778803504109671
42,37.0,17,14,0.7790949648295978,0.4422367092966695,0.11430018274275966
34,16.0,17,14,0.7820487923833629,0.4425758220838323,0.10837836640745092
35,2.0,17,14,0.7811393073734295,0.4430456170986642,0.1083181136054027
23,63.0,17,14,0.7778521395750906,0.4433364821941256,0.11128250556245393
5,16.0,17,14,0.7806327268349272,0.4433462806355085,0.10822776297486741
37,1.0,17,14,-0.7888039210352211,0.44359506381377733,0.13348747012078416
22,20.0,17,14,0.7825957869497426,0.4440707624489669,0.10632283176218292
19,4.0,17,14,-0.7888943597532337,0.4441076923102887,0.13439136009195327
7,21.0,17,14,0.7794825493355623,0.4446830861331733,0.10714965325308907
49,5.0,17,14,-0.7877646586974779,0.4448842054153216,0.13435816598536127
56,63.0,17,14,0.7740413146527035,0.44519053505078576,0.11434027974700163
17,17.0,17,14,0.7779411524281756,0.4453865103207464,0.10715035035458931
11,1.0,17,14,-0.7863897533001853,0.44539174763188105,0.13363827225491268
24,10.0,17,14,-0.7862474748763741,0.44550785463755094,0.13366258178702103
2,0.0,17,14,-0.7811627889028943,0.44557325931372815,0.1279600637657684
51,34.0,17,14,0.7783406690036561,0.44596082974133433,0.10626492022165242
13,75.0,17,14,0.7726150788095404,0.4460291300212924,0.114233200269501
50,24.0,17,14,-0.7722172191068302,0.4462389717138726,0.11296060725411122
59,14.0,17,14,-0.7821331296430746,0.44652625629739295,0.13068992443497332
46,77.0,17,14,0.7716223983734605,0.44674513657002446,0.11124846338198305
56,67.0,17,14,0.77003683709187,0.44750662527000284,0.11310622324707244
25,25.0,17,14,-0.7696057383191386,0.4478659697189509,0.11127962512234921
7,24.0,17,14,0.7729236440214491,0.4481992436250929,0.10651055523187523
30,22.0,17,14,-0.7715806063206336,0.44828398427190697,0.12047615572094615
51,70.0,17,14,0.771220449759762,0.44855047027900796,0.1071611058853722
48,15.0,17,14,0.7712689215011508,0.44921524492401044,0.1061896526190788
30,20.0,17,14,-0.7689576534858761,0.4492734233430914,0.11860282240762281
52,39.0,17,14,0.7706603321741881,0.44950294866803286,0.10618326439477564
55,31.0,17,14,0.7744062162639698,0.4495547568900422,0.10440717545006085
18,15.0,17,14,0.7688878487139258,0.45002066702427523,0.106633005698853
41,37.0,17,14,-0.7668384875725662,0.45064107270115616,0.11857586442101771
19,46.0,17,14,0.7677361998665023,0.45073686535042823,0.10639107822992153
62,20.0,17,14,0.7672897927288113,0.45073809000930753,0.10672376421326304
46,78.0,17,14,0.7623651668729503,0.4521534262156809,0.10979843010731229
2,1.0,17,14,-0.7697310653233871,0.452437046883967,0.12613635027192602
27,0.0,17,14,-0.7715491228367011,0.45375725778067544,0.13030463546513904
57,46.0,17,14,0.7588615279542005,0.45418103887474703,0.11285914875711414
56,71.0,17,14,0.7581420569582142,0.45449014032023805,0.11058267306211038
18,72.0,17,14,-0.7624340700674017,0.45453604526155544,0.12078970503042659
30,21.0,17,14,-0.7601060468741621,0.45456778434589795,0.11731640380247517
35,22.0,17,14,0.7601793631943468,0.4549754515637029,0.10552418751759166
41,49.0,17,14,-0.7605245020891337,0.45503616306117,0.11912194730480984
39,0.0,17,14,-0.7676812067901626,0.4550591829780566,0.12806063041720106
54,17.0,17,14,0.757364098462189,0.45553369228322504,0.10731346349676485
51,10.0,17,14,0.756957941583863,0.45590351892516534,0.10690261585424073
57,14.0,17,14,0.7617743751301642,0.4559674571060758,0.103422695852747
27,7.0,17,14,0.7568041588130975,0.45625175745519697,0.11601078352821852
45,71.0,17,14,0.7550770543008202,0.45629552728917544,0.11078153780377344
18,18.0,17,14,0.7591314098119418,0.4566301625769129,0.10397922252585105
62,4.0,17,14,0.7544231031321345,0.45680961923861585,0.10866072119763505
23,26.0,17,14,0.7546713280293066,0.45703052352806905,0.10716295976096195
51,71.0,17,14,0.7565843122313285,0.45705557531538066,0.1050337312393217
10,1.0,17,14,-0.7648001324805058,0.4573125432915347,0.1283801627969227
36,28.0,17,14,0.7547597039452563,0.4573947775353988,0.10610566867374524
13,76.0,17,14,0.7523340987189558,0.4579406909313122,0.11083661513504942
46,79.0,17,14,0.7520253675760635,0.4582361411787701,0.10822629971505963
3,63.0,17,14,0.7521789704240318,0.4582600620603029,0.10766052935795056
13,36.0,17,14,0.7517653688752981,0.45828762208398555,0.11088492059433806
18,2.0,17,14,-0.7636562956784209,0.4583651822612539,0.1287390202702954
56,64.0,17,14,0.7515264570245278,0.45841413478068704,0.11062803500810793
45,43.0,17,14,0.7514737695165334,0.4584236352402974,0.10977962719721007
7,74.0,17,14,0.7519992842054893,0.45842489094657934,0.11280807248061235
56,66.0,17,14,0.7510560090762868,0.4586784685729923,0.11025363990992121
47,26.0,17,14,-0.7552003668435172,0.45869650471934587,0.11927365409848666
21,0.0,17,14,-0.76158645897166,0.45895393288498754,0.1273790148959424
33,19.0,17,14,0.7518398823308909,0.45922639026707157,0.10543292150764853
20,9.0,17,14,-0.7622120748666859,0.45924173337742435,0.12850011291335509
27,45.0,17,14,0.7499689486242965,0.45956733786841286,0.10732039973960558
48,34.0,17,14,0.7506592147480055,0.45965797619772175,0.11425375634059719
56,27.0,17,14,0.7491865709418001,0.46023676407352043,0.10643315142505147
37,7.0,17,14,0.7493252736777486,0.46023831965170137,0.11330244077404678
56,17.0,17,14,0.7513069974862282,0.4606646542658075,0.10353279175853342
50,2.0,17,14,-0.7596038553461653,0.46074958183445813,0.12795278856202394
51,33.0,17,14,0.7524278029783932,0.46104224466896304,0.10248130833624282
38,32.0,17,14,0.7474679783030683,0.4612546606642246,0.10617293956718832
38,61.0,17,14,0.7464215420187849,0.4614234307866282,0.10885697171203271
27,19.0,17,14,0.7499490736261053,0.4614817848819396,0.10331320044404375
27,69.0,17,14,-0.7491958065011635,0.4618319448325866,0.11732456873989548
23,2.0,17,14,-0.7570280511670711,0.4620419573484351,0.1271136410764878
44,27.0,17,14,0.7451371827584504,0.46223491041463005,0.10994103717394253
57,3.0,17,14,0.7470214033236983,0.46258412459860654,0.10379565620047018
34,32.0,17,14,0.7455870724539307,0.46261453942994923,0.1052007112821406
43,0.0,17,14,-0.7556204415574174,0.4626642261269842,0.12652682968670675
34,79.0,17,14,0.7454762467957419,0.4629976966777226,0.10447039705404118
13,1.0,17,14,-0.755359771754661,0.46312998778810166,0.12694694167511147
56,65.0,17,14,0.7433548198039349,0.4632642743146448,0.10920437388053944
55,30.0,17,14,0.7506529672069399,0.4633458003609747,0.10105144785686683
59,25.0,17,14,0.7429772077754203,0.4640969925848498,0.1049846061767393
25,16.0,17,14,0.7479114967272762,0.46425904674290086,0.1012873850834866
30,27.0,17,14,-0.7475970884398028,0.46451660180305376,0.12035496286753478
14,1.0,17,14,-0.7517807549151754,0.4649413842444269,0.12579973426727284
54,16.0,17,14,0.7409596106581529,0.4650113059374009,0.10557236909144417
2,2.0,17,14,-0.7483845566017999,0.465163877238871,0.1223689069475371
47,1.0,17,14,-0.7513711692503359,0.46542765374546424,0.12608682375434418
61,2.0,17,14,-0.7510654776550191,0.4656356887543647,0.1260683491465059
41,3.0,17,14,-0.7503573579634901,0.46572030099395245,0.12543037092999978
55,25.0,17,14,0.7462996297442802,0.46587298236556884,0.10047209086756131
12,1.0,17,14,-0.7500147210583881,0.4662766287593054,0.12589373736216344
51,72.0,17,14,0.7404592026160445,0.46654074108020693,0.10273639918250477
21,73.0,17,14,0.73989766587175,0.46655568097078504,0.1138105204604517
49,32.0,17,14,0.7363948398151304,0.4676901405198809,0.11006819927966502
48,77.0,17,14,0.7345030683453231,0.46875991553463126,0.10943072986065903
62,21.0,17,14,0.7353391340104349,0.46909701002400706,0.10284886656498897
35,1.0,17,14,0.7363979341336397,0.46922312995965776,0.10175789121635254
13,77.0,17,14,0.7331675190362884,0.4693705700292844,0.10774385761952822
7,29.0,17,14,0.7327168284484781,0.4696187178402994,0.10723997510764673
3,13.0,17,14,0.7324686395753878,0.4697647579525769,0.10709273289303743
7,3.0,17,14,-0.743756976499976,0.4698322167382267,0.12445637659236841
26,28.0,17,14,0.7320228097077733,0.47010170638800564,0.10803703062874973
52,2.0,17,14,-0.741906949559734,0.47087660184932356,0.12401897820489158
53,0.0,17,14,-0.7403535502013183,0.4709077773005068,0.12238113310801209
54,6.0,17,14,0.734682347446409,0.47107269877615665,0.11593855626061342
30,40.0,17,14,0.7302549269655723,0.4712474738157383,0.10836148808157776
22,1.0,17,14,-0.7410289024498163,0.4712917472441187,0.12369170030076387
7,25.0,17,14,0.7315770902525319,0.4716887152619129,0.10169603435640844
22,16.0,17,14,0.7319277352174031,0.4717013441331991,0.10139700782644014
4,15.0,17,14,0.7331278317688587,0.4719313647333525,0.10033407191684524
51,6.0,17,14,0.729265109443257,0.4719450739499135,0.10408128130453388
29,25.0,17,14,0.729558984439639,0.47213100898777527,0.10295537847629874
3,30.0,17,14,0.7301159840939802,0.47232173537324706,0.1019053453804763
46,21.0,17,14,-0.7284473634955865,0.4723217448371668,0.1079772504424088
58,29.0,17,14,0.728234394697899,0.47235004980133477,0.10525481002247526
25,35.0,17,14,0.7282879823763599,0.472387036046763,0.10468735793966848
45,72.0,17,14,0.7273026003400713,0.4728775703789839,0.10637000209812929
38,15.0,17,14,0.729490433593074,0.47300288214132724,0.10129334278239803
51,0.0,17,14,-0.7370939632166236,0.473423157984738,0.12262359782235949
6,1.0,17,14,-0.7371074381241552,0.47355007793657644,0.12282615329852872
20,26.0,17,14,0.7252377505161366,0.47412021682360517,0.10590097589214066
51,32.0,17,14,0.7298117556054687,0.4744500113444644,0.09929415461739158
9,18.0,17,14,0.7247089338440522,0.47446270031399507,0.10489420056208251
55,29.0,17,14,0.7308729720879008,0.4750270269986444,0.09833987101806745
34,17.0,17,14,0.7268208781497117,0.47510265985290523,0.10018969214876614
30,39.0,17,14,0.723721078003871,0.4751521996151107,0.1070626199796883
30,41.0,17,14,0.7230729837938558,0.4756353691633799,0.10751481842183078
46,30.0,17,14,-0.7250953126965893,0.4760525115156027,0.11268010176566817
22,21.0,17,14,0.7272269780812418,0.47649409394454934,0.09845901485300301
49,6.0,17,14,-0.732827066534216,0.47654978887834154,0.12265653749107343
19,33.0,17,14,0.7257286003846799,0.4766034078672975,0.09903207632484297
19,47.0,17,14,0.7235840831898553,0.47668402278796473,0.10024814818234712
57,55.0,17,14,0.7219131678948405,0.4768452149055633,0.10930866141772709
45,8.0,17,14,0.7215089386483114,0.47705524206546923,0.10913300578317507
42,1.0,17,14,-0.7314816498280984,0.47714554022429034,0.12209595862957862
19,5.0,17,14,-0.7315171143501278,0.4771687833744739,0.12216736607182395
51,73.0,17,14,0.722568173617559,0.4772010196650486,0.10024974475718984
18,14.0,17,14,0.7218699435043948,0.47728798169251874,0.10071044025790445
50,33.0,17,14,-0.7198182201209702,0.47773533657586065,0.10760390690121087
7,20.0,17,14,0.722050204111569,0.477963827674173,0.09952972616325993
35,19.0,17,14,0.7214099647376297,0.4780961791580235,0.09979088745865734
44,15.0,17,14,0.7195729046005553,0.47816497536393143,0.10146414219270347
18,71.0,17,14,-0.7224762007616985,0.4782176170767606,0.11340880374360285
23,64.0,17,14,0.7185714028392485,0.47844985768216575,0.10230282607824019
3,64.0,17,14,0.7168278261707433,0.4793902082022271,0.1025547693597147
41,48.0,17,14,-0.7195548461239962,0.47940040324698774,0.11172479921749398
13,78.0,17,14,0.7160598698742865,0.47971338531866914,0.10507915612552533
13,24.0,17,14,0.7179153550845988,0.47979303978445864,0.09994536231409998
52,44.0,17,14,0.7181077842915066,0.4800118478746661,0.09944113976332832
40,0.0,17,14,-0.7215441547979411,0.48079931137316934,0.11673799579994612
18,32.0,17,14,-0.7160424655258971,0.48123035225576816,0.11047113863933396
36,3.0,17,14,0.7131689685266565,0.4814696143428323,0.10307077693083788
18,19.0,17,14,0.7171750013496553,0.48155072740680815,0.09807234013544891
55,26.0,17,14,0.7198413057252798,0.48161312873206963,0.09686496823274392
1,2.0,17,14,-0.7233971214332444,0.481926915036634,0.12045959888879518
27,38.0,17,14,0.7130365865905879,0.48215395176724984,0.10046149116100514
37,2.0,17,14,-0.7217960411875886,0.4824272895294772,0.11948620038016713
45,0.0,17,14,-0.7218191859636929,0.48275423668102235,0.11998512554647055
19,62.0,17,14,0.7138539600966974,0.48290878741472276,0.09839906052195144
55,28.0,17,14,0.7169769234401292,0.4833396135924678,0.09647981128691153
27,1.0,17,14,-0.7205301179723156,0.4835291170027748,0.11973969912057784
56,18.0,17,14,0.712978299053289,0.4835886409306458,0.09808632588531904
19,63.0,17,14,0.7127192142026667,0.4836127040016538,0.09822133690926488
19,61.0,17,14,0.7126408946279104,0.48362530020701233,0.09825649152565369
30,42.0,17,14,0.7096838852964084,0.4838353323528878,0.10567363353860311
41,12.0,17,14,0.7092919628231743,0.48389262168572744,0.10195429187277778
22,44.0,17,14,0.7092135093612991,0.4843332078401271,0.10030890496128889
45,42.0,17,14,0.7084272714481255,0.48433754413245456,0.10290816634729874
29,5.0,17,14,0.7130064182289435,0.48442871302668555,0.09712561444124612
39,1.0,17,14,-0.717431087510996,0.48463346342600955,0.11804516599738316
0,53.0,17,14,0.7081047508263398,0.4847287712748496,0.10506441159371847
47,22.0,17,14,-0.7079281286243925,0.48538749410520887,0.10712069441442507
19,64.0,17,14,0.7095239528152603,0.48556039384523453,0.09777169209280412
51,31.0,17,14,0.7111951904698508,0.4856565426038395,0.0967503093681391
3,17.0,17,14,0.7094497238498019,0.48568679290403494,0.09765708713100829
19,60.0,17,14,0.708526904866929,0.4861023931061318,0.09771935612300976
56,72.0,17,14,0.7054927651868059,0.48613381372652953,0.1024715771793956
55,1.0,17,14,-0.7153756475550546,0.48626223291013615,0.11822695430127257
55,27.0,17,14,0.7118592387286855,0.4864223234245356,0.09580459720608303
57,45.0,17,14,0.7051539204994265,0.4865101435636978,0.10446047321845485
0,28.0,17,14,0.7045024077248188,0.4867975598489237,0.10145030588910342
11,2.0,17,14,-0.7148962996034054,0.4869199672154726,0.11866612124673429
44,0.0,17,14,-0.7145897665408298,0.48710760549470966,0.11861187051869444
32,5.0,17,14,-0.7131452740412658,0.48750705050839616,0.11765978231137235
13,79.0,17,14,0.7025582069562881,0.4879696770440225,0.10304422478943805
22,45.0,17,14,0.7024419064754269,0.4882707908919812,0.10001080495466404
2,3.0,17,14,-0.709609546991922,0.4885089406251838,0.1153182506613889
19,65.0,17,14,0.703791455403684,0.4890407542083923,0.09700307286988274
51,74.0,17,14,0.702824231517912,0.48912934083039894,0.09758284283683948
36,17.0,17,14,0.7027984816856522,0.4895139089811622,0.09704431079294994
7,75.0,17,14,0.7003298241229424,0.4896596741009932,0.10458836947279168
45,73.0,17,14,0.6996973324190146,0.48969933188746295,0.10214711666354602
56,0.0,17,14,-0.708895789290166,0.48969951566126446,0.11631418836493737
35,0.0,17,14,0.7018932738846417,0.4900185978471565,0.0969872129338902
45,25.0,17,14,-0.7009020544093688,0.49025141534486416,0.10742983591427029
19,13.0,17,14,0.6991524835736622,0.4903956229746397,0.09916833148397497
33,28.0,17,14,0.6986661430441609,0.4904007527624038,0.1028118874609974
19,59.0,17,14,0.7013474876867508,0.49045322526155777,0.0967766561205683
19,14.0,17,14,0.6995398086576279,0.4907779722162774,0.09774578030144668
48,71.0,17,14,0.6985664343720615,0.49080584131779503,0.10454765373296986
34,4.0,17,14,-0.7077150822261414,0.4909167358198331,0.11681884196481185
22,43.0,17,14,0.698751126823074,0.4909483094033955,0.09828404869576368
23,32.0,17,14,0.697953212773907,0.49096357420582015,0.09963750959349553
38,2.0,17,14,-0.7078239155567967,0.49103194255536553,0.11709753137974888
24,21.0,17,14,0.6973248388013384,0.49154447736438867,0.09882983142225771
30,38.0,17,14,0.6964131213682896,0.49181717905061595,0.10267967426390909
44,26.0,17,14,0.6962087834645024,0.49194122902667203,0.10263408496448698
25,22.0,17,14,-0.6964010642085834,0.49225816489567187,0.0982863102027487
30,43.0,17,14,0.6956757212273863,0.492489251540807,0.10370547582020063
53,1.0,17,14,-0.7033934258599878,0.4930338317045,0.11528495976246786
41,38.0,17,14,-0.6959344620905932,0.49309611948401266,0.10611025190341844
8,4.0,17,14,0.6950924182727711,0.493390937555899,0.10539127537746787
21,1.0,17,14,-0.7025348708814373,0.49390286690287644,0.11562489630387543
27,68.0,17,14,-0.6954475024732383,0.4940555644382466,0.1075139572306017
51,30.0,17,14,0.6966716468679335,0.49450402093869317,0.09481602733211669
38,62.0,17,14,0.6913624333614028,0.49484543479830456,0.10093121113874706
19,66.0,17,14,0.6940003633228051,0.4949935971130077,0.09573787195280882
21,74.0,17,14,0.6930662564248796,0.4951067403335867,0.10621850811730685
62,22.0,17,14,0.6914033279407455,0.49533032969543167,0.09761188208703059
35,21.0,17,14,0.6922562163971113,0.4957655435828354,0.09591585835195256
45,24.0,17,14,-0.6906738317385083,0.49621104051643117,0.10492378068166965
19,58.0,17,14,0.6918802004430548,0.49622577887893304,0.09554840661563135
52,38.0,17,14,0.6911448924129128,0.4967142889199737,0.09540291168423666
19,48.0,17,14,0.6898636089979939,0.4971129918012098,0.09578235818451723
7,26.0,17,14,0.6880984561983063,0.49733397209858743,0.09726005281075403
42,36.0,17,14,0.6851255350451246,0.49871991151173245,0.10010185085108396
15,15.0,17,14,0.6865708338890155,0.4987449545374225,0.09601304080348898
17,29.0,17,14,0.6854708592764085,0.49888640078596247,0.10243045810474279
47,39.0,17,14,0.6853126636699949,0.49913075161475273,0.10291328460759998
38,16.0,17,14,0.6861060741275381,0.49960219123493055,0.09503215224504011
45,7.0,17,14,0.6844671855355913,0.5003795948629841,0.10470908980304532
46,41.0,17,14,0.6831593303211645,0.5005021188671177,0.0963065364095625
45,26.0,17,14,-0.6846516725994084,0.5005358968749407,0.10533467852554873
30,44.0,17,14,0.6825433580866896,0.5006705450680533,0.10183960343286345
3,65.0,17,14,0.6821603100529159,0.5006728254685966,0.09772173145437137
18,70.0,17,14,-0.6855733608364928,0.5007219667545786,0.10697405748114204
35,20.0,17,14,0.684099203382639,0.5008362494984018,0.09477608116762587
11,46.0,17,14,0.6813267223596131,0.5011176343423958,0.09812414477886043
51,29.0,17,14,0.6857590122149774,0.5012100171819573,0.09339311297105989
7,28.0,17,14,0.6811029491717177,0.5012106907670522,0.09883120243049462
47,27.0,17,14,-0.6836948497649334,0.5019327005227614,0.10674594580138945
11,45.0,17,14,0.6800070912584409,0.5019463298994591,0.09788239857752393
51,75.0,17,14,0.6818030172211594,0.5020172770434986,0.09483081764293617
33,20.0,17,14,0.6805250091156675,0.5021846829304066,0.09583913605512948
19,57.0,17,14,0.6818619958020852,0.5023721749732926,0.09427437382120447
17,18.0,17,14,0.6818323780046576,0.5024238969085715,0.0942262724477134
27,20.0,17,14,0.6798764237502862,0.5036759772786684,0.09391850368282656
43,6.0,17,14,0.6790805751704893,0.5038329672420062,0.10407409775346033
22,46.0,17,14,0.6770509761566829,0.5038453550240054,0.09708333504518321
59,55.0,17,14,0.6788634315031482,0.5039554491672317,0.10401104433906783
26,5.0,17,14,0.6778402893436349,0.5045908113455531,0.10384174781610998
45,74.0,17,14,0.6756098006279038,0.5046504210049292,0.09859644771796017
19,67.0,17,14,0.6776938939238655,0.5049842239965885,0.09369459151784888
43,1.0,17,14,-0.6833152224081069,0.5056944580455843,0.11213342514984853
51,28.0,17,14,0.6772723218238538,0.5064554128363619,0.09230831939816242
48,0.0,17,14,-0.6819405558176165,0.5069223457512697,0.11240738510595913
56,19.0,17,14,0.6740308312258433,0.5074799483992176,0.09294486230907789
11,47.0,17,14,0.6710155701788366,0.5075621480172221,0.09669868726372871
19,56.0,17,14,0.6732728300582431,0.5076670475478913,0.0932106823994154
48,16.0,17,14,0.672998691542264,0.5081553383683292,0.0927725554411431
22,42.0,17,14,0.6711770866740636,0.5082047270826909,0.09417802369637328
41,47.0,17,14,-0.6699764725732762,0.5098589253726067,0.10331940752045166
19,49.0,17,14,0.668484784152896,0.5103441835477736,0.09303709614478578
30,45.0,17,14,0.6670043370872034,0.5104313634300292,0.09960573855298356
34,18.0,17,14,0.6685613412095222,0.5107587397921717,0.09240683065651059
18,3.0,17,14,-0.674787645265231,0.5112380792358819,0.11097086768480514
57,2.0,17,14,0.6674977203312823,0.5112587309413517,0.09248546033992021
7,27.0,17,14,0.6651175797756556,0.511306105937052,0.09558946651104835
19,55.0,17,14,0.6672672629521749,0.511372604702741,0.09249682280063791
51,27.0,17,14,0.6691155966106024,0.5115151156135571,0.09128951573287451
20,10.0,17,14,-0.6740110458092182,0.5115335572006154,0.11057896003741938
47,2.0,17,14,-0.6732992278694558,0.5121104420399861,0.11063552461545058
4,16.0,17,14,0.6676177467987549,0.5121158491747884,0.09142472781772969
29,4.0,17,14,0.6680506181258692,0.5121190083313879,0.09121264173017433
11,44.0,17,14,0.6635504303965086,0.5122755334856923,0.09551108831379172
9,12.0,17,14,-0.6722463523540241,0.5126515947812579,0.1102950188318768
58,15.0,17,14,0.6650132220048752,0.5126701733848462,0.09236618913508315
45,41.0,17,14,0.6627225743005088,0.5127431253177536,0.09616827556248245
12,36.0,17,14,0.6625768186604345,0.5128339492387856,0.09622791992314766
30,28.0,17,14,-0.6672639301914463,0.5130389758748898,0.10548191141396554
5,17.0,17,14,0.6641296348853379,0.5135064663955888,0.09187442759556745
62,31.0,17,14,0.6615724357118439,0.513527718005863,0.09520764221980126
19,54.0,17,14,0.6635545657741381,0.5136494533198049,0.09208918853447123
48,76.0,17,14,0.6617534529780756,0.5136891282373317,0.09862600452733394
51,11.0,17,14,0.6607097251505798,0.5143091767156804,0.09396949182026965
14,2.0,17,14,-0.6684891124591659,0.514827617432174,0.10941001804685084
23,65.0,17,14,0.6596303879311244,0.5149223565201665,0.09406980802110192
51,76.0,17,14,0.6609536661582226,0.5149900102059528,0.09218825733768028
50,3.0,17,14,-0.6685186526373673,0.5151291132350173,0.10984728623464848
56,1.0,17,14,-0.6670843475260038,0.5152769172404775,0.10857929627746413
19,53.0,17,14,0.6608365306872706,0.5153001623073903,0.09182105820851563
10,2.0,17,14,-0.6663707467118257,0.516088145227682,0.1089553596110654
45,75.0,17,14,0.657271328698108,0.5162009803784658,0.0959805078111739
0,27.0,17,14,0.656673058898685,0.516628340735926,0.09452478718533236
19,50.0,17,14,0.6584442406839257,0.5166502647530984,0.09174291983289021
19,52.0,17,14,0.6581706012664094,0.516916727767498,0.09156906077952541
26,17.0,17,14,0.6584681497331666,0.516942783282215,0.0913120175681506
38,17.0,17,14,0.6582196320049266,0.5171585913689122,0.09120306973933022
19,51.0,17,14,0.6563780131153807,0.5179900801245673,0.09142420867083166
51,26.0,17,14,0.6584044580901581,0.5181884185012544,0.0899846457442904
18,20.0,17,14,0.6574851577026051,0.5182418330469846,0.09038848293425246
22,2.0,17,14,-0.6630874863712529,0.5182873353062174,0.10857992740147329
11,48.0,17,14,0.6539947373466976,0.5183051759933788,0.09434856332267992
11,17.0,17,14,0.6561516003834023,0.5183230136171291,0.09112566407775133
57,44.0,17,14,0.6529029910662711,0.5191810767911154,0.09685070874655403
12,2.0,17,14,-0.6606211741702811,0.5199938250746377,0.10836627354713514
45,27.0,17,14,-0.6536598470620523,0.5201302101584189,0.10072175274927835
19,68.0,17,14,0.6523289799092221,0.5207543755811935,0.09062056481641662
13,2.0,17,14,-0.6582162765420206,0.5214914706392573,0.10793362790226269
19,15.0,17,14,0.6506896931585779,0.5216318434861115,0.09063716603806767
18,69.0,17,14,-0.6518218753169714,0.5218240737810893,0.10140624885178302
18,13.0,17,14,0.6486893560258664,0.5221216091036973,0.09181841830158179
19,6.0,17,14,-0.6568106324452644,0.5223928213766518,0.10771437334876202
49,7.0,17,14,-0.656508706044358,0.5227298363795445,0.10785606454946682
15,26.0,17,14,0.6479915388666361,0.5227322959559162,0.09759538648637751
21,75.0,17,14,0.6486386552158702,0.523060969526535,0.0994338174234361
45,23.0,17,14,-0.6473361914385568,0.5230698145590982,0.09726866873771248
53,2.0,17,14,-0.654310425781378,0.5232704833193043,0.10635503511191899
3,66.0,17,14,0.646259662792306,0.523280870279249,0.09289688536795307
45,76.0,17,14,0.6454079224443552,0.5237497078328366,0.09433271582575269
22,15.0,17,14,0.643963734782165,0.5252936009944881,0.09083601888089407
45,1.0,17,14,-0.6520193020306436,0.5252967720905365,0.10674077037749534
30,37.0,17,14,0.6430757275335933,0.5253388390263599,0.09488585162085074
6,2.0,17,14,-0.6513794514738738,0.5255544293059566,0.10643862989420573
23,3.0,17,14,-0.6513568612757527,0.5256930140434831,0.10659885603560101
30,46.0,17,14,0.642269693435884,0.5261644486485975,0.09608962854635435
45,79.0,17,14,0.6407595551368468,0.5267246639313012,0.09371200127099474
51,77.0,17,14,0.6423468662646086,0.5267255252532911,0.08990222420809396
11,16.0,17,14,0.641534027870141,0.5269549669559681,0.09030292584148969
27,67.0,17,14,-0.6424378030974058,0.5270871892526418,0.09863792646533492
56,73.0,17,14,0.6401268574942295,0.5271160853515227,0.09323530769403192
57,15.0,17,14,0.6445868962881525,0.5271173078537026,0.08811282831528937
11,18.0,17,14,0.642890688741263,0.5272908140283538,0.08878273648776322
27,46.0,17,14,0.6397228121767276,0.5274475544714305,0.09210674478933031
45,77.0,17,14,0.639500443279599,0.5275311815416382,0.09353023864701673
27,2.0,17,14,-0.647969416516068,0.5278423273056191,0.10603328710314547
6,7.0,17,14,0.6405086669712612,0.5280265915264193,0.09773855797577725
31,17.0,17,14,0.6390171477836837,0.5281028986946812,0.09110738340015592
45,78.0,17,14,0.6383793969750907,0.5282508459960027,0.0933854205813022
51,25.0,17,14,0.642349039635199,0.5282712061010444,0.08808083146760444
38,18.0,17,14,0.640616186192447,0.528420215876789,0.0888704391020865
24,11.0,17,14,-0.646178562615143,0.5286213638244344,0.10526336632602955
0,24.0,17,14,0.6384225878175862,0.5287680713678788,0.09027064590301515
57,56.0,17,14,0.6384982131055282,0.5289783483265229,0.09666619843511536
29,3.0,17,14,0.6410864092358469,0.5291637585104993,0.08784694207108006
0,26.0,17,14,0.6367576392098178,0.529388670183172,0.09147963421705164
61,3.0,17,14,-0.6455087012964457,0.5294332349226385,0.10565890357541337
46,11.0,17,14,0.6364912376020655,0.5294654395237999,0.0921817961273828
7,19.0,17,14,0.6380326287247107,0.5295062578143294,0.08932101665932914
44,25.0,17,14,0.6360520878993957,0.5298922663176442,0.09417575984050701
0,25.0,17,14,0.6360851817575296,0.5299731716437894,0.09075913414877962
39,2.0,17,14,-0.6423863151190992,0.5307928291304472,0.10431677279830155
19,32.0,17,14,0.637775197158566,0.5309186601665767,0.08777909158051615
4,29.0,17,14,0.6351309567320004,0.530969742422418,0.08965586346663836
11,49.0,17,14,0.6340871866433543,0.5310283011140324,0.09165681098382011
59,15.0,17,14,-0.6400871061885305,0.5310836988637506,0.1023329530389991
44,1.0,17,14,-0.6428075876609383,0.5311015977824387,0.105144463619318
22,47.0,17,14,0.6335278265676547,0.5313771127048095,0.09170242320569838
40,1.0,17,14,-0.6393069028919671,0.5316284489909477,0.10227359817574277
2,4.0,17,14,-0.6400895796856206,0.5316736770762405,0.10315573238749849
11,43.0,17,14,0.6316271371372635,0.5326334032997853,0.09114687842093698
13,35.0,17,14,0.6315554042819883,0.5327635158410808,0.09343161717018302
51,1.0,17,14,-0.6383186262397694,0.5334217323643191,0.10369523699386698
62,23.0,17,14,0.6287479928253022,0.5345848268902956,0.0902312060247898
56,20.0,17,14,0.6302589965935489,0.5350767270540773,0.08756815893609968
0,23.0,17,14,0.6285909741766132,0.5354496944375,0.08833142215663702
52,3.0,17,14,-0.6356816631274145,0.5354864405559469,0.10375837247966883
22,22.0,17,14,0.6315302733738801,0.5355407905021838,0.08646511984026314
41,11.0,17,14,0.626769312681456,0.5357192360916048,0.09107983598856184
51,78.0,17,14,0.6280251808989956,0.5358583098130658,0.08818945034379752
59,24.0,17,14,0.6270869827185095,0.5359570823196795,0.08905871029917224
42,2.0,17,14,-0.6350803355651583,0.5360145378630805,0.10384430396556114
26,27.0,17,14,0.6261708992691956,0.5361439120836595,0.0920471751351111
7,76.0,17,14,0.6263458906812106,0.5364067594425903,0.09382227753170541
22,33.0,17,14,-0.6260660955327381,0.5364726404511895,0.09338866976177126
52,45.0,17,14,0.6266720112307497,0.5367302820921172,0.0880223243273785
41,39.0,17,14,-0.6264669703521042,0.5368625613938661,0.0952490674062586
38,63.0,17,14,0.6239608154976396,0.537599802189697,0.09195513788361051
18,26.0,17,14,-0.6239694218206092,0.537733867362364,0.09271596982331405
38,19.0,17,14,0.6256778508749495,0.5380374039080813,0.08699704261450344
22,41.0,17,14,0.6234734491636422,0.5386153325106953,0.0879314328438049
29,20.0,17,14,0.6236319686328988,0.538643633256559,0.08772654127994528
51,16.0,17,14,0.6230911148980713,0.5387124450524543,0.08817036385854647
29,2.0,17,14,0.6253633266199871,0.5392591442319732,0.08594007286840473
57,30.0,17,14,-0.6230137768120786,0.5393729676371662,0.09534320208420334
25,26.0,17,14,-0.6208866092484598,0.5396078164921856,0.08953574326627252
46,3.0,17,14,0.6206968565378338,0.5396556043233786,0.0902040257594914
23,31.0,17,14,0.6208893333119362,0.5396852838556865,0.08914524111770593
62,3.0,17,14,0.6205089288574912,0.5397779292879539,0.09017231594892569
25,34.0,17,14,0.6196311736364248,0.5404404801971863,0.08927202805089367
41,4.0,17,14,-0.6271303538148308,0.5404878677853882,0.10174499404135785
48,72.0,17,14,0.6201238910578928,0.5405178193988514,0.09319716138005571
16,3.0,17,14,0.6196542952634919,0.541161429187281,0.09401327266680148
51,79.0,17,14,0.6192749506735613,0.5414800107893973,0.08716385580710677
33,21.0,17,14,0.6182683430668446,0.5415357024674388,0.0882941992366663
51,24.0,17,14,0.61988528669515,0.5425493436506907,0.0855099768282963
18,68.0,17,14,-0.6190449610354674,0.542774688949599,0.09627878230737888
51,17.0,17,14,0.616898040863831,0.5430104034381004,0.0868914266507158
19,69.0,17,14,0.6169306793431578,0.5432423285551125,0.08651479537052935
56,26.0,17,14,0.6156883348951969,0.543320344572692,0.08767971978013181
47,10.0,17,14,0.6152492917808401,0.5433260889201337,0.09119212997990173
51,15.0,17,14,0.6144693270740772,0.5440640578001439,0.08765435805908353
41,46.0,17,14,-0.6157872703995608,0.5443351639833405,0.09482800541349827
7,13.0,17,14,0.6131575901551314,0.5445873434495432,0.09022806810947652
48,6.0,17,14,0.6171872157115597,0.5446151960442431,0.09701144116395667
11,50.0,17,14,0.6127580110038515,0.5448443679017294,0.08885744648931197
37,3.0,17,14,-0.6204890901891098,0.5448619387632794,0.10080397556098879
45,40.0,17,14,0.6126610138559068,0.5448754253143487,0.08943912770328712
29,1.0,17,14,0.6165119422833373,0.5450003265737267,0.08487833223436547
21,76.0,17,14,0.6142352444489773,0.545267245320912,0.09445875035107348
47,9.0,17,14,0.6128686424755353,0.5453558400768499,0.0925152894572209
52,7.0,17,14,0.6112331370711734,0.5463455288737986,0.09208032471169895
45,28.0,17,14,-0.612670994733591,0.5465232171949652,0.09466807406387757
45,9.0,17,14,0.6106411491688819,0.5466058723733115,0.09162882957112259
47,11.0,17,14,0.6097550147106808,0.5467746796055978,0.08893090327777164
21,2.0,17,14,-0.617168477918986,0.5470711740553968,0.1003560325382539
52,77.0,17,14,-0.6085194420394111,0.5475802375970299,0.08891136162626324
29,0.0,17,14,0.6117704536297861,0.548099988435803,0.08430726739889052
47,28.0,17,14,-0.6102248020732656,0.5486115889708332,0.0951476579687005
52,76.0,17,14,-0.6067785041208092,0.5487194834996973,0.08875637544028234
57,1.0,17,14,0.6086679096888273,0.5489906073298563,0.08504878356757095
52,78.0,17,14,-0.6062075982117371,0.5490937989596434,0.08854122345057955
52,79.0,17,14,-0.605712075968429,0.5494195424993611,0.08841797108120444
3,67.0,17,14,0.6053923634434188,0.5496905143175574,0.08766586008789817
51,12.0,17,14,0.6055199679128878,0.5496946360611783,0.08722893417598747
11,19.0,17,14,0.6085058362995358,0.5497310185189671,0.08436581602557264
59,56.0,17,14,0.6071351866745417,0.5497957775232198,0.09324848632759494
11,3.0,17,14,-0.6127613125990562,0.5501259327055821,0.09990872987920628
19,79.0,17,14,0.6062436932125026,0.5502822962383132,0.08512170827015153
50,34.0,17,14,-0.6040013839275956,0.5507220077431068,0.08990183404229274
23,66.0,17,14,0.6038226766092745,0.5508285103579494,0.0869288879231483
48,1.0,17,14,-0.6116065906860042,0.5510077549864818,0.09989072345004626
47,12.0,17,14,0.6029589765356858,0.551388651461042,0.08684584645317589
36,2.0,17,14,0.6026017832736861,0.5516657560531063,0.0866418713536948
30,72.0,17,14,-0.6088832555087659,0.5518912409291501,0.09834780141457039
30,71.0,17,14,-0.6086721079804944,0.5520116905876,0.09829332297346234
38,20.0,17,14,0.6038319676416272,0.5521836142431615,0.08443903188448894
56,2.0,17,14,-0.608643953429341,0.552243629004205,0.0985618734212313
30,70.0,17,14,-0.6078648264566684,0.5525115649161898,0.09813551840905083
48,75.0,17,14,0.6015227615554987,0.5526020044188185,0.09046723776261194
15,5.0,17,14,0.6045258231252374,0.5527537953613388,0.09496752472783261
30,73.0,17,14,-0.6072726058232372,0.552934003640047,0.09809117431161389
56,7.0,17,14,0.602070328191509,0.5530443746247096,0.0924033252447974
0,22.0,17,14,0.6019150188166126,0.5530477332532568,0.08469780315813308
30,47.0,17,14,0.6007300158136016,0.5531511619455382,0.09044377313700636
30,69.0,17,14,-0.6066831090714266,0.5532516336630899,0.09791501235390991
57,43.0,17,14,0.5999993841874935,0.553425967416521,0.08967872407564566
34,19.0,17,14,0.6013370800521785,0.5536397333223422,0.08435555897408722
29,24.0,17,14,0.5996142626461911,0.5538742344991697,0.08558993276072435
4,6.0,17,14,0.5987214458827141,0.5544918787438704,0.09023126794985428
51,14.0,17,14,0.5982748115353301,0.5545049192811956,0.08611875956080003
19,12.0,17,14,0.5975254652117152,0.5547994266542748,0.08776732822412557
30,68.0,17,14,-0.6042395245896549,0.5548046601071219,0.09748729365631682
27,37.0,17,14,0.5976798851894506,0.5550879509979373,0.08549170770722167
52,75.0,17,14,-0.5960938361205296,0.5557380994863651,0.08744049790091929
51,18.0,17,14,0.5977237136636129,0.5557897265922017,0.08421447658284081
11,15.0,17,14,0.596037419005036,0.5559768372520801,0.08584673463200748
30,74.0,17,14,-0.6024526104041883,0.556035285899608,0.09729492165047621
21,79.0,17,14,0.5975547744382265,0.5562283842798668,0.0921785308247035
55,2.0,17,14,-0.6007220404963394,0.5574197910436026,0.09734948460960624
23,27.0,17,14,0.5931051573229461,0.5578901375432352,0.08555939733679968
46,31.0,17,14,-0.594886326214354,0.5579233015063779,0.09169458951741251
30,67.0,17,14,-0.5992146587030509,0.5580259088217143,0.09663926051577357
7,4.0,17,14,-0.6003522604577376,0.5581085362785851,0.0978458896184072
21,77.0,17,14,0.594442342528294,0.5582598924478424,0.09171270428957451
51,23.0,17,14,0.5933680812883615,0.5596533617955309,0.0826158517144045
11,51.0,17,14,0.5898902080860015,0.559863467940869,0.08596648238812533
51,13.0,17,14,0.5893822108946096,0.5603040062049136,0.08528635341622454
42,35.0,17,14,0.5892282558838118,0.5603352746567021,0.08733901779983698
21,78.0,17,14,0.5897591979369509,0.5613639064328599,0.09108810166244025
30,75.0,17,14,-0.5939043643052554,0.5615505302248871,0.09588948381423532
11,42.0,17,14,0.586776672378018,0.5619431208556929,0.0854310264272627
55,6.0,17,14,0.5851671767168832,0.5630073709032883,0.08668393741475029
1,3.0,17,14,-0.5929167613260213,0.5630375602852606,0.09677154426194272
52,37.0,17,14,0.5861374964257872,0.5633902690916459,0.08291829453431909
30,66.0,17,14,-0.5907319748424389,0.5634999134825809,0.09524147302995235
47,13.0,17,14,0.583048235720334,0.5648075532655299,0.08362005187298864
17,28.0,17,14,0.5824344778182137,0.5651877692984346,0.08787270913991135
31,0.0,17,14,-0.584574363346224,0.5653861677512524,0.09134846406474648
33,27.0,17,14,0.5815709574999317,0.565400329791441,0.08626796645361061
53,3.0,17,14,-0.5881933555811277,0.5655327348183274,0.09531119833651203
38,3.0,17,14,-0.5886556437221331,0.5656126580472156,0.09584949273302448
18,67.0,17,14,-0.5837367875765002,0.5658270190143113,0.09105275341966113
19,16.0,17,14,0.5826584236059489,0.5658458106792141,0.08232451276631668
27,27.0,17,14,-0.5797458738403359,0.5667230847811655,0.08401401963787178
25,17.0,17,14,0.582945295202935,0.5670621987970884,0.08100389205253282
5,26.0,17,14,0.579227643218083,0.5670888722961909,0.08387464282651741
27,66.0,17,14,-0.5805385580363115,0.5671767890423243,0.08928481291352305
56,21.0,17,14,0.5802750153941418,0.5675609256542676,0.08189378797858753
17,19.0,17,14,0.5781816705234099,0.5685133849699816,0.08222083191764991
30,76.0,17,14,-0.5827171469536616,0.5688105541185919,0.09408016956130703
4,17.0,17,14,0.5794882755619583,0.5688116676960941,0.08107119104297661
48,33.0,17,14,0.5774552298477296,0.5689505263752123,0.08831854879463116
34,31.0,17,14,0.5766104807060087,0.5690123198657757,0.08304005150515319
22,48.0,17,14,0.5759823325734107,0.5690707375063071,0.08476997642545692
45,22.0,17,14,-0.5752680763325704,0.5698004281492447,0.08644442104255083
48,73.0,17,14,0.5753393686760366,0.5700232810739672,0.08725952778527242
38,7.0,17,14,0.5758604744153698,0.5700506904398601,0.08818639006918859
52,74.0,17,14,-0.5740490851982772,0.5703624852357383,0.08471845418896645
43,2.0,17,14,-0.5798662292078789,0.5711771999740793,0.09424496001227772
30,65.0,17,14,-0.5788132814663386,0.5712490271564876,0.09332531013006724
18,21.0,17,14,0.5750475826456879,0.5713766319004865,0.08094255996910535
19,70.0,17,14,0.5738001547269391,0.5713829660921772,0.08179225485832524
51,19.0,17,14,0.5742114471962815,0.5715434081083137,0.08126966016534876
27,28.0,17,14,-0.5723211332824603,0.5716424932701571,0.08325454261563878
38,31.0,17,14,0.5725213204872771,0.5716761208266234,0.0827258383376318
46,40.0,17,14,0.5722916734833587,0.571929867806457,0.08245079453206017
20,25.0,17,14,0.5713090174231559,0.5721942075530646,0.08440635253176265
56,74.0,17,14,0.5712314343796567,0.5722483860858325,0.08445928020687873
49,31.0,17,14,0.5717241931983414,0.5722616291233279,0.08630373280450342
57,57.0,17,14,0.572266722036649,0.572413666307128,0.08764071090118261
19,78.0,17,14,0.5720061767706914,0.5726807068360367,0.08144452640529767
48,74.0,17,14,0.5696798881261148,0.57378281104375,0.0864744060268045
47,38.0,17,14,0.568777834152229,0.5744618672751634,0.08654808046893678
27,21.0,17,14,0.5690576972482949,0.5748371777582575,0.08086895770806969
42,17.0,17,14,0.5678401274197277,0.5754477228637195,0.0809998160904579
51,22.0,17,14,0.5690764064383841,0.5755325986456248,0.08011713133569402
2,8.0,17,14,0.5678810357565762,0.5756701192956402,0.08769285155274024
42,18.0,17,14,0.5680150828261021,0.5756922690982753,0.08056492296366527
30,77.0,17,14,-0.571704617417096,0.576005546579961,0.09233505058306622
11,52.0,17,14,0.5655923109441009,0.5760496614166685,0.08302718247533097
41,40.0,17,14,-0.5666626244309122,0.5761813052954357,0.08694688205799826
41,10.0,17,14,0.5652281880744965,0.5762670879370797,0.083627119589615
11,8.0,17,14,0.5651778231221105,0.5765575457730696,0.08519028546361923
57,0.0,17,14,0.5658680576635795,0.5773143854243916,0.08012469319838982
59,57.0,17,14,0.5651904128163316,0.577533698206258,0.08744817512360457
33,22.0,17,14,0.5635091276574292,0.5775374875737547,0.08225552200340067
48,17.0,17,14,0.5651605984718117,0.5775793015990355,0.08027658287885461
38,21.0,17,14,0.5649169550231445,0.5778253427700215,0.08015626466630632
41,45.0,17,14,-0.5642688132303508,0.5782086798286893,0.08742712759225259
0,21.0,17,14,0.563985286303679,0.5782632804203529,0.08026913137723446
24,20.0,17,14,0.5607416469783686,0.5793855344859902,0.08198771932669488
30,36.0,17,14,0.5604531206780354,0.5796178837071396,0.08416102294184387
18,12.0,17,14,0.5600564363841434,0.5798344161143875,0.08196531083112096
44,16.0,17,14,0.5595333843320226,0.5804282717583862,0.08111698883047183
30,78.0,17,14,-0.5645195189104958,0.5807247200785934,0.09121471957292944
49,15.0,17,14,0.5596544437248072,0.5808199214379601,0.0802569797620746
30,64.0,17,14,-0.5642041685886044,0.5808327963523527,0.09104488355548922
30,79.0,17,14,-0.5637877561396637,0.5812035618387432,0.091097949814828
47,3.0,17,14,-0.5638230053135145,0.5819723701094088,0.09204128223236437
3,24.0,17,14,-0.5576242549946371,0.5823258008322102,0.07983618138198607
3,68.0,17,14,0.5562539889208662,0.5823462468457274,0.08181560004705671
45,29.0,17,14,-0.5579738410772375,0.5826887058223376,0.08701890148548581
23,30.0,17,14,0.5554857399278953,0.5829612923668936,0.08123646869305358
51,20.0,17,14,0.5573356104949064,0.5830076178014407,0.07923060177444455
45,39.0,17,14,0.5550066934235104,0.5831492607941265,0.08246334323559694
0,54.0,17,14,0.5553038182402108,0.5833310524174524,0.08435851276776446
11,20.0,17,14,0.5569997259086076,0.5838194959088824,0.07864414525826229
51,21.0,17,14,0.5552086356137235,0.5846195306724773,0.0788204112422061
13,25.0,17,14,0.5532372693552478,0.5846447390442129,0.08047506415483144
23,67.0,17,14,0.5528017156621229,0.5847665446801782,0.08095751408694041
18,33.0,17,14,-0.5531200338834457,0.5851919968590535,0.08500590054543843
47,8.0,17,14,0.5522885982703689,0.5862119201166835,0.08576388002825563
44,24.0,17,14,0.5507261452914431,0.5862398689081214,0.08320957651663625
53,8.0,17,14,0.551165834230407,0.5865324884488253,0.08480079627570088
22,40.0,17,14,0.5501936987903299,0.5870223248891723,0.07949091733360339
36,18.0,17,14,0.5508146556999334,0.5871399143746407,0.07881853847023655
30,29.0,17,14,-0.5522442871488863,0.5872746945239298,0.08734296509161395
14,3.0,17,14,-0.5549229631693267,0.587629126134414,0.09041301875689851
31,1.0,17,14,-0.5504105679505801,0.5878997022313792,0.08620444523684434
62,24.0,17,14,0.5479030995108681,0.5879617286169077,0.0811501168732219
19,7.0,17,14,-0.5545646096228611,0.5881047386646241,0.09063233079564481
62,30.0,17,14,0.5465966293838891,0.5888493867785123,0.08097415073767751
45,2.0,17,14,-0.5532010085543524,0.5890385805790845,0.09045865061354602
22,3.0,17,14,-0.5528005288824591,0.5891637842152708,0.09023733602882024
9,17.0,17,14,0.5456364425648051,0.5895212447567967,0.08174285919755066
38,64.0,17,14,0.5455405146826349,0.589726844926576,0.08248155573576735
28,0.0,17,14,-0.550758218153024,0.5900952121345584,0.08943753242655689
47,21.0,17,14,-0.5449324500549887,0.5901128268919451,0.08230013153301509
59,58.0,17,14,0.5459063535703815,0.590477701528304,0.084858232931683
57,42.0,17,14,0.5442488545415318,0.5907146634543197,0.08271142610208393
19,31.0,17,14,0.5465206704021437,0.5907299459165136,0.07767551923132741
7,18.0,17,14,0.5440780108620684,0.5909415570251748,0.07923836312221465
49,16.0,17,14,0.5446888948445402,0.5910802397836664,0.0784123920001192
36,27.0,17,14,0.5436014127733085,0.5913888316814502,0.07894408155083185
34,5.0,17,14,-0.5490044791626474,0.591407768999495,0.08934516249568059
30,63.0,17,14,-0.5477291290012231,0.5917512808828536,0.08856159158645227
46,12.0,17,14,0.5422909630899896,0.5918573237589847,0.07990872121759768
42,19.0,17,14,0.5434924870829698,0.5923392825702822,0.07777390113880106
49,14.0,17,14,0.5420986997505294,0.5923672694812374,0.07885867981475017
11,53.0,17,14,0.5413607886859462,0.5924192090057601,0.08023218010182158
18,4.0,17,14,-0.5478669697012261,0.5925720768707771,0.08964037134666594
52,73.0,17,14,-0.540902393491909,0.5927079902699615,0.08078397954614451
34,8.0,17,14,0.5414666606111826,0.5928203526434604,0.08296029807318892
49,8.0,17,14,-0.5475707161091012,0.5928475465969432,0.08968414320103078
18,66.0,17,14,-0.5427519805378472,0.5931926564809259,0.08537504441771265
20,11.0,17,14,-0.5438645352417735,0.5947044167865086,0.08843213685160434
26,18.0,17,14,0.5395484656270265,0.5947206951904289,0.07768177867613957
47,14.0,17,14,0.5387008307913678,0.5948271982725979,0.07823067785824908
5,18.0,17,14,0.5393604920723607,0.5949739171456879,0.07752025025745661
50,4.0,17,14,-0.5442483429306036,0.5949873909581218,0.08910356970405847
59,59.0,17,14,0.5391305538425598,0.59501923256517,0.08390114015238746
30,48.0,17,14,0.5368441751592318,0.5959915946446872,0.0824571102663769
15,16.0,17,14,0.5365881671965589,0.5961709517956306,0.0781642315809002
27,3.0,17,14,-0.5420811134175798,0.5964605630129192,0.08881099693057347
40,8.0,17,14,0.5361098793926256,0.5969096572403045,0.08322752662578123
44,2.0,17,14,-0.5411866791326506,0.5970764942613875,0.08869886094243491
46,20.0,17,14,-0.5339559415577197,0.5974427968288228,0.07994960435457163
40,2.0,17,14,-0.5382226156865374,0.5978678778514573,0.08689010328821326
25,8.0,17,14,0.5328477439231417,0.598282249190812,0.08058729569372208
19,77.0,17,14,0.5335727729666031,0.59841253428808,0.07754474581790226
11,41.0,17,14,0.5325764732215057,0.5984233283709286,0.07913294907369557
59,60.0,17,14,0.533723773752148,0.5986525817302619,0.08314073980894972
7,77.0,17,14,0.532503652676578,0.5989077740379173,0.08182496850462066
42,16.0,17,14,0.5318469019957954,0.5993072666997183,0.07784065162212729
3,18.0,17,14,0.5329680410705082,0.5995919185977109,0.0765849769131911
58,16.0,17,14,0.531887431068719,0.5999368629928556,0.0768838004877178
27,47.0,17,14,0.530201305749131,0.6000122121477783,0.07926343697612002
12,3.0,17,14,-0.5367440406801678,0.6000285586368062,0.08802059869859469
22,14.0,17,14,0.5285600772030639,0.6012142977656203,0.07844638883950986
19,71.0,17,14,0.528932690036598,0.6014860791065323,0.0772039415980439
42,7.0,17,14,0.5288177699851758,0.6017591632861883,0.08208962923124134
57,58.0,17,14,0.528498753826792,0.6020504819482652,0.082189042826829
47,29.0,17,14,-0.5293440101514939,0.6024543097841939,0.08385504453942222
11,14.0,17,14,0.5265828194887351,0.6024910979256349,0.07886622466979502
3,23.0,17,14,-0.5278032002725614,0.6026295682337575,0.0765770055109609
56,22.0,17,14,0.5278222596784743,0.6027106841752774,0.07646863355267058
36,1.0,17,14,0.5257084368300637,0.603516646382779,0.07717338657841326
30,62.0,17,14,-0.529585982825259,0.6039094984448665,0.08593488415852676
59,23.0,17,14,0.5240253575135525,0.6045690150767403,0.07720599718938015
6,3.0,17,14,-0.5290145928550184,0.605109590622557,0.08677487193197149
10,6.0,17,14,0.5249081378923326,0.6051403556274259,0.08279308189131787
39,3.0,17,14,-0.528464669133178,0.6052548821161623,0.08644639999619956
41,44.0,17,14,-0.5238645799164421,0.6054741778022497,0.08206264185140974
41,41.0,17,14,-0.5234120543000389,0.6055241250268444,0.08155131774574784
52,26.0,17,14,0.524088392997769,0.6059438347450292,0.07543079903140948
0,20.0,17,14,0.5228743482792881,0.6060754202529344,0.07599022283388454
11,54.0,17,14,0.5197245532091691,0.6072223478186001,0.07784991109347023
52,46.0,17,14,0.5199630039883801,0.6075106221237738,0.07648078462938729
59,61.0,17,14,0.5206663053001678,0.6075641850828724,0.08149634647829998
56,3.0,17,14,-0.52451828177406,0.607847259648358,0.08580682128634301
11,9.0,17,14,0.5186192363882324,0.6082222671167017,0.07963711403592244
26,26.0,17,14,0.5173217359140869,0.6088679671248955,0.0783112810247097
56,25.0,17,14,0.5176175668529485,0.6091097795760084,0.07626369106356938
23,28.0,17,14,0.516899745632372,0.609270229629316,0.07700470436258379
0,12.0,17,14,-0.5179674372860148,0.6094251150273913,0.0811808650743493
33,23.0,17,14,0.5163883221444557,0.6095223019616853,0.07747411069313262
34,20.0,17,14,0.5173843552055674,0.6097599583868635,0.07553439075136242
3,29.0,17,14,0.5157983182626703,0.6106603523853007,0.07561590401099202
10,3.0,17,14,-0.5203511095528099,0.6108244305191737,0.08539453625321107
23,29.0,17,14,0.5139282983001742,0.6113192650487784,0.07669166252592344
41,9.0,17,14,0.5132939784457071,0.6116404651858266,0.07777325225712943
13,3.0,17,14,-0.5190779619085685,0.6120074084154543,0.08556306870621548
41,24.0,17,14,0.5130449848899156,0.6127299682480847,0.07512019897109272
22,49.0,17,14,0.5112762294647943,0.6130348854041605,0.07755379464638337
2,5.0,17,14,-0.516305585810175,0.6131199842919242,0.0843353116220203
29,21.0,17,14,0.5104129579769796,0.6141182784019575,0.07545604851101155
13,34.0,17,14,0.5078558970303224,0.6156333909105411,0.07835167203319193
49,17.0,17,14,0.5085697271163554,0.6158139705964214,0.0746805197948631
23,68.0,17,14,0.5072943101403092,0.6158867366844621,0.07607053335083036
33,26.0,17,14,0.5071578762456092,0.6159064670322221,0.07734425961734955
56,75.0,17,14,0.5067623416991545,0.6161639720170793,0.07713041970476489
31,2.0,17,14,-0.5085175167074504,0.6161760784988322,0.08043123420439283
7,7.0,17,14,0.5083738385010528,0.6165573990758042,0.080833076458156
17,5.0,17,14,0.5093069843429179,0.6166089442417478,0.08187940582409044
19,17.0,17,14,0.5067021418958803,0.6171992893926506,0.07438810750509667
17,27.0,17,14,0.5058126992453856,0.6172029449685688,0.07854013896562954
27,29.0,17,14,-0.5052117772579557,0.6173199735593348,0.07589455104794823
22,76.0,17,14,-0.5059899872704974,0.6175072493574101,0.07944156239003186
57,59.0,17,14,0.5058673140386872,0.6176576002387903,0.07954317709612425
29,23.0,17,14,0.5049208965591829,0.6177864832353341,0.0751420683430816
30,61.0,17,14,-0.5090454801652007,0.6178393336293471,0.0830941735191441
25,33.0,17,14,0.504466852401678,0.6178400612651374,0.07580298480233898
48,2.0,17,14,-0.5102379343522333,0.6180873993817735,0.0844100009030025
42,20.0,17,14,0.5053426650387652,0.6184238003860352,0.07396285822017681
28,1.0,17,14,-0.5088580902775156,0.6184806870489534,0.08363618996432291
11,55.0,17,14,0.5028438379469187,0.6188910028003001,0.07606498396478363
27,65.0,17,14,-0.5034420566393487,0.6192737194594615,0.07914780892510861
18,42.0,17,14,0.5021076150522534,0.6195647678294474,0.07526525763230135
22,75.0,17,14,-0.5025249227026191,0.6199163376938925,0.07905349421910876
41,43.0,17,14,-0.5015081546480034,0.6207823401630643,0.07921099168548455
41,42.0,17,14,-0.5010884198827302,0.620986351267317,0.07901534706848201
38,22.0,17,14,0.500581297687188,0.6215302609433158,0.07369268313432535
52,72.0,17,14,-0.4986188838284274,0.6218108062407428,0.07609538348617753
58,28.0,17,14,0.49860207908069015,0.6218212293682845,0.07591641918849434
3,69.0,17,14,0.49838993712779833,0.6219892724665889,0.07558230955643899
50,79.0,17,14,-0.4986610717922268,0.6222054066619698,0.07782411231533445
62,2.0,17,14,0.4979231523982891,0.6223021458544054,0.07615824613554793
22,77.0,17,14,-0.49856781382413967,0.6226328601309365,0.0785427029766525
19,76.0,17,14,0.49736875374842915,0.623194766088365,0.07409547401441964
57,60.0,17,14,0.49783110205288467,0.623256403701812,0.07865226699926109
27,26.0,17,14,-0.4960808241887707,0.623747783223427,0.07467749217972618
22,26.0,17,14,-0.4954329321960926,0.6240509409478207,0.07525823710909058
12,35.0,17,14,0.49512618468408226,0.6242797017713932,0.07613037263919836
59,62.0,17,14,0.4958563983155001,0.6247191052309018,0.07857349458484086
57,61.0,17,14,0.49575315481425813,0.6247257475945178,0.07845411702237556
18,43.0,17,14,0.4932864180194661,0.6255867865967831,0.07479517671429513
3,12.0,17,14,0.4933435726155809,0.6257287572153489,0.0767727894729214
42,3.0,17,14,-0.4986314189576313,0.6259172655797622,0.08272347657800823
18,65.0,17,14,-0.49487489967113507,0.6259553730459629,0.07928304006969313
31,16.0,17,14,0.4917443275185601,0.6266783069825017,0.07456775072607637
11,56.0,17,14,0.4912790731808697,0.6269439405275121,0.07487965102985795
57,62.0,17,14,0.4925210997315579,0.6270021564535722,0.07812664407994975
53,4.0,17,14,-0.49641723303820734,0.6270087522151309,0.08197941986143528
51,2.0,17,14,-0.49607354020412336,0.6270095045030357,0.08168230781425886
50,78.0,17,14,-0.4916201579435645,0.6271041188614584,0.07702585512583425
42,34.0,17,14,0.4909693698208425,0.6272611612725609,0.07609582497439393
19,72.0,17,14,0.49040774251140085,0.6279753531953243,0.07352771668520369
45,10.0,17,14,0.4900896734792223,0.6279855487545887,0.07637534691784255
15,0.0,17,14,-0.4951786233990799,0.6279978276647824,0.08196119877647576
44,6.0,17,14,0.49157714447785417,0.6288676847740643,0.0796905837370603
18,41.0,17,14,0.48872373463074237,0.6289902821766032,0.07367163044343283
7,14.0,17,14,0.4880292780340698,0.6292314520525399,0.07534526194751676
50,17.0,17,14,0.4891836643879097,0.6294825387433729,0.07258022834368902
46,13.0,17,14,0.48758070345372756,0.6297508197037989,0.07364696383290807
50,16.0,17,14,0.48793560579756684,0.6300343930816765,0.07281420832001848
22,8.0,17,14,0.4872203882088286,0.6301152331802595,0.0763944915282484
21,3.0,17,14,-0.49182029258397825,0.6304596518098561,0.08167599235604107
50,77.0,17,14,-0.4864170487831232,0.6307366370132452,0.07644639025866012
45,38.0,17,14,0.4851712906447476,0.6312243245724107,0.07498269998285084
22,78.0,17,14,-0.48573734716055844,0.6315540374353439,0.07704753033769755
22,74.0,17,14,-0.48576920048577377,0.6315734837457292,0.07712382404754552
11,21.0,17,14,0.4866389666035224,0.6318059941945338,0.07186182687147197
56,23.0,17,14,0.4852333422036716,0.6319644422308521,0.07250801609076114
11,57.0,17,14,0.48386681747385,0.6321302137952398,0.07413481302250312
23,4.0,17,14,-0.4895336569108439,0.6321581695944447,0.08150214919767985
57,63.0,17,14,0.4846202229368237,0.6325441411798403,0.07727157580692537
57,41.0,17,14,0.4836530473108041,0.6325569792588407,0.07586729718258789
33,24.0,17,14,0.483034974484604,0.632697715769807,0.07434452114480201
45,21.0,17,14,-0.48192917824344805,0.6335431113165565,0.07492859587194042
0,19.0,17,14,0.48281052584088596,0.6337032141213761,0.07222951423219227
45,30.0,17,14,-0.48324698299624025,0.633856064309206,0.07764215733451002
46,2.0,17,14,0.481359357113004,0.633894293187308,0.0745578169809356
25,21.0,17,14,-0.48217504487594093,0.6339428759353358,0.07242221842239288
50,76.0,17,14,-0.48092654196239626,0.6345795409772097,0.07584074207897147
30,60.0,17,14,-0.48467752416243454,0.6345799852381255,0.07989712571035992
11,58.0,17,14,0.47872081535092353,0.635742655367868,0.07361914390357105
18,11.0,17,14,0.47782723050955783,0.6363556700626855,0.07388113631333303
50,35.0,17,14,-0.477379529852631,0.6367450088326952,0.0744834585163242
57,16.0,17,14,0.4794799494520199,0.6370764671029971,0.07101433812928501
33,25.0,17,14,0.47601417027298,0.6376395393030498,0.07388197075392378
9,13.0,17,14,-0.4804934108974806,0.6378876662855615,0.07980028351541146
15,25.0,17,14,0.47596760216242917,0.638190441695937,0.07557504965817706
11,59.0,17,14,0.4745352438067772,0.6386890172612179,0.07319094952820042
17,20.0,17,14,0.4743946347478347,0.6391183967267611,0.07213218720588911
5,0.0,17,14,-0.476467436754562,0.6391189977096703,0.07754505726359938
56,24.0,17,14,0.47462757659257754,0.6391990958533427,0.07176965322862604
54,0.0,17,14,-0.47625604660483295,0.639655805306201,0.07798728387156954
22,79.0,17,14,-0.47412460511077587,0.6396864348419178,0.07574396796863485
22,23.0,17,14,0.4755357801938579,0.6397863012464501,0.07069888274156642
50,75.0,17,14,-0.47345576295395286,0.639823028952551,0.07502328005605857
36,0.0,17,14,0.47325909821679035,0.6401822233327248,0.07161478417525605
49,13.0,17,14,0.47230504172258886,0.6403376046415239,0.07256039482393488
11,40.0,17,14,0.47187878150636864,0.640571551005606,0.07284657082137136
33,5.0,17,14,-0.476357504527725,0.6408824222706585,0.07940572858227618
11,60.0,17,14,0.47117920850861766,0.6410582347150601,0.07282989302024781
52,4.0,17,14,-0.47571670025169105,0.6415517079498589,0.07955204989895412
57,64.0,17,14,0.47169174837655853,0.6416404397829925,0.07587135877622445
19,75.0,17,14,0.47048169904867615,0.6419226130796567,0.07167910163424762
50,23.0,17,14,-0.46963959759327817,0.6423524434811099,0.07192064988563687
29,22.0,17,14,0.4696853237086339,0.6424438218480251,0.07167522766894915
11,61.0,17,14,0.4691777710705824,0.6424774382442677,0.07258403357461918
57,31.0,17,14,-0.4704739547177481,0.64248191198613,0.0757132800085739
11,62.0,17,14,0.468613823115482,0.6428856490696624,0.07246423041990302
11,63.0,17,14,0.46842732604069653,0.6430297128600324,0.07237729574906389
61,4.0,17,14,-0.4735642945894398,0.6432159923908596,0.07944809480263955
23,69.0,17,14,0.4673808339828776,0.6438058662005597,0.07211365715890038
11,64.0,17,14,0.4666698856046726,0.6442838753898441,0.07214805354795942
27,36.0,17,14,0.46682008503418904,0.6443292798551645,0.07168701073075599
4,28.0,17,14,0.4664988281408365,0.6447642204129772,0.07125728574160621
46,39.0,17,14,0.4659798156758161,0.6449232199393069,0.07160772545331813
42,8.0,17,14,0.4664057424234363,0.6450237130869212,0.07473091517569072
59,16.0,17,14,-0.4678346906197241,0.6452814994803376,0.0766780387867596
19,73.0,17,14,0.46558830078261615,0.6453413776963144,0.0712847339245118
4,18.0,17,14,0.4670833522330901,0.6454408183213383,0.07015951644794942
62,25.0,17,14,0.4644736686919544,0.6457809587507826,0.07266071159849805
18,44.0,17,14,0.46405391887774067,0.6460743447809996,0.07241265630608872
7,17.0,17,14,0.4636669285124541,0.6464318130967867,0.07176231215305627
47,15.0,17,14,0.46381706077805396,0.6468560960569101,0.07072884323648322
50,74.0,17,14,-0.4632552095539183,0.6470112229490262,0.07392419984092913
11,65.0,17,14,0.461489062898919,0.6479603133211878,0.07161199248976549
52,36.0,17,14,0.46162513771062985,0.6483150959580077,0.07065267496018741
38,65.0,17,14,0.46096628324355715,0.6485450829845867,0.07348541938867835
59,63.0,17,14,0.46072921407085954,0.6493983159967451,0.07471335562090256
42,21.0,17,14,0.4605205372332581,0.6496325926248212,0.06995079427079844
11,4.0,17,14,-0.46407007397233585,0.6496897191203432,0.07812151101856007
19,74.0,17,14,0.4588104566269194,0.650129833517359,0.07067752782424547
31,3.0,17,14,-0.45871556058107404,0.6507025304905261,0.07431398914961344
18,22.0,17,14,0.45805472418783616,0.6513940745068699,0.06971871127858832
37,4.0,17,14,-0.4612897390094644,0.6513950942031916,0.07754503071037122
49,18.0,17,14,0.4576124942765893,0.6513974433516945,0.06999203008953755
42,15.0,17,14,0.45631151184895297,0.6516270501871948,0.07115349146119171
22,73.0,17,14,-0.45692275930644316,0.6518602756884364,0.0739443330506117
62,29.0,17,14,0.4555372995777865,0.6521154689090691,0.07161461907933096
19,30.0,17,14,0.45671257566923423,0.6527233520719293,0.06928713271583697
3,6.0,17,14,-0.4570475286547756,0.6533663817088246,0.07599973863391773
57,65.0,17,14,0.45467738290735166,0.6536876512536272,0.07406996062882432
11,66.0,17,14,0.45215201650428705,0.6545971133376631,0.0707142201730826
56,76.0,17,14,0.4512839453276485,0.6551564564673135,0.07151158666773834
30,59.0,17,14,-0.4547225263552651,0.6554579212928493,0.07620907141870009
11,13.0,17,14,0.450719389350554,0.6556051931153131,0.07175484543440737
3,5.0,17,14,-0.45327436024954887,0.655888797105026,0.07541613796726897
50,73.0,17,14,-0.45041858877123947,0.6561057200229011,0.07257434113356546
18,40.0,17,14,0.45020732117428275,0.6561953545787962,0.06998356771898992
3,25.0,17,14,-0.4505535415590083,0.6563381143254385,0.06944976189128282
44,23.0,17,14,0.4498021611315269,0.6563766492007793,0.07209309592678972
52,71.0,17,14,-0.4495348513141519,0.6563889274933508,0.07113904353877071
47,37.0,17,14,0.44995179024638826,0.656668392445541,0.07297603079615209
30,49.0,17,14,0.44908037044488747,0.6572839084004716,0.07287838171478428
5,1.0,17,14,-0.4499540832377377,0.6579352372653855,0.07470530304101868
24,19.0,17,14,0.44706781995794737,0.6581619587213492,0.07056542676476049
20,24.0,17,14,0.4470448214286649,0.6581637626726409,0.07082548979606247
30,35.0,17,14,0.44720669961927106,0.6582359023166193,0.07186342897729456
22,50.0,17,14,0.44678799426170174,0.6583653697127553,0.0711135138762716
48,18.0,17,14,0.44663712324343535,0.659150532912944,0.06907966409439188
22,39.0,17,14,0.4460639440103348,0.6592599274771118,0.06942245320414264
24,12.0,17,14,-0.4484884835571116,0.6598901850912189,0.07552241143625114
22,34.0,17,14,-0.44397942597995677,0.6604213195666653,0.07113972130475556
28,2.0,17,14,-0.4480352259097228,0.6607674350405507,0.07601885391779348
58,23.0,17,14,-0.4432148211151404,0.660900078455881,0.07040829565518726
46,32.0,17,14,-0.44420307115789853,0.6610377471447207,0.07282773122576519
50,18.0,17,14,0.44391120775436954,0.6615384378424227,0.06841569273201804
17,26.0,17,14,0.44139670532420516,0.6625391117941062,0.07166870147431238
0,18.0,17,14,0.44167016547724225,0.6626181943525624,0.06873755617671223
18,64.0,17,14,-0.4415146859506274,0.6634253007268203,0.07318757039253271
11,67.0,17,14,0.4394781138421756,0.6636468532711044,0.06954659284694534
27,48.0,17,14,0.437735008367918,0.6648341650818792,0.07021101084397828
41,5.0,17,14,-0.44063384832967606,0.6654986263519622,0.07467613993393309
50,15.0,17,14,0.43631303191767123,0.6661734060026565,0.06865966352299238
3,70.0,17,14,0.4356435910016738,0.6663259858188612,0.06961797112241896
50,72.0,17,14,-0.43532728097702866,0.6668668679132592,0.07103762534582259
26,19.0,17,14,0.4355429087975829,0.6671484380150419,0.06805010841924064
4,0.0,17,14,-0.4348462742737108,0.6677769303849479,0.07195083325943477
57,66.0,17,14,0.4343232223758946,0.668217004012572,0.07198980555709043
23,70.0,17,14,0.43253488759521025,0.6686313392446106,0.06890504485217018
46,14.0,17,14,0.4326354771066262,0.668847183984267,0.06828330412351077
47,30.0,17,14,-0.43411280293099497,0.6688853933275454,0.07262569680265309
25,27.0,17,14,-0.43203805932821515,0.6689805610124814,0.06888899262085547
44,17.0,17,14,0.432029766566893,0.6690534831562649,0.06867992579520735
59,22.0,17,14,0.43093583299600496,0.6699229275857022,0.06839182645604233
7,78.0,17,14,0.42958846654659033,0.6711626388534168,0.07082502217788506
55,3.0,17,14,-0.4324073118283679,0.6714684123251263,0.07387688719759863
18,10.0,17,14,0.42764628572070446,0.672125121962487,0.06956064771014503
14,7.0,17,14,0.42730508271364503,0.6736567892324917,0.07179978280596648
11,68.0,17,14,0.42544935664488265,0.6737236698811777,0.06829807471727724
19,18.0,17,14,0.42620120026058417,0.6738317316337386,0.06729094229905644
7,15.0,17,14,0.42422164557006226,0.6745446184654096,0.0689459775278477
43,3.0,17,14,-0.42809158329402563,0.6748575401142278,0.07369489997984205
3,7.0,17,14,-0.4256405430518021,0.6756551116196935,0.0725077203955328
11,10.0,17,14,0.4230974734253501,0.6756617896469381,0.06987564155178717
3,4.0,17,14,-0.4237833444663054,0.6766288014693703,0.07194010909906245
17,0.0,17,14,-0.42517322873475144,0.6768873566349882,0.07332473177211758
57,79.0,17,14,0.42190134037033034,0.6769961122734218,0.07055577029937539
22,72.0,17,14,-0.41992000756719045,0.6782850780701963,0.07015854591418905
59,64.0,17,14,0.4203305084554256,0.6782945655311683,0.07063104706765647
7,16.0,17,14,0.41874836676487404,0.6784878137643751,0.06815037121784921
50,71.0,17,14,-0.41810667409163976,0.6792358849126119,0.0693512758048789
54,1.0,17,14,-0.419099344007461,0.6802171456626193,0.07169130142172787
57,40.0,17,14,0.4166190467358909,0.6803143779362102,0.06922086918838471
41,26.0,17,14,-0.4162009399360758,0.6804137689810059,0.06864180733866529
18,45.0,17,14,0.41613059485410436,0.6804205114227013,0.06844739782236531
45,6.0,17,14,0.41805524181979303,0.6805540440030844,0.07114669945510697
12,24.0,17,14,-0.4155948318685409,0.6807665649984395,0.06803501406328932
40,3.0,17,14,-0.4190255426021323,0.6808016155707509,0.0722072033087248
0,55.0,17,14,0.4161600606033908,0.680854445401353,0.06956843310409382
38,4.0,17,14,-0.41908149866048994,0.6813933715192302,0.07279731736480403
18,9.0,17,14,0.4145398991454294,0.6816806478125412,0.06869860047449236
30,58.0,17,14,-0.41718052515081994,0.6820587472096475,0.07194874009671473
58,22.0,17,14,-0.4131176397995378,0.6825892609136317,0.06742131564035113
26,25.0,17,14,0.4128481157782734,0.6827546530374926,0.0677090731731334
11,69.0,17,14,0.41222770730808456,0.683279239213137,0.06715439669440015
49,30.0,17,14,0.4122919377079029,0.6834799856942562,0.0688939703900798
27,64.0,17,14,-0.4108916446814795,0.6846922285283734,0.06911903758530781
42,22.0,17,14,0.41104660952095085,0.6848119761901585,0.06601731134936953
45,11.0,17,14,0.4098931244038781,0.6849844012529442,0.06808516352292365
1,6.0,17,14,0.4123509015461847,0.6850779879464061,0.0710043714372538
57,67.0,17,14,0.4108423732129455,0.6851318143586966,0.0696946838950698
21,6.0,17,14,0.4122474033481976,0.6853091505492305,0.07114925824332527
52,47.0,17,14,0.40857066082026056,0.686047923633686,0.06654963471422387
5,19.0,17,14,0.4093448140617841,0.6860836703042958,0.06584578725896019
41,8.0,17,14,0.40802177696380987,0.6862927006340078,0.06771126130759207
45,3.0,17,14,-0.41234638177971156,0.6863297261857091,0.07216748890468003
60,0.0,17,14,-0.4102233471147218,0.686807302599235,0.07098111570577936
27,22.0,17,14,0.40741065692514566,0.6872915566189568,0.06588452754992571
34,21.0,17,14,0.4072531261965584,0.6873498915245562,0.06593376392786032
22,13.0,17,14,0.40642849355634597,0.6874285645511856,0.06744150544210915
38,23.0,17,14,0.4074172990033772,0.6874709850034662,0.06570260034979224
11,39.0,17,14,0.406169388320461,0.68761455115724,0.06692979493643418
56,77.0,17,14,0.40561975382017706,0.688016356027817,0.06737330786187405
47,4.0,17,14,-0.40929811197046406,0.6884607828104206,0.07179117883254046
19,8.0,17,14,-0.4087995707730902,0.6887042455121459,0.07163735735698576
48,32.0,17,14,0.40547714425842385,0.6888920504876097,0.06901943449321923
13,6.0,17,14,0.4068834152532611,0.6889142652365097,0.07034395542161666
22,7.0,17,14,0.4051324315695244,0.6889167670349072,0.06866301083267382
8,3.0,17,14,0.40504216434581675,0.6891019189006432,0.06883205526492409
38,30.0,17,14,0.4031791007996226,0.6899608301871827,0.06611555963434884
30,30.0,17,14,-0.40458665136831795,0.6900727310408115,0.06958634039723166
62,26.0,17,14,0.4023045565113493,0.6904241084764462,0.06706544763421073
27,30.0,17,14,-0.4022181667382285,0.6905337831740175,0.06636698669237324
5,2.0,17,14,-0.4041970999852424,0.6908094391737996,0.07002961412315416
23,71.0,17,14,0.4017061380607944,0.6909251587542123,0.06626089158862572
11,70.0,17,14,0.40107640528741173,0.6913837113333052,0.06620863369310592
57,78.0,17,14,0.4018950043776378,0.6914620686749173,0.06864459562779826
15,1.0,17,14,-0.4045622684105222,0.691723668951403,0.07116559175433809
31,4.0,17,14,-0.4010723701315801,0.6918104293139525,0.06820374006918514
12,25.0,17,14,-0.3999552542104887,0.692147142976054,0.06695354242781666
50,70.0,17,14,-0.3985062750728574,0.6934269134811708,0.06751911306169626
45,37.0,17,14,0.39820715346004476,0.6934663745470891,0.06701371232028418
62,28.0,17,14,0.39707890144139585,0.6942203510635769,0.06651105998664943
15,17.0,17,14,0.3969940935304047,0.694496040581789,0.06555697738607849
14,4.0,17,14,-0.4001179007894696,0.694842144059389,0.07062903046541813
52,70.0,17,14,-0.39546703144165934,0.6953927580219175,0.06629258193092485
22,9.0,17,14,0.3958044435521748,0.6955236428245766,0.0675265408970652
49,19.0,17,14,0.39554222778000325,0.6958767953330343,0.06500225337357174
38,79.0,17,14,-0.396053685118661,0.6963044793684696,0.0688133644286189
56,4.0,17,14,-0.39761616621826523,0.6965911540328201,0.07032190444317457
62,1.0,17,14,0.3938681894583084,0.6966022262150837,0.06652239264782836
11,7.0,17,14,0.3940953845946256,0.6970187398760093,0.0677657016189846
42,33.0,17,14,0.39295928450395956,0.697372330085591,0.0668021212267374
57,19.0,17,14,-0.3937018303540253,0.6974878134528373,0.0646041997423178
11,12.0,17,14,0.3924780051447814,0.6977642045576842,0.0668610650780367
44,3.0,17,14,-0.39628606581633297,0.697865631187172,0.070454561512174
11,71.0,17,14,0.3916673820327657,0.6982549205984797,0.06542125107776608
22,4.0,17,14,-0.3947856884636134,0.6987491824780808,0.07012968270083142
0,17.0,17,14,0.3904801975491272,0.6993896048469287,0.06482948249637144
11,22.0,17,14,0.39013913364827213,0.700350177722657,0.06413303631484928
22,51.0,17,14,0.3886758360385852,0.7003821221620227,0.06600917050231132
1,4.0,17,14,-0.3915407344671388,0.7013402959902523,0.07000467969539871
49,9.0,17,14,-0.3895296321556523,0.7024914880393971,0.06954413081094168
34,30.0,17,14,0.38530267906996335,0.7029602577877049,0.0647956824123879
18,63.0,17,14,-0.38631015086048004,0.7031697896749725,0.06765018736403
36,19.0,17,14,0.38524790900980815,0.7035003392923733,0.06411398117453106
17,21.0,17,14,0.3836853091098966,0.7040705747961112,0.06487336252042496
45,31.0,17,14,-0.38462546149934956,0.7042825245416604,0.06736198134605285
57,68.0,17,14,0.38448558067724875,0.7043052734671194,0.06725499435181137
25,32.0,17,14,0.38291919446153533,0.7046564258370587,0.06473784502919191
18,39.0,17,14,0.38290116156751003,0.7047900392183557,0.064471140851156
13,33.0,17,14,0.3829105255389266,0.7048569893330211,0.06623924961328137
11,72.0,17,14,0.38208090159891306,0.7052838912511292,0.0646376896441632
58,17.0,17,14,0.38181699944726794,0.7060577172514695,0.0638177452946489
17,25.0,17,14,0.38028580585987476,0.7067660635532002,0.06598693658694606
59,65.0,17,14,0.38044172680177707,0.7073222525018588,0.06696254415018173
22,71.0,17,14,-0.379817219723723,0.7074068206037526,0.06643227210180094
62,27.0,17,14,0.3782443107832268,0.7080152443366637,0.06505422276526429
12,23.0,17,14,-0.37743811806335736,0.7086132073033888,0.06457810446788906
38,66.0,17,14,0.3778010888726153,0.7086863583794043,0.06595237003799231
27,4.0,17,14,-0.3812279917833756,0.7087034385096189,0.06887257124035158
11,11.0,17,14,0.377119020368354,0.7091144552535869,0.0657659191707106
50,69.0,17,14,-0.37626850361415726,0.7096677886318852,0.0655535349171167
50,5.0,17,14,-0.37954084389563936,0.709764707478638,0.06857007986857035
3,71.0,17,14,0.37553490224649094,0.709995660668613,0.0646600277618724
18,8.0,17,14,0.3751722978546571,0.7105844710523332,0.0656744310742755
3,3.0,17,14,-0.37645988829626664,0.7106169288902813,0.06701705030205574
57,77.0,17,14,0.3749524338022022,0.7111369655003887,0.06622615927482858
23,72.0,17,14,0.3738481049182457,0.7113201163820956,0.06403885750063479
5,25.0,17,14,0.3735230094182954,0.7116023559642213,0.06390779777365241
26,4.0,17,14,0.37324461959016497,0.712448115130949,0.0661492100465317
45,20.0,17,14,-0.3720068573976073,0.7125957216225938,0.06447500952600481
18,34.0,17,14,-0.3720284157566299,0.7128308519047464,0.06529270442070115
3,22.0,17,14,-0.37254388327430604,0.7129126951891638,0.06310113728774486
27,49.0,17,14,0.3713019943119318,0.7131684765882447,0.06473818266125393
7,5.0,17,14,-0.37489821173103877,0.7132627119625101,0.06821359285088809
19,29.0,17,14,0.3722181605064842,0.7135420554168322,0.0627934750877159
51,5.0,17,14,0.3697304568828892,0.7144312053128954,0.06491235432745217
11,73.0,17,14,0.36958824443975924,0.7144789474804312,0.06366141331258758
46,1.0,17,14,0.368993984675772,0.7148965385089667,0.06464731679558985
0,72.0,17,14,-0.37135545441268014,0.7151943796468032,0.06733086008967963
56,78.0,17,14,0.3683327301990435,0.715319762101942,0.0643289720415877
58,24.0,17,14,-0.3681117486669015,0.7154698852394452,0.06421108733193853
32,6.0,17,14,-0.37036983925208455,0.7161280805672968,0.06741911761384892
30,57.0,17,14,-0.36964911230701414,0.7163821580217522,0.06711976000716657
19,11.0,17,14,0.36725262730281744,0.7165357408174716,0.06521213752111371
0,73.0,17,14,-0.3686869450942669,0.7171412076764077,0.06707759593016686
20,12.0,17,14,-0.36763058181835356,0.7176585373541562,0.06675723529050592
47,7.0,17,14,0.36697099790279825,0.7176712700741567,0.06626192968337932
60,4.0,17,14,0.36695274580770915,0.7176969281505039,0.06627219105585429
0,71.0,17,14,-0.3673513281275281,0.7181097566937911,0.06694590415351033
45,12.0,17,14,0.36415754610524653,0.7183931470053291,0.0639460353659149
46,38.0,17,14,0.36320195891985496,0.7191580287868953,0.06327572971883587
28,6.0,17,14,0.365058110142038,0.7198243787002336,0.06676373538911516
12,4.0,17,14,-0.36477085275756016,0.7206158447241344,0.06721105575290326
11,28.0,17,14,-0.36110599354164863,0.7206918703486231,0.06393013731700672
53,5.0,17,14,-0.3641413036377376,0.720814023687948,0.0669417606932836
31,15.0,17,14,0.3607434614518262,0.7209214233873327,0.06331062008744295
18,5.0,17,14,-0.36404157035062706,0.7210870968684155,0.06709294025161662
12,26.0,17,14,-0.360547262430998,0.7211225577757001,0.06394742772761776
24,18.0,17,14,0.35975739407131346,0.7216353713694261,0.06345349080562859
25,18.0,17,14,0.3608356110149814,0.7221822468591956,0.061856902805831906
48,3.0,17,14,-0.36227448186466327,0.7226295541229582,0.06712178574510003
4,1.0,17,14,-0.35910200919182755,0.7228416213920026,0.06492237488564478
44,22.0,17,14,0.3568848320230833,0.7238750505247418,0.0637848740410872
0,70.0,17,14,-0.3585204733099154,0.7245604048313458,0.06611659067838871
47,16.0,17,14,0.356283034125679,0.7246478149862579,0.062193693281322265
57,69.0,17,14,0.35640782214628564,0.7249382889214365,0.06482100256922105
50,19.0,17,14,0.356526294299136,0.724942839892123,0.06182027342604911
0,74.0,17,14,-0.3574156861419057,0.7253774278355039,0.06602140202596762
20,23.0,17,14,0.3545829445505771,0.7254751028531066,0.06291471214893359
42,23.0,17,14,0.3549706972349194,0.7255944812998154,0.06212864611040361
28,3.0,17,14,-0.3569832760083721,0.726273061419942,0.0664466995740742
17,1.0,17,14,-0.35655172414885944,0.7265099688457186,0.06634468737973641
18,46.0,17,14,0.3529628051930011,0.7268175811380386,0.06356948220691042
46,15.0,17,14,0.352404111756134,0.7274637366216452,0.06198602096642353
11,74.0,17,14,0.35201724282448077,0.7274775922712704,0.062366381402768095
50,68.0,17,14,-0.3516705013950851,0.7277993397775702,0.06352073439765463
42,14.0,17,14,0.3513954573157184,0.7278465780270924,0.06300764288202135
26,20.0,17,14,0.35034254903469636,0.729110193821066,0.0617247440361468
47,20.0,17,14,-0.34914757702771576,0.7295011242224103,0.06266456763207479
39,4.0,17,14,-0.3521139628930767,0.7297697429340575,0.06593971067114719
23,73.0,17,14,0.34874884158396036,0.7298835524732368,0.06218191669154956
6,4.0,17,14,-0.3518998240745934,0.7299847532863711,0.06596471398607356
3,8.0,17,14,-0.34819093789410627,0.7317995934393453,0.06489327358101915
50,36.0,17,14,-0.34595386751891577,0.7318935009229299,0.06263276018735091
3,79.0,17,14,0.345806097850655,0.7320341585150927,0.06275894625347718
13,26.0,17,14,0.3449820287276188,0.73259818120388,0.06230944624506447
16,2.0,17,14,0.3461154799006006,0.7327834710814358,0.06421122351741781
57,76.0,17,14,0.3455670589211059,0.7328337018968276,0.06378696045695446
39,6.0,17,14,0.34667562630000026,0.7329158953669623,0.06476080415807971
59,66.0,17,14,0.34552794946875354,0.7331009814376526,0.06404381722424718
0,69.0,17,14,-0.34507075332233783,0.734429764328117,0.06489688845639344
19,19.0,17,14,0.3429393631074107,0.7345694682230344,0.06126268222557135
57,39.0,17,14,0.3423828065653803,0.7348081246879652,0.063010869989362
22,52.0,17,14,0.34122968511296137,0.7354222818359963,0.06235245839290002
11,29.0,17,14,-0.34124279590120576,0.7354399144665179,0.062456658169496464
22,70.0,17,14,-0.3411420475919878,0.7359336027717458,0.06320915817563996
30,50.0,17,14,0.34048239866529134,0.7365238517862294,0.06328252097857605
44,18.0,17,14,0.33894664275288894,0.7371273777443995,0.06164451155715779
59,21.0,17,14,0.3380436939375785,0.7378800918755626,0.06137224703288685
56,79.0,17,14,0.33784908236449573,0.7379332660023299,0.06206796505904878
11,27.0,17,14,-0.3377977177316357,0.7379779895155063,0.06209498809562475
52,69.0,17,14,-0.33749940991871324,0.7381712312191698,0.06181130163837286
50,14.0,17,14,0.3375057987546763,0.738211977587248,0.0615087291143417
5,6.0,17,14,0.33887187784726414,0.7382157611605646,0.06367827399727032
38,78.0,17,14,-0.3388335294966819,0.7382655689631057,0.0636953997073775
57,32.0,17,14,-0.33778888985393263,0.7386283693701602,0.06318932873846812
11,38.0,17,14,0.33595319819743996,0.7393300054898673,0.06160168244762809
31,5.0,17,14,-0.33620875415979884,0.739381794390311,0.06250468570764334
0,75.0,17,14,-0.3372943381942198,0.7401686658346133,0.06422214624059534
36,26.0,17,14,0.33475440220705366,0.7404687221286128,0.06093685793465229
4,19.0,17,14,0.33468319902240756,0.7411851608827917,0.06037189808193906
9,16.0,17,14,0.33366088462503973,0.7412398576541954,0.062241762847525355
18,62.0,17,14,-0.3339049094526877,0.7417322190163016,0.06311023409756297
54,2.0,17,14,-0.33462782749719294,0.7419306114779718,0.06382622157038695
3,78.0,17,14,0.3318210939762136,0.7424564197240504,0.06173550941515791
7,79.0,17,14,0.3315312632770881,0.7430935572855095,0.06247457195425177
45,13.0,17,14,0.33007099695709863,0.7437249861777193,0.06118747319254825
27,50.0,17,14,0.32968927206298027,0.7441137272242451,0.061764088085379046
11,75.0,17,14,0.32911712970925194,0.7445356026301635,0.06079244030985679
17,24.0,17,14,0.3285705471938868,0.7450036330514207,0.061797888782928065
57,70.0,17,14,0.32920794615855026,0.7451201288560747,0.062631019661359
47,36.0,17,14,0.32864446908379374,0.7453065116965951,0.062328623804295526
23,74.0,17,14,0.3274758005143594,0.7457469367355605,0.060718895894764355
3,72.0,17,14,0.32651870421413276,0.7463818646711511,0.0611551251144712
26,24.0,17,14,0.32621997318178014,0.7466244912593838,0.060820546927421434
12,34.0,17,14,0.3260064867830226,0.7468519859659642,0.061461518404644845
50,67.0,17,14,-0.32577694008699337,0.7470661796793326,0.06154227026200803
5,3.0,17,14,-0.3268471759467268,0.7476288349779292,0.06312338821981237
3,19.0,17,14,0.3257851559784373,0.7477362128563967,0.05987117447089501
52,35.0,17,14,0.3246463648738244,0.7479624189192965,0.06036061909543685
49,20.0,17,14,0.32481055045394586,0.7479725697054365,0.06020520902257137
49,12.0,17,14,0.3243976495054164,0.7480026617309913,0.06118625152044244
27,35.0,17,14,0.32388595772139983,0.7484462855182221,0.0604582047881613
0,68.0,17,14,-0.32526536773511705,0.7490543314775028,0.06319224909575347
12,27.0,17,14,-0.32301029819037214,0.7491299509999737,0.06132932452790414
17,22.0,17,14,0.3227164048555651,0.749226699771226,0.06084851462675624
46,19.0,17,14,-0.3222695711196818,0.7495972131177037,0.060508029202488704
4,5.0,17,14,0.32174980888705407,0.7504014055077624,0.06174456384911909
47,31.0,17,14,-0.32205724276861736,0.750729481921789,0.062344975493947075
48,19.0,17,14,0.32097735233108293,0.7507995070037784,0.060011512249038716
25,7.0,17,14,0.31852127564922894,0.7525463964097133,0.061114547242181363
57,75.0,17,14,0.31876189038921554,0.7528288752212788,0.061741419903915976
3,2.0,17,14,-0.3180703724396121,0.753560743180975,0.06190417624865372
59,67.0,17,14,0.31794774487768157,0.7536897058036353,0.0619299883820143
3,77.0,17,14,0.31455859706439065,0.7553907393019343,0.060534711694104903
0,16.0,17,14,0.3141197548367252,0.7557991881204473,0.059784746278778264
15,24.0,17,14,0.31416720973293866,0.7559927182938349,0.06108065445917466
13,4.0,17,14,-0.3154376025577784,0.757043833281086,0.06288273947596065
23,75.0,17,14,0.31182700102137395,0.7574877946343614,0.05970756189197653
27,25.0,17,14,-0.31093088945799213,0.7582177735877041,0.05955042634521484
62,0.0,17,14,0.3102433925187135,0.7586636694872055,0.06032886710987401
12,16.0,17,14,0.3092318072783125,0.7594552980583615,0.0595158175012306
22,38.0,17,14,0.30894447876934655,0.7597470823378416,0.05937631632102401
0,76.0,17,14,-0.3107507731361308,0.7598502774821185,0.06202034733370189
27,63.0,17,14,-0.3088651946840908,0.759922101333545,0.06063583678415987
22,12.0,17,14,0.30863284910936695,0.759951783503894,0.06038814069207715
30,56.0,17,14,-0.309313928643603,0.760892155247094,0.061885367174822875
22,53.0,17,14,0.30667003424554423,0.7613189639750402,0.05998366057062841
60,1.0,17,14,-0.3083313246979606,0.7615643502984054,0.061763112731548504
22,69.0,17,14,-0.30665305552639727,0.7617087838277211,0.06064019878328011
57,71.0,17,14,0.30666434905607654,0.7619821030069853,0.06094249849258335
59,79.0,17,14,0.30618858945187893,0.7624304434846984,0.060994810373588636
17,23.0,17,14,0.30438679782086386,0.7630686425548092,0.059924719076064656
30,34.0,17,14,0.30442887653482226,0.7631868270906478,0.06022289575180215
52,48.0,17,14,0.30371301625383756,0.7635781432169683,0.05924862148745103
27,51.0,17,14,0.3034487532648942,0.7638713843445134,0.060067398065163924
4,27.0,17,14,0.30345570748557726,0.7639595696331223,0.0589471080091105
38,67.0,17,14,0.30356663790731403,0.7640003241757715,0.06038867870641217
11,76.0,17,14,0.30310870268363843,0.7640655987449464,0.059145081267001076
23,76.0,17,14,0.3029085929982339,0.7642051403778369,0.059155131071788214
59,78.0,17,14,0.30335630461525687,0.7645631863373763,0.060795726182673815
42,6.0,17,14,0.30321035461643964,0.764926298953281,0.06100622321388991
21,4.0,17,14,-0.30385311843564,0.7656217561256468,0.06191447931961942
42,4.0,17,14,-0.3036823142291698,0.7657161319868103,0.06187894483891324
42,32.0,17,14,0.30070027294433277,0.7659360121064958,0.059870752429842355
50,66.0,17,14,-0.30015852558921263,0.7662998501632557,0.05974778882604842
12,7.0,17,14,0.30070299826110725,0.7664230995981418,0.06047917702353856
23,77.0,17,14,0.29977721994911055,0.766568945017631,0.058963508505121234
23,78.0,17,14,0.2992008052963351,0.7670065004020373,0.058924166386043114
58,21.0,17,14,-0.2990521477768964,0.7671110044341912,0.05893074519611086
57,74.0,17,14,0.2991062443285525,0.7676097793015627,0.0603524126579471
3,76.0,17,14,0.29705699989359885,0.7685775057234533,0.05938148996488469
59,68.0,17,14,0.29791308756798823,0.7687594129757129,0.06049940489550566
2,6.0,17,14,-0.2990881612563562,0.7688104720394345,0.061292922538766705
23,79.0,17,14,0.29674368763500875,0.7688661250359181,0.058770136523521796
10,4.0,17,14,-0.29922121201826724,0.7688805954969045,0.06141840579472531
0,56.0,17,14,0.29702688880347605,0.7690654188267411,0.06009578748412499
22,10.0,17,14,0.2966380471736243,0.7692015695204367,0.05989150394088308
19,28.0,17,14,0.29589754642818883,0.7702415480008071,0.058082878118657186
12,17.0,17,14,0.29501760178704334,0.7703040125056628,0.058477676005835366
3,73.0,17,14,0.2946246019003637,0.770393827677557,0.05913693901923977
0,67.0,17,14,-0.29653971201922896,0.7704490266037086,0.06091131661213932
11,30.0,17,14,-0.29395220341883,0.7709383755309303,0.059227016765339056
18,25.0,17,14,-0.29305981982299845,0.7715716361365692,0.05878594406281493
20,22.0,17,14,0.29302548985214755,0.7716201760607369,0.05868620568282434
44,21.0,17,14,0.29242722581865344,0.7720905881020792,0.05912692126110859
57,72.0,17,14,0.2926648864099103,0.7725062532643105,0.05994750634163729
38,24.0,17,14,0.2918865648176623,0.7729197949019045,0.0580757343754001
61,6.0,17,14,0.292989165402469,0.772946414099559,0.06052886062643908
24,17.0,17,14,0.2908814128795055,0.773224075818676,0.058892463636251294
45,36.0,17,14,0.2907365968414349,0.7734489620044752,0.05919660646397551
12,28.0,17,14,-0.2901991902743888,0.7739037642631768,0.05924419733089546
59,77.0,17,14,0.2905227386690642,0.7742518701034151,0.05991778716011526
42,24.0,17,14,0.2894286909196925,0.7744423481800158,0.05826973984038469
26,21.0,17,14,0.28952196126857255,0.7745496753725367,0.05807199441129472
57,73.0,17,14,0.2899152808466062,0.7745628111333095,0.059742887020459094
51,3.0,17,14,-0.2906839013715275,0.7748395813412963,0.06047663723091652
18,61.0,17,14,-0.2883918455981427,0.7758088298284264,0.05972710826357384
45,14.0,17,14,0.2860894806706728,0.7768895431599158,0.058232598347804226
54,5.0,17,14,0.28711915770500274,0.7773404578624302,0.060091938712048217
18,23.0,17,14,0.28597632933773565,0.7773661445472488,0.057766126511172244
34,6.0,17,14,-0.28682527621513015,0.7779126369448972,0.06031496894238979
22,54.0,17,14,0.284659402785157,0.7779621635416147,0.05860675492155234
3,75.0,17,14,0.28404242443967936,0.7784271581074231,0.05855924581474594
18,38.0,17,14,0.2838859626087985,0.7786020757654301,0.05801877284825842
44,19.0,17,14,0.28291982750463374,0.7792491504796338,0.05824832295734425
59,69.0,17,14,0.283829854057505,0.77940333212931,0.0595444174008339
42,9.0,17,14,0.2833644887801348,0.7794225681721447,0.059217928273213344
46,33.0,17,14,-0.2830242124170395,0.7795490721252442,0.059059730350752876
12,22.0,17,14,-0.282274584940625,0.7798041605993784,0.05796641247916679
32,7.0,17,14,0.28273741191772445,0.7803187427360122,0.05954245197311563
3,74.0,17,14,0.2814081377536565,0.7804191203988508,0.05837434224644874
5,20.0,17,14,0.28141023485274475,0.7808342906951535,0.057511326239009994
0,77.0,17,14,-0.28246996252904377,0.7810203218064067,0.05988804624125486
46,0.0,17,14,0.28063075531986753,0.7811201579784303,0.05858587373322674
27,52.0,17,14,0.2805310596704469,0.7812488977817658,0.05866337715235447
18,47.0,17,14,0.28035390907382723,0.7814313209514958,0.05871935944485765
40,4.0,17,14,-0.28203701578090756,0.7815058625439426,0.05996459462389726
11,77.0,17,14,0.27788873422882676,0.783154193776486,0.0576829354430346
22,68.0,17,14,-0.2767435754388471,0.7842965042719464,0.05864405582599436
50,65.0,17,14,-0.2762545937842818,0.7843903888429671,0.058219133846890314
52,68.0,17,14,-0.2761230339633531,0.7844123383410598,0.057867247971392886
27,31.0,17,14,-0.2757414088623869,0.7847391638081321,0.057664058424310105
40,7.0,17,14,0.2745259641090301,0.7865081545197087,0.058976574821109795
52,30.0,17,14,-0.27311666690268005,0.7866991701184056,0.057713428685763936
26,23.0,17,14,0.2726478893200325,0.7871403080776334,0.057392503370121285
59,17.0,17,14,-0.27291577361340147,0.7873639236062954,0.05856614386818742
59,76.0,17,14,0.2731813251363487,0.7874017536976909,0.05879001379963404
59,70.0,17,14,0.2731292350771019,0.7875135449541814,0.0588441660368358
15,18.0,17,14,0.2718191234218515,0.7877387390960248,0.057409664459982766
22,55.0,17,14,0.27163331007299135,0.7878638317047397,0.05784263421044921
25,0.0,17,14,0.27139963020689395,0.7880913400874945,0.057322890177685756
12,15.0,17,14,0.27115038958721316,0.7882009122578568,0.057535432830547975
52,29.0,17,14,-0.27103292257662215,0.7882988822080528,0.05748078530235973
3,28.0,17,14,0.27145510083577884,0.7883341124112818,0.05702574738736543
15,2.0,17,14,-0.2720990920853837,0.7893183597498332,0.05946824547108735
38,77.0,17,14,-0.2702443104646122,0.7896905623660284,0.05864929123514799
49,29.0,17,14,0.26744886897395403,0.7912522472557246,0.05794684615949076
44,20.0,17,14,0.2669014070347134,0.7914434714158538,0.0574742424252275
31,6.0,17,14,-0.2656495573745568,0.7924787532041839,0.057626539246228264
22,11.0,17,14,0.2654714301564442,0.7927813344438714,0.057857125680307896
34,22.0,17,14,0.26335530799954504,0.7943416288945171,0.05674269761545588
13,32.0,17,14,0.2629487000620842,0.794695670992821,0.057698420249036715
59,71.0,17,14,0.2636636040681137,0.7947019646277782,0.058242401058837046
45,32.0,17,14,-0.26300102586745955,0.7949777413725553,0.05801896407934734
11,37.0,17,14,0.26143661752948816,0.7956041946257113,0.05704801285648712
27,6.0,17,14,0.26259637326722524,0.7957964805153432,0.058377513290307895
57,38.0,17,14,0.26129428883522243,0.7959607892340714,0.05760579594519542
22,56.0,17,14,0.2608771093082552,0.7960687160118027,0.057242065692535433
26,22.0,17,14,0.26097982793408125,0.7961282829858738,0.056646893614482545
19,20.0,17,14,0.26020285671117277,0.7967893935107317,0.056540949635770284
46,37.0,17,14,0.25950452214579645,0.7970838539440164,0.0569001440521343
58,27.0,17,14,0.2577985513306206,0.7983869173352738,0.05693690780686718
20,21.0,17,14,0.2577422922794721,0.7984903065996427,0.05662937552520224
11,23.0,17,14,0.25775008655456505,0.7988805806821898,0.05625942803121985
11,78.0,17,14,0.25718237721503934,0.7989302003885204,0.05657964898007166
59,75.0,17,14,0.25802827393438305,0.7989456126281718,0.05786081673947889
38,29.0,17,14,0.25716464553073426,0.7989861387927104,0.05651690733737152
0,78.0,17,14,-0.2574231533687321,0.7999303477367283,0.05818168846953601
0,66.0,17,14,-0.2572452761719383,0.8000418276745322,0.058155430193511576
50,64.0,17,14,-0.25481385945423607,0.8007271763060542,0.05696716829071109
59,72.0,17,14,0.2551225356952953,0.801199921139766,0.057714592567925035
3,1.0,17,14,-0.25471960612393757,0.8012319903240975,0.05747356624053835
4,2.0,17,14,-0.2545822204067264,0.8013430101985806,0.05747079232480297
25,31.0,17,14,0.2528237768611722,0.8022508792148298,0.056377908905395374
57,17.0,17,14,0.253714389004401,0.8023383954890632,0.05587766954742926
48,31.0,17,14,0.2533476567133564,0.8023650728554601,0.05746441393392732
27,53.0,17,14,0.2527011332790901,0.8024699554764217,0.05704985760043026
25,1.0,17,14,0.2524765475000092,0.8024949641180007,0.05640315195528486
31,14.0,17,14,0.25242352959405945,0.802498015117378,0.05653173699659356
11,26.0,17,14,-0.2518006244214672,0.8029721018897273,0.05658761245525808
18,60.0,17,14,-0.2520099762562221,0.8033950503804225,0.057392950113261745
17,2.0,17,14,-0.2525123807471172,0.8041271181980167,0.058146095598104824
12,29.0,17,14,-0.2504197922524851,0.804225865697634,0.05693640657948463
22,67.0,17,14,-0.24953629625709345,0.8050163753718264,0.05701327102479903
45,19.0,17,14,-0.24910152611979822,0.8050455222192672,0.05633685402390223
59,74.0,17,14,0.24976143475462442,0.8052680888624608,0.0573792858161542
59,73.0,17,14,0.24946105389833834,0.8055101636383386,0.05737077962601114
49,21.0,17,14,0.2474088746504842,0.8064712084097547,0.056003515129098125
22,35.0,17,14,-0.24688025257708235,0.8067417535902094,0.05633872367811091
6,6.0,17,14,0.2460168040811856,0.8083838854975657,0.05733284298258971
3,26.0,17,14,-0.24453647893323863,0.8088689561722039,0.055696846893515
11,5.0,17,14,-0.2461186713609204,0.8088796788752055,0.057681347653386554
22,57.0,17,14,0.24413369212005473,0.8088877029387814,0.05635440644687746
11,79.0,17,14,0.24273738237118553,0.8099876248791932,0.05586124781874112
38,68.0,17,14,0.24264823232320973,0.8103359278266278,0.056675267735256565
20,20.0,17,14,0.2413111595919623,0.8111099169861482,0.0557520232056652
42,13.0,17,14,0.24038973200610508,0.8118435485436829,0.05630654781277952
0,79.0,17,14,-0.2383736421576037,0.8144071572981152,0.056997459333309686
12,8.0,17,14,0.23725406562686985,0.8145802298743781,0.05647481197441219
50,63.0,17,14,-0.23570949425456272,0.8153657299558948,0.055945853365241126
25,28.0,17,14,-0.23570336542437625,0.8153687742448961,0.05555675798114376
20,19.0,17,14,0.23546213767218327,0.8156264696802082,0.05544441626138074
46,16.0,17,14,0.23476562715969246,0.8162894084716745,0.05529713153178764
30,55.0,17,14,-0.2334359149435457,0.8181549306187168,0.05669631719679486
20,18.0,17,14,0.23211164831963285,0.8182046542685258,0.055286320614165316
22,24.0,17,14,0.23231583455437776,0.8185125453867701,0.054995255768606345
30,31.0,17,14,-0.23178296940687307,0.8188944195752792,0.056267919027651714
59,20.0,17,14,0.2309301561706814,0.819015407614408,0.05538253194480863
25,2.0,17,14,0.2297868172151155,0.819880284598552,0.05537612203593518
12,18.0,17,14,0.22966982969484345,0.8201949375923026,0.0550756476921445
23,5.0,17,14,-0.2309685706725358,0.8205798033258614,0.05684637879137139
19,27.0,17,14,0.229575741710701,0.8206276455878642,0.05487176589971208
11,31.0,17,14,-0.22876235297983363,0.8206941333865923,0.05556824911889221
0,13.0,17,14,-0.2280803830123014,0.8213497958328219,0.05573471547463981
50,20.0,17,14,0.22770953489533846,0.8219958982736195,0.05482095908007628
52,5.0,17,14,-0.22857420848673518,0.8222206127822534,0.05660921828635751
3,11.0,17,14,0.22502155475534213,0.8238665282159069,0.05573967730302207
18,59.0,17,14,-0.22456813132159417,0.8243842221645461,0.055848536064824116
52,59.0,17,14,0.22364994136506053,0.8246178643444579,0.05505764097113638
20,17.0,17,14,0.22255182567188006,0.8255364225526911,0.05488741560530513
24,13.0,17,14,-0.22329928211737282,0.8256565450072973,0.05597786298692615
22,66.0,17,14,-0.22150764686858662,0.8265161387591327,0.0555141182759867
24,16.0,17,14,0.2211315867181581,0.8265809042631513,0.055218295402112365
42,31.0,17,14,0.22111278825735253,0.8266762907140076,0.05534347626254826
57,33.0,17,14,-0.21991159877944988,0.827899791798365,0.055560780705133414
52,60.0,17,14,0.21921890870999253,0.8280363319540005,0.05485479695551273
45,15.0,17,14,0.2189681191208621,0.8282804746370527,0.054754312852586126
27,54.0,17,14,0.21875550574799987,0.8285341695875039,0.05527726500671833
42,25.0,17,14,0.21810699824419083,0.8288805229771393,0.054850163702173674
50,62.0,17,14,-0.21809269404763407,0.8289279415762929,0.05508131982315632
30,51.0,17,14,0.21803926827765863,0.8294090038171716,0.05551534176085877
50,37.0,17,14,-0.21739578605751303,0.829423674836339,0.054912351331526214
47,17.0,17,14,0.21645397348905415,0.8303527500340274,0.05451901329244561
9,14.0,17,14,-0.2171627485511773,0.8305728439432905,0.05576935039317004
36,20.0,17,14,0.2160043354344556,0.8307571966896597,0.05446067449008486
58,18.0,17,14,0.21604261786866624,0.8307638671797788,0.05443998380900594
22,58.0,17,14,0.2143955672521426,0.8317849050347215,0.05491575734438273
52,49.0,17,14,0.21381915881524852,0.8322014001195733,0.054627205094191625
28,4.0,17,14,-0.21565616604575377,0.8322573423965455,0.05595844904159851
3,9.0,17,14,-0.21455098478008242,0.8324086805408107,0.05553659451517645
25,6.0,17,14,0.2135606157415434,0.8324970749254246,0.054977696428131814
52,67.0,17,14,-0.21139151824288718,0.8340617711408878,0.054588457385055175
34,26.0,17,14,-0.2111765598117065,0.8342266020789169,0.05461472810706724
45,4.0,17,14,-0.21019025234126298,0.8364182477975398,0.05564824598074601
50,13.0,17,14,0.20762549498441524,0.836979753828936,0.05451455652290478
0,65.0,17,14,-0.2081489090662481,0.8374878044178019,0.05529431673844813
27,62.0,17,14,-0.20692085573721924,0.8376590190972057,0.05470848143663056
54,3.0,17,14,-0.20767491731261045,0.8379390484541243,0.055315243324833736
25,20.0,17,14,-0.20690017790835522,0.8379511933888472,0.05400366303072718
25,3.0,17,14,0.20550734072211627,0.8386117711555059,0.05437261994874584
15,4.0,17,14,0.20673299449604055,0.8387547579570739,0.05531317889560218
18,48.0,17,14,0.20501507117971038,0.839244916805028,0.054726732055829036
52,58.0,17,14,0.20411742095641866,0.8397021258266808,0.054220147095859164
50,44.0,17,14,0.20398157801286218,0.8397926540081354,0.054293560984918054
5,24.0,17,14,0.20354486740506156,0.8402230580821413,0.05407732914300641
18,58.0,17,14,-0.20373012404753954,0.8404184485102609,0.05480038968417066
47,35.0,17,14,0.2031838583991534,0.8407946359656414,0.054743603664941826
37,5.0,17,14,-0.20402837901105453,0.8409133842419998,0.05521359167416795
58,25.0,17,14,-0.20238077889594708,0.8410422129316341,0.05430054520550438
52,31.0,17,14,-0.20206689367270636,0.8412755050433354,0.054227384815476065
37,6.0,17,14,0.20203390915177977,0.8419799751594059,0.05487296315490295
0,57.0,17,14,0.20131649377099742,0.8422832148822378,0.05468756605674467
50,61.0,17,14,-0.20070260866716882,0.8423703991474166,0.05429814650513719
19,9.0,17,14,-0.20196709966648407,0.8425119863339944,0.05511537853285527
48,20.0,17,14,0.19804853142103188,0.8444410964664392,0.053903250736810286
50,45.0,17,14,0.19747550352952567,0.8448334269258366,0.0540394839659147
5,4.0,17,14,-0.19811289724349132,0.8452389616920974,0.05480763135948204
50,43.0,17,14,0.19674496006380435,0.8454003713879923,0.053977658901728565
43,4.0,17,14,-0.19774388030600154,0.8458040063477164,0.054923739388885257
47,32.0,17,14,-0.19600322188303584,0.8465298648226407,0.0545279454343448
56,5.0,17,14,-0.19659090873226523,0.8466864531081081,0.05486434149470919
20,16.0,17,14,0.19496867930540124,0.8468114964753819,0.05380754849091671
38,76.0,17,14,-0.19511297133835573,0.8471899418602125,0.05447069432170584
38,69.0,17,14,0.19453168855836278,0.8474195747731698,0.054303117218262226
0,15.0,17,14,0.19405764033497658,0.8474898560102218,0.05383838559092653
34,25.0,17,14,-0.19285801145267603,0.8484145731503316,0.05383429181188991
12,14.0,17,14,0.1926426081552127,0.84860702105705,0.05393708601644417
4,20.0,17,14,0.19306769010835537,0.8486733055657935,0.05347150683168976
47,5.0,17,14,-0.19398188589002552,0.8488074171750906,0.05478635307359621
31,7.0,17,14,-0.1921042649723398,0.8490181915775461,0.05390022282625985
27,23.0,17,14,0.19231785068994772,0.8490215377118991,0.053560212397893145
3,0.0,17,14,-0.19212426069124944,0.84924076517791,0.05416568312845753
12,30.0,17,14,-0.19015572688893317,0.8506808030876629,0.054011549626674676
52,61.0,17,14,0.18983239592556284,0.8507803248153907,0.053639842403219055
14,5.0,17,14,-0.19072416734547792,0.8512016850760451,0.054577372604853944
22,65.0,17,14,-0.1884169803966584,0.8520763920442063,0.053977438612098305
34,29.0,17,14,0.1881282271383956,0.8521156656631779,0.053551060225162636
18,7.0,17,14,0.18834324675078778,0.8523984433482152,0.054149672614948505
23,6.0,17,14,0.18823668470606705,0.8529977337950987,0.0544048371205716
44,4.0,17,14,-0.18824925648826152,0.8532685311063081,0.05452811564407129
18,57.0,17,14,-0.1859252750466861,0.854181982556663,0.053991200022173266
18,35.0,17,14,-0.1853528904429398,0.8542786494937505,0.05366586956190736
25,4.0,17,14,0.18521644153070946,0.8543647600063035,0.053620315576808256
19,21.0,17,14,0.18464424938145002,0.8549160268885067,0.05332053285738107
50,6.0,17,14,-0.1850667100187508,0.855414084855799,0.054244301854269414
15,23.0,17,14,0.18358629511838767,0.8557927202532551,0.05375052584673476
11,36.0,17,14,0.18293385648622476,0.8561232052951566,0.053465921620559964
61,5.0,17,14,-0.18428990714171262,0.8562977216037774,0.05433107709749744
55,4.0,17,14,-0.1835413236368323,0.856462542005936,0.05411560120946147
27,55.0,17,14,0.18237587153031423,0.8566780097741631,0.05365286580035626
50,60.0,17,14,-0.18225483647642607,0.8566843080537981,0.05354075277685834
52,34.0,17,14,0.1821356847587824,0.8567818766940234,0.05331260366019323
25,5.0,17,14,0.18068410569402021,0.8579264813145281,0.05351154092283675
8,2.0,17,14,0.18059517041234235,0.8582640080156742,0.05373417384955578
50,22.0,17,14,-0.17984875631097055,0.8587432653431842,0.05308693020214239
50,46.0,17,14,0.17953962814338523,0.8587640782020877,0.05334977138921911
48,5.0,17,14,0.17918811553040806,0.8600979196665531,0.0540396469158614
38,25.0,17,14,0.17774797380776683,0.8603791261563645,0.05301305313251056
26,3.0,17,14,0.17653894572211112,0.8614314718659619,0.0535794383450342
50,42.0,17,14,0.17441921539381897,0.8627503109436605,0.05311350531804021
57,37.0,17,14,0.1745249045970119,0.8628630096763692,0.05341089785442747
38,5.0,17,14,-0.17518844423873553,0.863206644973095,0.05386913584504205
19,26.0,17,14,0.17406573681868442,0.8634292695937686,0.05281096669884182
27,34.0,17,14,0.17283109001408392,0.8640202016518679,0.052983589031464676
5,21.0,17,14,0.1701228674222116,0.8663027545636459,0.05276200536609056
31,13.0,17,14,0.16949977876063088,0.8665830994645223,0.05293774991751182
15,19.0,17,14,0.1691668200979197,0.8668415645406646,0.05293201557313565
22,5.0,17,14,-0.1697507306332332,0.8673488230477339,0.05360834670713127
22,59.0,17,14,0.16850355723108432,0.8674052998820863,0.053050666797515696
49,10.0,17,14,-0.16888794319861672,0.8678306763645898,0.053495372203860816
55,5.0,17,14,0.16788025176954335,0.8681561728225351,0.05323418973621506
18,56.0,17,14,-0.16745422371182608,0.8685179063314323,0.05323499716229664
52,57.0,17,14,0.16692356318882814,0.8685966975978336,0.052829806096946236
33,6.0,17,14,0.16723869287216228,0.8691461222255578,0.05344296554719102
49,22.0,17,14,0.16599177398112042,0.8693457659336239,0.05275639838740209
53,6.0,17,14,-0.16675989062520194,0.869621037981176,0.05346545907427889
20,13.0,17,14,-0.16602090187402072,0.8696636297767604,0.053196641138376424
41,6.0,17,14,-0.16592054718824822,0.8699468360740783,0.05329346086519213
38,6.0,17,14,0.16462672946930365,0.8710420207320281,0.0532822726142766
12,33.0,17,14,0.16388066643077456,0.8710480442410414,0.0529277715263164
41,7.0,17,14,0.1637666404675553,0.871205281208927,0.05298081076589739
13,27.0,17,14,0.16317680278923402,0.871550707867947,0.052851149541435494
45,35.0,17,14,0.16329297890769834,0.8715529847447736,0.05294719519592207
50,59.0,17,14,-0.16188696012900636,0.8725459178632714,0.05279036046503745
60,2.0,17,14,-0.1626217875466179,0.8726911427816317,0.0532415637849224
42,30.0,17,14,0.1603232868700369,0.8738267637519133,0.05280609100039689
13,31.0,17,14,0.15789119721472109,0.8758028588366156,0.05278255190184591
43,5.0,17,14,0.15808671402841937,0.8761536202317295,0.05304031982287591
42,26.0,17,14,0.1562506830101113,0.8769259386268906,0.05256129203209979
42,10.0,17,14,0.1543735098843895,0.8787008912618853,0.05274891790849115
38,70.0,17,14,0.15421222606627585,0.878760449038199,0.05270772104574524
50,47.0,17,14,0.15381792833166502,0.878821353986803,0.052464818937539355
18,37.0,17,14,0.15284044415587586,0.8795947136408022,0.052361081434963826
0,64.0,17,14,-0.15307509343874146,0.8800130228684704,0.05283674966772793
42,12.0,17,14,0.1523073422878225,0.8801869701243633,0.05260663281727456
11,32.0,17,14,-0.15200525263342593,0.8802538742017527,0.052446663784814176
4,26.0,17,14,0.1520845244839678,0.880294904555341,0.05223873847854254
12,21.0,17,14,-0.1513322348520377,0.8808414524013284,0.0522424855953947
38,28.0,17,14,0.14946696596716477,0.882296853365351,0.052188845674521894
17,4.0,17,14,0.15028970717309909,0.8824060160014433,0.05281943061635408
46,36.0,17,14,0.14764373521282495,0.8836526543942448,0.05228534201103934
27,56.0,17,14,0.1469704666170121,0.8842549530453867,0.05235866538636
3,21.0,17,14,-0.14720867591314113,0.8842785707248307,0.05202489216316662
22,64.0,17,14,-0.14643205489600417,0.8847447599314872,0.052391168976180826
16,1.0,17,14,0.14684441619887076,0.8848442145337485,0.052604346852469966
36,25.0,17,14,0.14608852781073509,0.8849513708289972,0.05208167777355702
47,19.0,17,14,-0.14547671576948623,0.8853651782494036,0.05211936239609975
49,28.0,17,14,0.14556438353190987,0.8854026756098148,0.05234974488086705
18,55.0,17,14,-0.14534798987092498,0.8857399372379013,0.052436835456471736
52,6.0,17,14,0.1452941218280756,0.8860290576919918,0.05254108961871279
52,27.0,17,14,0.14418140183604652,0.8865676222731933,0.05196789200909702
52,28.0,17,14,-0.14376743670981706,0.8867364452982902,0.05203672183435162
52,66.0,17,14,-0.1431383327833738,0.8871731188085994,0.05209414312685673
52,50.0,17,14,0.14290461941935198,0.8873576121505671,0.052081511183946716
48,4.0,17,14,-0.14311945342543855,0.8881863568129249,0.052626289416052754
22,37.0,17,14,0.14177441561233037,0.8882749856409591,0.051998557112371224
30,54.0,17,14,-0.14037013100383933,0.889913421671034,0.05238973949213127
50,58.0,17,14,-0.1394801034018132,0.8900577134053878,0.0520682725376695
52,62.0,17,14,0.13929192218141376,0.8901931619870622,0.05196089888375783
48,30.0,17,14,0.1389144511565881,0.890814943163611,0.05224896643501528
58,20.0,17,14,-0.13820413383547717,0.891111524809021,0.051867094798711245
30,33.0,17,14,0.1368126112446891,0.8922758051583297,0.05209306571175358
34,27.0,17,14,-0.1363137930899233,0.8925156303539047,0.05190784566797639
50,41.0,17,14,0.1355501663752707,0.8931164182972064,0.051874514148801516
12,6.0,17,14,0.13539944835610535,0.8937480691434843,0.05220963316805613
27,32.0,17,14,-0.13323697061280054,0.8949439954615824,0.05178283570952742
18,49.0,17,14,0.13252265548916312,0.8956904864006013,0.05199401523530116
12,5.0,17,14,-0.13288806728266495,0.8959759570145,0.05221750897874925
20,15.0,17,14,0.13170436655625992,0.8961276403276948,0.05178922076619944
53,7.0,17,14,0.13080843580281798,0.8973105780051033,0.0520557368437276
19,25.0,17,14,0.1302433595642773,0.8975257694954261,0.05158629179641032
0,58.0,17,14,0.12858309739664786,0.8988908393677497,0.05192818652074711
27,5.0,17,14,-0.12801370353473876,0.899813167896576,0.05207078682500966
19,22.0,17,14,0.12695313957028428,0.899931398344696,0.0515713026088144
56,6.0,17,14,0.12747782968293356,0.8999962684259569,0.05198114413850949
22,6.0,17,14,0.12581579484040628,0.9011854278351166,0.05189393863582875
45,16.0,17,14,0.12520949959704808,0.9012703537315758,0.05154552881413435
40,5.0,17,14,-0.125379241852397,0.9017235625892336,0.05194466896110231
24,15.0,17,14,0.12460645840034303,0.9017692032013523,0.051697935412665555
50,48.0,17,14,0.12447613664349645,0.9018003547110939,0.051617004110412146
46,34.0,17,14,-0.12448866252407129,0.9018846597735825,0.05170971548421929
45,33.0,17,14,-0.1243037158056356,0.9021474743156986,0.05176476070209428
12,19.0,17,14,0.12334767289374464,0.9028093533453903,0.05145970042621248
52,56.0,17,14,0.12240775618985626,0.9034236190363598,0.05152691197937178
42,29.0,17,14,0.12201034973314956,0.9037929517557124,0.051619256190532044
31,8.0,17,14,-0.11947021618171562,0.90572727674106,0.05147971489628057
38,75.0,17,14,-0.11931216027183103,0.9061361713256955,0.05165721264902089
45,18.0,17,14,-0.11896680171246617,0.9061409340260875,0.051417529086666455
42,27.0,17,14,0.11838804801186172,0.9066034181136258,0.05149796293488671
18,54.0,17,14,-0.11767948850473427,0.9073755546145614,0.051597362975930455
50,57.0,17,14,-0.11557377844749757,0.9088039127999672,0.05141733544400673
42,11.0,17,14,0.11535977463027644,0.9091657874870851,0.05152433195273699
38,71.0,17,14,0.1145864447965054,0.9097539266670938,0.05149663825463325
27,61.0,17,14,-0.1141197793983732,0.9099873926402448,0.05141745522261451
46,18.0,17,14,-0.1123658446441238,0.9113567025519567,0.05124113313522315
57,34.0,17,14,-0.11245808637186723,0.9114322233770156,0.0514453124200635
27,57.0,17,14,0.11211120360651017,0.9115597407797896,0.051364558211589084
4,3.0,17,14,-0.11180482778106215,0.9119591947124339,0.05143430079662975
22,25.0,17,14,-0.11051900201374902,0.9128713521346781,0.051172036529598015
25,30.0,17,14,0.10941508459321965,0.9136553938981593,0.051189413800427186
22,60.0,17,14,0.10823503390430236,0.9145976754909093,0.05126672884995457
31,12.0,17,14,0.1079713870351309,0.9147655150365037,0.05118597206790039
42,28.0,17,14,0.1076138019923066,0.9150847110426813,0.0512513683052019
5,23.0,17,14,0.10640182920807972,0.916066262885274,0.051101134170305984
18,6.0,17,14,-0.10651443395525471,0.9164568667177015,0.051405860228327
44,5.0,17,14,0.10565031773018604,0.9171837187446353,0.05139627651142675
38,26.0,17,14,0.10304162685066261,0.9187323745108376,0.051022689393802
19,24.0,17,14,0.1020521218707812,0.9195594258851385,0.050987595076987184
15,22.0,17,14,0.10142816777444874,0.9199763181541405,0.05112865015990664
11,35.0,17,14,0.10097653452957273,0.9202657763170987,0.051061511059636217
12,31.0,17,14,-0.10095484113609135,0.9203688935895167,0.05112841448729476
5,22.0,17,14,0.10092181313759302,0.920400031088565,0.05098040931689109
50,38.0,17,14,-0.09999960429126421,0.9210329224402638,0.05102773860567689
34,7.0,17,14,0.10023433420742693,0.9211578012344549,0.051190464726642945
15,20.0,17,14,0.09971115990062432,0.9212657704702653,0.05104384040670338
11,25.0,17,14,-0.0990069073027828,0.9218266091950412,0.050984508083500725
19,23.0,17,14,0.09840013699339742,0.9223765441425164,0.050933964487789835
0,63.0,17,14,-0.09801472767750609,0.9229505213170608,0.05115272827668735
12,13.0,17,14,0.0974563378221478,0.9231019405856042,0.051043190164756475
8,0.0,17,14,-0.09716667494013638,0.9234120585785335,0.05107150524880959
6,5.0,17,14,-0.09736229343164521,0.9236713285881089,0.05118877891119106
3,20.0,17,14,0.0951119236945457,0.925087077102424,0.0508407630155925
59,19.0,17,14,0.09482763321434792,0.9251047861069387,0.05093340611428415
50,49.0,17,14,0.09481336774044109,0.9251183462832611,0.05093931893977431
48,21.0,17,14,0.09449416232522538,0.9253669643614013,0.05091571547939529
38,27.0,17,14,0.09381191074818535,0.9259649850523854,0.050856021836912
22,63.0,17,14,-0.09340300483682984,0.9263086140688388,0.05096655246287327
49,11.0,17,14,0.09293090342673717,0.9267555184405671,0.050985162415102446
17,3.0,17,14,-0.09346782665320845,0.926758648047066,0.05110508393770491
52,51.0,17,14,0.09165439122185833,0.9276035481548941,0.05086026883266927
52,32.0,17,14,-0.09109258536718712,0.9280455136596131,0.05085245455766618
50,56.0,17,14,-0.09086421967891985,0.9282368191602642,0.05087410186145801
30,52.0,17,14,0.09110482215199622,0.9282926359085754,0.050976879426997856
34,23.0,17,14,0.09049476388836407,0.9285437715462759,0.050811019303574595
12,9.0,17,14,0.08882461890270504,0.9300371854426559,0.05091624358783563
25,19.0,17,14,0.08827847369076819,0.9305112683605645,0.05071444658011678
11,24.0,17,14,0.08705159803647747,0.9312958353001892,0.05073347407457905
49,23.0,17,14,0.08633833561914539,0.9317911356645212,0.05076497678458117
26,0.0,17,14,-0.086414540773723,0.931845519214573,0.05084134487258711
4,23.0,17,14,-0.08466626048301948,0.9331986507974157,0.05068644841083196
14,6.0,17,14,0.08504501625484974,0.9332026367580919,0.05088646643442711
57,36.0,17,14,0.08326214246845395,0.934326613941086,0.050781351226875826
18,53.0,17,14,-0.08333262698323095,0.9343309942994835,0.050800646193513564
47,6.0,17,14,0.08319281499113383,0.9347008769325322,0.050857945457530446
52,55.0,17,14,0.08209634534205235,0.9351350300316834,0.05068926568650593
41,25.0,17,14,0.08102927820594694,0.935994275810937,0.05065331585586162
13,30.0,17,14,0.07988258572673265,0.9369627055896802,0.05071139643342711
34,24.0,17,14,-0.07955406583831379,0.9371426992436586,0.05064120493684146
4,4.0,17,14,0.07920176431374981,0.93755280098605,0.050716066460856996
50,40.0,17,14,0.07796888934956564,0.9383901383714387,0.05061946392936191
46,17.0,17,14,0.07773918287696462,0.9386321388582601,0.05058403496145236
15,3.0,17,14,-0.07767996373209642,0.9390881801128552,0.05076085266015079
59,18.0,17,14,-0.07686147179400911,0.93929774574199,0.050641362843884964
39,5.0,17,14,-0.07620036814411099,0.9402351556272468,0.050730204947993206
48,26.0,17,14,0.07532781943199104,0.9405457340376928,0.050631231996809384
50,12.0,17,14,0.0750914428985491,0.9406934193412807,0.05061239544692936
50,10.0,17,14,-0.07506588419581293,0.9408033757624469,0.05064217433157147
0,59.0,17,14,0.0746730813472242,0.9411893774977188,0.05065425047773987
15,21.0,17,14,0.07434744443872093,0.9412679797454978,0.05059439419810399
52,63.0,17,14,0.07431252189338095,0.9412764488240531,0.050558944918417455
1,5.0,17,14,-0.07428654146681521,0.9417717980990399,0.05070061516855048
27,58.0,17,14,0.07360184769919521,0.9418618430434782,0.05058559960985812
9,15.0,17,14,0.07375428811307082,0.9418631000736408,0.050626921133479025
48,29.0,17,14,0.07333610089208852,0.9422112210133295,0.050624401888139214
45,5.0,17,14,0.0730126500102438,0.9426976099909434,0.05066467427754688
47,34.0,17,14,0.07241579457531752,0.9429274107728427,0.05060703238796857
52,65.0,17,14,-0.07151409666786976,0.9434815256354072,0.05052061395033991
19,10.0,17,14,0.06998227537704187,0.9449360619147938,0.050586422901615594
38,72.0,17,14,0.06948187913246727,0.9452048862459768,0.05055156551812304
11,33.0,17,14,-0.06884331221628694,0.9455926165655841,0.05049908360072988
50,50.0,17,14,0.06636704670284023,0.9475436939380601,0.050460700390361705
18,50.0,17,14,0.06638217848085369,0.9476464742447496,0.05050365189021003
50,55.0,17,14,-0.06571072758569525,0.9480661117938066,0.05045601280517891
48,27.0,17,14,0.0649488652183639,0.9487519330825678,0.05047655598760474
48,25.0,17,14,0.06449427221208001,0.9490676454178982,0.050457989296904135
36,21.0,17,14,0.06376589559898066,0.949649311337734,0.05039202126763864
36,23.0,17,14,-0.06361912310592424,0.9497453909692776,0.050395263168720845
13,28.0,17,14,0.06319033293592467,0.9500883850666815,0.05043715972174126
47,33.0,17,14,-0.062230193233804666,0.9509628069695579,0.05045210104919113
2,7.0,17,14,0.061852621120041466,0.9513735145631922,0.05046624931720158
27,24.0,17,14,-0.06131479528589007,0.9515686029970989,0.05036569227661621
4,24.0,17,14,-0.06093778925023003,0.9518819842612393,0.05035747480774158
4,21.0,17,14,0.060141015483109066,0.9525581339220133,0.05033990069107326
52,52.0,17,14,0.05976126129679941,0.9527558634204949,0.050366651505529665
11,6.0,17,14,0.058357886199683594,0.9541022244305488,0.05041271516431796
31,11.0,17,14,0.057523179862509016,0.9545259344900111,0.05033532768797599
50,9.0,17,14,-0.057383537749235276,0.9547383279160973,0.050377068909544465
40,6.0,17,14,0.056841871017145766,0.9553047722961614,0.0503932587864141
52,54.0,17,14,0.0553906969117566,0.956207287337655,0.05031467184994779
48,28.0,17,14,0.054766837677018204,0.9568048231540474,0.05034435733359287
49,27.0,17,14,0.053602806025142606,0.9576632525924973,0.050317348347681125
25,29.0,17,14,-0.05278089235289857,0.9582813725759946,0.0502768898829779
31,9.0,17,14,-0.05219135155712117,0.9587346993324846,0.05027842889196413
50,21.0,17,14,0.0522245067627507,0.9588046244199426,0.05025530493515927
26,2.0,17,14,0.05039711495970329,0.9602364573397213,0.050289532075246716
60,3.0,17,14,0.05026377793694288,0.9604664812268975,0.0503067333479159
0,62.0,17,14,-0.04843029924981805,0.9618659458811496,0.05027935072900661
38,74.0,17,14,-0.04796338187489463,0.9621759190703019,0.05026567122941337
52,53.0,17,14,0.04750633507093942,0.9624354285251207,0.050231797401288206
22,36.0,17,14,-0.04735434785061983,0.9625578496333471,0.05022724707917191
47,18.0,17,14,0.04706649025007597,0.9628082614619797,0.050216482635851656
30,32.0,17,14,-0.04637482004052237,0.9634071944124651,0.05024508732961986
13,29.0,17,14,0.04253569632331647,0.9664016211243381,0.05020052306397505
18,52.0,17,14,-0.04156432045763229,0.967214617955604,0.05019890078099343
52,33.0,17,14,0.040869741551537775,0.967681736264381,0.0501693852676772
4,22.0,17,14,-0.04028363071264082,0.968196420769161,0.050154069652058944
50,54.0,17,14,-0.04009948839786735,0.9682921381703962,0.05016938961522307
36,22.0,17,14,-0.03988007408011427,0.9684880521956623,0.05015461814120946
22,61.0,17,14,0.03947210242062339,0.9688059771162896,0.050169797992780936
58,19.0,17,14,0.03945768207716778,0.9688331095115708,0.050149650221139215
50,51.0,17,14,0.03911380510408179,0.9690695392809051,0.050160204916855466
57,18.0,17,14,-0.03918631479728882,0.9691133827324607,0.05014124898413218
10,5.0,17,14,0.03708444060100822,0.9708546720087551,0.050169612455446086
27,60.0,17,14,-0.0360754647667263,0.9714842095061376,0.05014076700460672
48,24.0,17,14,0.03508154880086204,0.9722764409505783,0.05013457015056348
18,24.0,17,14,0.03472022730866928,0.9725626223279384,0.05011730379972289
0,60.0,17,14,0.03257635245498117,0.9743299140206101,0.05012510117381051
26,1.0,17,14,-0.031828896047366495,0.9748740771805076,0.05011475537930178
30,53.0,17,14,-0.030836625347095258,0.9757178881555099,0.05011363697518045
50,7.0,17,14,-0.030696693433626385,0.9758100696198292,0.05011103407834251
42,5.0,17,14,-0.0303941423990744,0.9761299713904512,0.05011534673846359
22,62.0,17,14,-0.03005075399298638,0.976253950548692,0.05009925330992057
48,22.0,17,14,0.029550494268390327,0.9766314542473731,0.05009230772037447
12,11.0,17,14,-0.028614792566934465,0.9774288667020116,0.05009458853862446
50,11.0,17,14,-0.02782895337803094,0.9780212904921222,0.05008667834132955
27,59.0,17,14,0.025778835273130345,0.979620052751996,0.05007172670235184
4,25.0,17,14,0.024334406468846978,0.9807725792797939,0.05005716737496101
24,14.0,17,14,-0.022039047939181995,0.98260296053136,0.050055207219356065
45,34.0,17,14,0.021616369480429786,0.982929298044704,0.05005250587008585
49,24.0,17,14,0.020870220583310287,0.9834942352065374,0.05004595616946134
46,35.0,17,14,0.020545335108133955,0.9837556342328393,0.05004538746614186
3,10.0,17,14,-0.020501412059287648,0.983836373892979,0.05004912929841457
12,32.0,17,14,0.018645492540270012,0.9852653764318632,0.0500382494491461
27,33.0,17,14,0.018503991608096865,0.9853663591574291,0.05003428068519067
21,5.0,17,14,-0.017826689330488973,0.9860117475204687,0.05004023996364877
8,1.0,17,14,0.01734676683222604,0.9863082722212086,0.05003431397161709
58,26.0,17,14,0.017292446784357502,0.9863225297368439,0.05003130251738544
11,34.0,17,14,0.016476705647253502,0.9869676941157304,0.05002842348051062
7,6.0,17,14,-0.016438024558824708,0.9870890729107706,0.05003374318733886
38,73.0,17,14,0.015493688493490736,0.98777390903383,0.050027544936423994
0,14.0,17,14,0.014559051126342726,0.9884852345185704,0.050022379965125374
13,5.0,17,14,-0.01461966324075332,0.9885257711486903,0.05002698737527111
12,12.0,17,14,0.014510408540030767,0.9885433766841785,0.050023825461745094
50,53.0,17,14,-0.013996860274548379,0.9889293307684686,0.05002058909906182
48,23.0,17,14,0.013492132453200861,0.9893329720761285,0.05001967646445795
54,4.0,17,14,-0.013132425465166195,0.9896740145515683,0.05002117685759219
49,25.0,17,14,-0.012503118776588848,0.990114668758922,0.05001688206224232
50,52.0,17,14,0.01243922208799979,0.9901610892017916,0.050016228583169314
20,14.0,17,14,0.012380876878072938,0.9902120731801126,0.05001661499597959
16,0.0,17,14,0.01221736630232973,0.9903884907918588,0.050018173436827885
57,35.0,17,14,-0.012112729042406054,0.9904374567102749,0.050016652711198456
5,5.0,17,14,0.011937032837739042,0.9906068376642136,0.050017281376367725
3,27.0,17,14,0.009520870895512902,0.9924812316217634,0.05000860882339083
45,17.0,17,14,0.009400265330712122,0.9925670899814409,0.05000874182557839
12,20.0,17,14,-0.00933867367752124,0.9926205994175834,0.05000841770044821
28,5.0,17,14,0.009385364283371694,0.9926361534554495,0.05001117435463056
12,10.0,17,14,-0.008445334397581335,0.993340219151926,0.050008312015858584
18,51.0,17,14,0.00823075888448784,0.9935050621986075,0.050007777841710156
50,8.0,17,14,-0.00784046223756639,0.9938128544820839,0.05000705267992897
31,10.0,17,14,0.006513611405747192,0.9948478176884785,0.050004303810126244
18,36.0,17,14,-0.0063976815088323535,0.994939255727416,0.050004235788185504
34,28.0,17,14,0.006152280881478352,0.9951336269705341,0.05000383898565165
0,61.0,17,14,-0.006042402860106731,0.9952388898846658,0.050004323800203025
36,24.0,17,14,0.003677771947205392,0.9970927678054722,0.05000132106346637
52,64.0,17,14,0.0021190847736248285,0.9983238179860034,0.05000045560818457
49,26.0,17,14,-0.0014192686607443499,0.9988782360544728,0.05000022074343634
50,39.0,17,14,-0.00046298468905037985,0.9996337686130532,0.05000002188812072
51,4.0,17,14,-0.0003236170042853173,0.9997448702436267,0.05000001227429
